raceId,year,round,circuitId,name,date,url,summary
1,2009,1,1,Australian Grand Prix,2009-03-29,http://en.wikipedia.org/wiki/2009_Australian_Grand_Prix,"The 2009 Australian Grand Prix (formally the 2009 Formula 1 ING Australian Grand Prix) was a Formula One motor race held on 29 March 2009 at the Melbourne Grand Prix Circuit, Melbourne, Australia. It was the first race of the 2009 Formula One World Championship. The 58-lap race was won by Jenson Button for the Brawn GP team after starting from pole position. Rubens Barrichello finished second in the other Brawn GP car, with Jarno Trulli third for Toyota.
Brawn GP became the first constructor since Mercedes-Benz at the 1954 French Grand Prix to qualify on pole position, and then go on to win the race on their Grand Prix debut. The race also became the second race in Formula One history to finish under stabilised safety car conditions—after the 1999 Canadian Grand Prix—following a collision between Robert Kubica and Sebastian Vettel, who were running second and third, on lap 56. This was Jenson Button's second Grand Prix victory, and his first since the 2006 Hungarian Grand Prix.
This also marked the first race since the 1997 European Grand Prix that cars competed using slick tyres.


== Report ==


=== Background ===
The Grand Prix was contested by 20 drivers, in 10 teams of two. The teams, also known as constructors, were Ferrari, McLaren-Mercedes, Renault, Brawn-Mercedes, Force India-Mercedes, BMW Sauber, Toyota, Red Bull Racing-Renault, Williams-Toyota and Toro Rosso-Ferrari.
The race saw the debut of Brawn GP, whose owner Ross Brawn had bought out Honda Racing F1. The Brawn cars were driven by Honda's former drivers Rubens Barrichello and Jenson Button. The race also saw the debut of Sébastien Buemi, driving for Toro Rosso. Buemi became the first Swiss driver in Formula One since Jean-Denis Délétraz in 1995. Buemi replaced Sebastian Vettel who had moved to Red Bull Racing replacing the retired David Coulthard.
Prior to the opening race of the season, McLaren and Renault planned to boycott the season opener due to money not being paid to the teams. However, the boycott was avoided and both teams arrived in Melbourne for the opening round. In a second dispute, several teams protested to the stewards about the legality of the Brawn, Toyota and Williams cars, with arguments that the diffuser on the cars were illegal. The protest was thrown out by stewards. However, the teams that initially protested, had appealed against the decision, with a FIA International Court of Appeal hearing set for after the Malaysian Grand Prix. At the hearing, the diffusers were deemed legal.
The race itself saw a later start time, Having started at 15:30 AEDT (04:30 UTC) in 2008, the race was moved to 17:00 AEDT (06:00 UTC) for 2009. However, the executives of the Australian Grand Prix rejected calls from Bernie Ecclestone to move it to a night race, just like the one held in Singapore, as they want to honour their current contract to 2015 of a twilight race.


=== Practice and qualifying ===

Three practice sessions were held before the race; the first was held on Friday morning and the second on Friday afternoon. Both sessions lasted 1 hour and 30 minutes with weather conditions dry throughout. The third session was held on Saturday morning and lasted an hour, and was also dry throughout. The Williams cars of Nico Rosberg and Kazuki Nakajima set the pace, ending up first and second with only five-hundredths of a second splitting the two. The only other driver that was within half a second of them was Kimi Räikkönen's Ferrari, who was marginally behind Nakajima. Rubens Barrichello set the fourth fastest time in the first official session for the Brawn team, outpacing teammate Jenson Button, who could only muster up the sixth fastest lap. Heikki Kovalainen was the faster of the two McLaren drivers in fifth, with teammate and reigning world champion Lewis Hamilton languishing all the way down in 16th, some 2.3 seconds off the pace of the Williams cars. Rounding out the top ten were Felipe Massa's Ferrari, the Toyota of Timo Glock, Adrian Sutil's Force India (thus meaning that four of the six Mercedes–engined cars were in the top ten) and the first of the Renaults driven by Fernando Alonso.

Rosberg was again the pace-setter in the second practice session, with a time some six-tenths of a second faster than what he achieved during the first 90-minute session. This time, Barrichello was second in his Brawn with the Toyota of Jarno Trulli in third. This marked an improvement for Trulli as he was only 12th in the first session. The only Australian in the field, Mark Webber ended up fourth for Red Bull Racing, ahead of Button, Glock and Nakajima. Webber's teammate Sebastian Vettel was eighth, after a morning session that was interrupted by a hydraulic failure which led him to pull his car off the road between turns six and seven. This ruled him out of the rest of the session, and restricted him to bottom of the timesheets and only four laps completed. Rounding out the top ten were Sutil's Force India, which ended up ninth again, and Massa in tenth. The three teams running the controversial rear diffusers (Brawn, Williams, and Toyota) were consistently the best teams on the track.
Rosberg completed a clean sweep of top spots in practice, by coming fastest in Saturday's practice session. His time edged out Trulli's Toyota by just three thousandths of a second. Button was third, and the only other driver to break into the 1:25 lap times, just under two-tenths of a second behind Rosberg. Massa improved again to end up fourth, and be the only driver from McLaren or Ferrari to finish in the top ten. Nakajima again impressed in the Williams, finishing fifth, in front of Barrichello, Webber, and Glock, who took the next three fastest times and were split by around six hundredths of a second. The two BMW Sauber drivers—Robert Kubica and Nick Heidfeld—rounded out the top ten, as they appeared in the top ten on the timesheets for the first time, after a fraught pair of practice sessions on Friday.

The qualifying session was split into three parts. The first part of qualifying runs for 20 minutes and eliminates the cars that finished the session 16th or lower. The second part of qualifying lasts for 15 minutes and eliminates cars that finished in positions 11 to 15. The final part of qualifying lasts for 10 minutes and determines the positions from first to tenth, and effectively decides who starts the Grand Prix in pole position. After dominating all three practice sessions on Friday, and again on Saturday morning, Rosberg did not fare so well in qualifying, managing a time only good enough for fifth position. The Brawn cars of Button and Barrichello dominated qualifying with the Brazilian finishing first in the first two parts of the session. In the third session, Button managed to beat his teammate's time by three-tenths of a second, and secured the fourth pole position of his career and his first pole since the 2006 Australian Grand Prix, that ended with Button's car blowing its engine on the final straight. Vettel's Red Bull was third with teammate Webber in tenth at his home race, which would later become eighth after the disqualification of the Toyotas. Kubica improved even further to line up fourth, easily outpacing teammate Heidfeld, who did not make the third session and was running the KERS system, which Kubica was not. After Glock was demoted, Massa was promoted to sixth and was the best KERS runner, ahead of teammate Räikkönen, with Heidfeld and Alonso completing the top ten, after the Toyotas' disqualification. After the session, Hamilton was demoted five places as his gearbox had to be changed, which originally dropped him from 15th on the grid, to 20th. Some hours after Hamilton's penalty, the Toyota cars had their times declared void as the rear wing on their cars was deemed to be illegal. This pushed Hamilton up to 18th, with Glock in 19th and Trulli 20th.


=== Race ===

The conditions on raceday were similar to what had been seen on both Friday and Saturday, the air temperature at 25 °C (77 °F); clear skies throughout, with the race beginning at 17:00 AEDT. Button led away and retained his pole position lead into turn one. He was closely followed by Vettel, Rosberg, Massa, Kubica and Räikkönen. Those six led away and were unaffected by the chaos that occurred behind, in turn one. After near-stalling, Barrichello had dropped from second to ninth, and challenged up the inside of Webber's Red Bull as they entered turn one. After being hit from behind, Barrichello's left front tyre impacted with the right-hand sidepod of Webber's car which half-spun the Australian into the BMW Sauber of Heidfeld. Once Barrichello had emerged relatively unscathed, Webber impacted on the front left of Kovalainen's McLaren causing irreparable damage to the left front suspension of the Finn's car. At turn three, Massa attempted a move down the inside of Rosberg, forcing the German off course and as a result, falling behind the Brazilian. At the end of the lap, Webber, Sutil and Heidfeld all pitted to repair damage caused in the first corner incident.

Further down the field, reigning champion Hamilton was progressing through the field having started eighteenth. After the first corner incident, he moved up to 13th at the end of the first lap. He passed Bourdais for 12th on lap two, Fisichella for 11th on lap three, and broke into the top ten, after passing Buemi on lap four. Out front, Button was beginning to establish a lead of over four seconds by the time he set the fastest lap on lap six, with a lap of 1:28.787. Vettel was still running second ahead of Massa, Kubica, Räikkönen with Rosberg completing the top six. Hamilton attempted to pass Nelson Piquet Jr. for ninth, doing so at Turn 13.
On lap ten, Rosberg attempted a move on Räikkönen into turn one, and succeeded to move up into fifth place on track. In the process, Räikkönen was slowed up by the German's move, allowing Barrichello to close up on the straight that leads into Turn 3. The Brawn car closed up thanks to picking up the slipstream, but even this left him several car lengths behind the Ferrari as they entered the braking zone for the corner. Barrichello's car snaked under brakes, and clipped the back of Räikkönen's car, causing more damage to his car. Räikkönen was forced wide by the hit, and Barrichello's momentum initiated a passing move into Turn 4, succeeding and moving into sixth place. The Finn pitted at the end of the lap, changing from the option tyre, onto the prime compound and did not change compounds again for the remaining distance.
Massa and Hamilton both pitted on lap eleven, with both drivers changing from the option tyres, moving onto the harder rubber. This allowed for a scrap for third to begin between Kubica, Rosberg and Barrichello to occur, as the latter two had caught up on the Pole. It would only last one lap however, as Kubica pitted on lap twelve, the final driver to change his first stint super-softs. Out front, Button continued to lead by 4.3 seconds from Vettel with Rosberg third, Barrichello fourth and Nakajima fifth. Lap 16 saw both Vettel and Rosberg pit, with Vettel remaining in second and Rosberg fell to 12th. Rosberg was delayed by a slow left front tyre change, which was a major contribution to his nine-place fall in the race.

On lap 18, whilst running in fourth place, Nakajima ran slightly wide on the exit of Turn 4 and proceeding to put too much power down spinning the car sideways and head on into the wall between Turns 4 and 5. After hitting the wall, his front wing ended up in the middle of the track and directly on the racing line. Button made his pit stop a lap later, and exited pit lane as the safety car was deployed. After the field cycled through, the safety car eventually picked up Button and would remain on the track until the end of lap 24.
At the restart, Button held position out front, ahead of Vettel, Massa, Kubica – who was still weaving his car to get temperature into his tyres after he had crossed the start/finish line – and Räikkönen. In a battle for sixth, Piquet had lined up a move on sixth-placed Rosberg, causing the German to defend on the inside. However, Piquet lost control of his car under braking – and possibly due to the tyres not being up to the required temperature – and spun off into the turn one gravel and out of the race. Further down the field, Glock lost two places to Hamilton and Alonso, as both drivers attacked hard on the restart.
Positions remained the same until lap 31, when Massa made his second and final pit stop of the race and emerged back into the fray in 14th place. After returning to the race, Massa was told by race engineer Rob Smedley to step up his pace, as according to him Kubica and Räikkönen were a threat due to longer middle stints. Trulli pitted on lap 33, having made his first pit stop on lap 10. A lap later, Kubica set the fastest lap, with a 1:27.989, and two laps later, the Pole bettered that by a thousandth of a second – his fastest lap of the race. At this point, Button was still extending his lead over Vettel, leading by over five seconds from the German.
Kubica pitted from third place on lap 39, and rejoined the circuit in seventh, just behind Hamilton, who was still making his way up the field. At the same time, Räikkönen made his second stop and rejoined in ninth. Buemi had quietly made his way up into fourth place, just in front of the Brit, before he made his second and final pit stop on lap 41. Two laps later, Räikkönen made an error whilst exiting Turn 13, and spun off, glancing the wall on the right hand side. He eventually returned to the pits, to make an unscheduled pit stop. Also pitting this lap was Hamilton, then running in third place. It was a close-run thing at pit exit, but Hamilton did enough to hold off Massa and rejoined in tenth position.
Rosberg and Vettel pitted on consecutive laps, trying to limit the amount of time that they would have to spend on the super-soft tyre. Both drivers held station in seventh and second positions respectively. At this time, Massa was slowly exiting the race with suspension damage, limping round before retiring the Ferrari in pit lane. Button pitted for the final time on lap 47, and suffered a very slow stop, with a sticking left rear wheel change, with the pit stop lasting 13.2 seconds. A lap later, Rosberg set the fastest lap of the race – 1:27.706 – and was still closing on Glock. Glock and Barrichello both pitted late on, and the race order on lap 55 was Button, Vettel, Kubica, Barrichello, Trulli, Hamilton, Glock, Alonso, Rosberg and Buemi.

Lap 56 saw Vettel make a slight mistake in Turn 1, and allowed Kubica to make a run down the outside, towards Turn 3. Vettel braked early and Kubica was ahead turning in. However, Vettel turned in and his front wing locked onto the sidepod of Kubica's BMW. Due to this collision, both cars lost their front wings, but they carried on towards Turns 4 and 5. Kubica was ahead, but without downforce he understeered off the circuit into the wall and out of the race. Meanwhile, Vettel also made an error on the way into the corner, sliding and hitting the wall, causing his left front tyre to bend back on itself. He carried on, as he was still in the points at this time. He could only continue on for just over a lap, as he ground to a halt between Turns 10 and 11. As the debris was not cleared up in time, this led to only the second safety car finish in Formula One.
As stated by Article 40.14 of the sporting regulations for Formula One, the safety car pulled in and the drivers proceeded over the line without overtaking. Button secured a debut victory for Brawn after leading the race from start to finish. He led home teammate Barrichello as they completed a Brawn one-two. Trulli finished third although there were accusations that he passed Hamilton under the safety car. This would later turn out to be true, and he was penalised twenty-five seconds pushing him down to 12th in the results, thus promoting Hamilton to third. This decision was later reversed: Trulli was eventually re-instated to his third finishing position and Hamilton was disqualified for misleading stewards during their investigation. Glock finished fourth, having started from the pit lane, and was followed home by Alonso, Rosberg, Buemi and Bourdais. Buemi's two points made him Switzerland's first points scorer since Marc Surer at the 1985 Italian Grand Prix.


=== Post-race ===

The top three finishers on the road appeared on the podium and in the subsequent press conference, where Button reflected on a somewhat easy race, in which he led all 58 laps, although it was not without its problems: ""The first few laps of the race were great for me and I could settle into a pace, but then when the safety car came out I struggled massively to get heat into the tyres. The car was hitting the ground and just before the safety car pulled in I flat-spotted the tyre pretty severely. I was struggling quite a bit with vibration and with the poor light as well. Being in the front it should be easy, but it was not easy at all."" He also reflected on his and his team's achievements, as they became the first driver/team combination since Juan Manuel Fangio and Mercedes at the 1954 French Grand Prix to win the team's debut race, having started from pole position:

It is not just for me, but for the whole team. This is a fairy tale ending really to the first race of our career together and I hope that we can continue this way and I know we are going to fight to keep this car competitive and with the limited resources we have to keep it at the front. The whole team has done a good job and this has got to continue as this is where I think we deserve to be and we have worked very hard for this. So thank you very much to the team and bring on Malaysia.
Barrichello picked up his first podium since the 2008 British Grand Prix, and his highest finish since the now-infamous 2005 United States Grand Prix, in which only the six Bridgestone-shod cars started due to safety concerns with Michelin's tyres. He praised the strength of his Brawn car, as he was involved in several incidents during the race. He also reflected upon his fluffed start, which ultimately led to the first of his incidents, at Turn 1. ""I hit anti-stall, so the car went into neutral. I recovered quite quickly but then I lost a lot of pace compared to people and I was hit from behind from a McLaren and that put me sideways and I hit someone really hard. I thought the car was done from that crash but I survived quite well, but on my first stint my nose was falling apart and I lost the braking stability when I hit Kimi as well. He closed the door and I couldn't avoid him. I had a lot of mixed emotions during the race, but it was fantastic. I started second but could only hope for one better but after the start I am delighted to be here with the second place.""
Trulli was pleased with his third place on the road, but was however, unaware of the penalty that he was due to receive for his late race pass of Hamilton under the safety car. ""Well, after yesterday's disappointment this was a great day, especially for my team. I started from the pit and I was lucky enough to get away from the first corner accident. From that time on I was just pushing, pushing, pushing really hard because the car was good.""
After an investigation, stewards deemed that Sebastian Vettel was in the wrong after his collision with Robert Kubica, which resulted in both of them not finishing the race. Vettel received a fine and a 10-place grid penalty to be applied in the following round in Malaysia. Red Bull Racing, Vettel's team, also received a $50,000 fine for letting him continue with a damaged car, for over a lap.
Also after the race, Trulli's third place was put under investigation. The stewards decided that the Italian regained his position overtaking Hamilton during a safety car period, having run off the track when the safety car was out. Trulli was penalised 25 seconds, moving him down to 12th. Trulli's explanation of the incident was: ""When the safety car came out towards the end of the race Lewis Hamilton passed me but soon after he suddenly slowed down and pulled over to the side of the road. I thought he had a problem so I overtook him as there was nothing else I could do."" In public Hamilton corroborated this, stating that the McLaren team had told him to let Trulli repass. Behind closed doors, however, Hamilton told the stewards that he had received no instruction to allow Trulli past, and had not consciously done so. Toyota had appealed the penalty firstly to the stewards, but that appeal was rejected, as a team cannot appeal a time penalty—in lieu of the fact that the offence occurred within the last five laps of the race—in accordance with Article 16.3 of the Sporting Regulations for Formula One. Toyota then appealed to the clerk of the course, Tim Schenken, but later retracted this appeal stating that: ""Having considered recent judgements of the International Court of Appeal, it is believed any appeal will be rejected.""
The Trulli/Hamilton case was reopened to examine new evidence, and both drivers were summoned to a stewards' inquiry on 2 April 2009, prior to the Malaysian Grand Prix. McLaren continued to insist it had not given orders to allow Trulli past, even after being played an audio recording of such an instruction over team radio. Hamilton, as well, continued to assert his false statement. The stewards decided that Hamilton and McLaren had misled them, having contradicted the available evidence. Hamilton was disqualified and McLaren stripped of their constructors' points. Trulli was re-instated into third place. McLaren's Sporting Director, Dave Ryan, was subsequently suspended by the team the day after Hamilton's disqualification was announced. McLaren were summoned to appear before the FIA on 29 April 2009 to answer charges of breaching the International Sporting Code. At this meeting, McLaren were given a suspended three-race ban, which would only be applied if a similar offence occurred within the next twelve months. It was revealed that Dave Ryan had been sacked by McLaren. The controversy was subsequently dubbed ""liegate"".
As this was the first race of the season, Button led the Drivers' Championship with 10 points, followed by Barrichello on 8 and Trulli on 6. Meanwhile, in the Constructors' Championship, Brawn picked up a maximum 18 points thanks to the 1–2 for Button and Barrichello. This gave them a seven-point lead over Toyota, with Renault on four points, thanks to Alonso's fifth place.


== Classification ==
Cars that used the KERS system are marked with ""‡""


=== Qualifying ===

^1  Both Toyotas were demoted to the back of the grid for running illegal rear wings and opted to start from the pit lane.
^2  Lewis Hamilton was given a five-place grid penalty for gearbox change.


=== Race ===

^3  Lewis Hamilton and McLaren were disqualified from the Grand Prix after the stewards found that they had provided deceptive information about the circumstances under which Jarno Trulli passed Hamilton under the safety car.
^4  Jarno Trulli was issued a 25-second penalty for overtaking Hamilton under the safety car, but was later reinstated back into third, after Hamilton was disqualified for misleading the stewards.


== Championship standings after the race ==

Note: Only the top five positions are included for both sets of standings.


== See also ==
2009 Sprint Gas V8 Supercars Manufacturers Challenge


== References ==


== External links ==

Official Australian Grand Prix results from
FIA (archived)
Formula1.com (archived)"
2,2009,2,2,Malaysian Grand Prix,2009-04-05,http://en.wikipedia.org/wiki/2009_Malaysian_Grand_Prix,"The 2009 Malaysian Grand Prix (formally the 2009 Formula 1 Petronas Malaysian Grand Prix) was a Formula One motor race held on 5 April 2009 at the Sepang International Circuit in Sepang, Malaysia. It was the second race of the 2009 FIA Formula One World Championship. The race was due to be contested over 56 laps, but was stopped after 31 laps due to torrential rain. Jenson Button, driving for the Brawn GP team, was declared the winner, having started from pole position. Nick Heidfeld was classified second for BMW Sauber with Timo Glock third for Toyota.
As the race did not reach the required 75% distance (42 laps) for full points to be awarded, half-points were given instead, for only the fifth time in Formula One history and the first since the 1991 Australian Grand Prix and the last for 12 years until the 2021 Belgian Grand Prix. The race distance of 171.833 km (106.772 mi) was the fifth-shortest ever covered in a World Championship Grand Prix. Brawn GP became only the second constructor to win their first two World Championship Grands Prix since Alfa Romeo won the first two ever, in 1950.


== Report ==


=== Background ===

After winning the season-opening Australian Grand Prix held one week earlier, Jenson Button led the Drivers' Championship by two points from his teammate Rubens Barrichello and by four points from Jarno Trulli. Trulli's teammate Timo Glock was fourth and Fernando Alonso completed the top five. Brawn GP led the Constructors' Championship by 7 points from Toyota and by 14 points from Renault. Williams and Toro Rosso were fourth and fifth.
The race start time was moved forward two hours, from 17:00 local time (09:00 UTC) to 15:00 local time (07:00 UTC). However, the organisers turned down the possibility of holding a night race, in line with the 2008 Singapore Grand Prix, for budgetary reasons.


=== Practice and qualifying ===

Three practice sessions were held before the race; the first was held on Friday morning and the second on Friday afternoon. Both sessions lasted 1 hour and 30 minutes with weather conditions dry throughout. The third session was held on Saturday morning and lasted an hour, and was also dry throughout.
Nico Rosberg and Kazuki Nakajima secured a Williams one-two in the first session with times of 1:36.260 and 1:36.305 minutes respectively. In the second session, Ferrari's Kimi Räikkönen and Felipe Massa went quickest with times of 1:35.707 and 1:35.832 minutes. After 18 laps, Räikkönen's cockpit began to billow out smoke, and though Ferrari did not give an official statement, there are reports that the car's kinetic energy recovery system (KERS) had overheated.
Jenson Button took Brawn's second consecutive pole ahead of Jarno Trulli's Toyota. Rubens Barrichello qualified fourth in the other Brawn (third when Vettel's penalty was taken into consideration), but was demoted five places to eighth after a gearbox change. An error in strategy meant that Massa failed to make it through Q1. In an interview to Rede Globo, the driver said that he and the team thought the initial time posted was enough to qualify for the second session, and refrained from recording additional times to spare the car's engine. However, this was not the case, and Massa was left in 16th place.


=== Race ===

Off the line, there was a clean getaway by all drivers, apart from Robert Kubica, who was forced to retire from engine problems after the first lap. Williams' Nico Rosberg moved from fourth on the grid to lead into the first corner, followed by Jarno Trulli and Fernando Alonso, who had used his KERS system to good effect to move up from tenth; Jenson Button made a poor start in his Brawn and was down to fourth. Heading into turn five, McLaren's Heikki Kovalainen ran wide onto the track's 'marbles' (fragments of degraded tyre rubber), and spun into early retirement.
After a slow start, Button caught and passed the heavier Renault of Alonso at turn thirteen for third place and set off after Trulli. Rosberg and Trulli stopped for fuel earlier than Button, who was able to pass them during the first round of pit stops and take the lead. Evidence of rain was barely noticed, but Kimi Räikkönen pitted to switch from dry to full wet tyres. However, his gamble did not pay off, as rain did not come as early as predicted, and he was forced to slow down significantly to delay the rapid wear of the wet tyres. (Without standing water on the track, wet tyres will not maintain structural integrity at high speeds, and will rapidly degrade over the course of a few laps.)
By lap 19, rain had started to fall and most of the drivers pitted for wet tyres. However, at this stage there was no standing water on the track, and so the wet tyres started to wear out very quickly. Timo Glock had been using intermediate tyres which were better suited to the conditions and moved rapidly up to third place. The other drivers followed this example and switched to intermediate tyres as well, which the majority of the field stayed on until lap 31 when the downpour finally reached the whole track, and drivers pitted for wet tyres once again. 
The conditions were proven to be so treacherous that Sebastien Buemi and Sebastian Vettel (who was in 8th position) had both spun out into retirement by lap 31 despite them being on the wet tyres right before the race was stopped.
Due to the torrential rain, the race was stopped on the 33rd lap and the results were taken from the classification at the end of lap 31 (the penultimate fully completed in accordance with sporting regulation 42.8). Half-points were subsequently awarded to the top eight. The race was the fifth out of six races in Formula One to be abandoned before 75% distance: the others were the 1975 Spanish and Austrian Grands Prix, the 1984 Monaco Grand Prix, the 1991 Australian Grand Prix and the 2021 Belgian Grand Prix. Button took his second victory of the season and five points, and it was the first time he had won back to back victories and his third career victory. The victory also meant that Brawn GP became the first team since Alfa Romeo in 1950 to win their first two Grands Prix. Nick Heidfeld was classified second ahead of Toyota's Timo Glock. Heidfeld was the first driver to take a podium position with a KERS-equipped car.


=== Post-race ===

The drivers generally backed the decision to abandon the race, citing diminishing visibility (due to the later starting time) as well as the heavy rain. 

""The visibility is nothing, [we] could have a serious accident if we restart."" — Fernando Alonso before the race was officially called off
""It was impossible to drive out there, it was very, very dangerous. It's the most dangerous conditions I have ever raced in,"" — Lewis Hamilton
""It was way too wet out there and the decision to call it off was correct. I would obviously love to have the 10 points, but this is the best we could have done, I think, and realistically it was the right thing to do. I'm sure some people will say 'we didn't see the whole race and it's disappointing' but you have to think about the safety sometimes. When the safety car is pulling away at 20 seconds a lap, you know that it's too wet for an F1 car."" — Jenson Button
""It's dark now at seven o'clock so it was the right call not to make the re-start,"" — Mark Webber (a director of the Grand Prix Drivers' Association)
Officials in Malaysia also confirmed that they would review the start time of the 2010 Malaysian Grand Prix. Mokhzani Mahathir, chairman of the Sepang International Circuit, said he consulted Bernie Ecclestone after the race and they had agreed to look at the timings. However, Ecclestone revealed he had no qualms about the schedule, stating:

""I just have regrets about the rain, I don't see anything wrong with the start time, we just didn't know about the rain.""
Mokhzani suggested the possibility of implementing a lighting system (similar to that used in the Singapore Grand Prix) to illuminate the circuit in future races.


== Classification ==
Cars that used the KERS system are marked with ""‡""


=== Qualifying ===

^1 Sebastian Vettel received a 10-place grid penalty for causing an avoidable accident involving Robert Kubica at the Australian Grand Prix.
^2 Rubens Barrichello received a 5-place grid penalty for a gearbox change.


=== Race ===

Scheduled for 56 laps but stopped early due to heavy rain and then not resumed due to darkness. Half points awarded.


== Championship standings after the race ==

Note: Only the top five positions are included for both sets of standings.


== See also ==
2009 Malaysian GP2 Asia Series round


== References ==


== External links ==

Official Malaysian Grand Prix results from
FIA
Formula1.com (archived)"
3,2009,3,17,Chinese Grand Prix,2009-04-19,http://en.wikipedia.org/wiki/2009_Chinese_Grand_Prix,"The 2009 Chinese Grand Prix (formally the 2009 Formula 1 Chinese Grand Prix) was a Formula One motor race held on 19 April 2009 at the Shanghai International Circuit, Shanghai, People's Republic of China. It was the third race of the 2009 Formula One season, a change from previous years, when it took place towards the end of the season.
Sebastian Vettel of Red Bull Racing won the race after starting from pole position. Both the race win and pole position were the first for Red Bull team.
Mark Webber, also of Red Bull, finished second followed by the two Brawn GP's of Jenson Button and Rubens Barrichello. McLaren's Heikki Kovalainen and Lewis Hamilton finished fifth and sixth, ahead of Toyota's Timo Glock and Scuderia Toro Rosso's Sébastien Buemi in seventh and eighth.


== Background ==
Heading into the event, Jenson Button of Brawn GP led the Drivers' Championship by 5 points from team-mate Rubens Barrichello and by a further 1.5 points from Jarno Trulli of Toyota. Brawn GP led Toyota by 8.5 points in the Constructors' Championship, with Renault and BMW Sauber a further 12.5 points behind.
Prior to the race, the Fédération Internationale de l'Automobile (FIA) International Court of Appeal confirmed the legality of the diffuser designs on the Brawn GP, Williams and Toyota team cars. Following this ruling, Renault and McLaren decided to run an updated diffuser design on their cars during the race. It was a hurried move by both teams, with Renault fitting it to Alonso's car for the first time on the Saturday before the race.
Ferrari announced that its team manager Luca Baldisserri was taken off the track operations to be replaced by race engineer Chris Dyer. The reshuffle was undertaken after Ferrari failed to score a point in the first two races of the season. Ferrari also announced that both its drivers, Kimi Räikkönen and Felipe Massa, would not use the Kinetic Energy Recovery System (KERS) in the race, citing reliability and safety issues. BMW Sauber, on the other hand, declared that Robert Kubica would use KERS for the first time during the Friday practice session. Kubica had not used the system in the first two races as there were concerns that the additional weight would put him at a disadvantage. However, Kubica opted not to run the device any further after Friday practice, as did the Renault team, reducing the number of KERS-equipped cars to three.
Italian teams and drivers indicated their support for the victims of 2009 L'Aquila earthquake through charity initiative ""Abruzzo nel cuore"" (Abruzzo in my heart) led by Italian drivers Jarno Trulli and Giancarlo Fisichella. Ferrari displayed the writing ""Abruzzo nel cuore"" on their cars while Trulli wore the logo on his overalls. The Toro Rosso cars had the message ""Vicini All'Abruzzo"" (All neighbouring Abruzzo) on their cars.


== Event report ==


=== Practice and qualifying ===

Three practice sessions were held prior to the race; two sessions on Friday April 17, 2009, each lasting 90 minutes, and one 60 minute session on Saturday April 18, 2009. World Champion Lewis Hamilton's McLaren was fastest at the end of the first practice session on Friday morning ahead of the Brawn GP cars of Jenson Button and Rubens Barrichello. Hamilton's McLaren team-mate Heikki Kovalainen was fourth fastest. Hamilton, whose McLaren MP4-24 car was fitted with a new interim diffuser and front wing, clocked his fastest lap of 1:37.334, around a tenth of a second clear of Button, around sixty minutes into the session. Red Bull's Mark Webber was fifth in the session, with Toyota's Trulli and Timo Glock sixth and eighth. Fernando Alonso, Nico Rosberg and Sébastien Bourdais completed the top ten lap times of the first session. Button was the fastest in Friday afternoon's second practice session, followed by Rosberg and Barrichello. Red Bull drivers Webber and Sebastian Vettel who headed the time-sheets during the initial phases of the session were eventually classified fourth and fifth fastest respectively. Toyota cars once again managed a competitive result as Trulli and Glock finished sixth and eighth with Williams' Kazuki Nakajima splitting them. The two McLarens could not recreate their results from the morning session with Kovalainen finishing ninth fastest and Hamilton 13th.
Williams' Rosberg was quickest in the practice session on Saturday morning. Rosberg, who slid off the track onto the gravel at the start of the session, timed 1:36.133 to top the timesheets, followed by Trulli and Hamilton. Button finished fourth with Renault's Nelson Piquet Jr. clocking the fifth fastest lap time for the session. Piquet's team-mate Fernando Alonso on the other hand, whose Renault R29 car was fitted with new diffuser and without the KERS, could only manage a time good enough for 19th fastest. BMW Sauber's Robert Kubica who also removed his KERS for this session, improved significantly from his results in the earlier two sessions. Timo Glock's Toyota TF109 car faced gearbox problems early in the session and had to change the gearbox for the upcoming qualifying session. Glock received a five-place grid penalty for this gearbox change.

The qualifying session on Saturday afternoon was split into three parts. Sebastian Vettel achieved his second career pole position – and the first for his Red Bull Racing team – at the end of the session. Vettel, who ran only one flying lap each in the final two parts of qualifying, due to problems with the driveshafts of his car, edged out Fernando Alonso by two-tenths of a second in the final part of qualifying. Red Bull's other driver Mark Webber finished third, immediately ahead of Brawn GP cars of Barrichello and Button. Kimi Räikkönen, after a disappointing performance during practice, secured eighth position behind Trulli in sixth and Rosberg in seventh place. Hamilton and Toro Rosso's Sébastien Buemi completed the top ten on the grid. Nick Heidfeld, Heikki Kovalainen, Felipe Massa, Timo Glock and Kazuki Nakajima made up 11th to 15th on the grid. Drivers eliminated in the first qualifying session and classified 16th to 20th were Sébastien Bourdais, Nelson Piquet Jr., Robert Kubica, Adrian Sutil and Giancarlo Fisichella. Due to his five-place penalty, Glock was placed 19th and Nakajima, Bourdais, Piquet, Kubica and Sutil were each promoted by one position in the revised starting grid.


=== Race ===

Robert Kubica and Timo Glock started from the pit lane. Due to heavy rain, the first eight laps of the race were run under the safety car. Sutil, Rosberg and Alonso made their first pit stops during the safety car period so they were at the back of the pack when the green flag was shown. Lewis Hamilton made early progress and overtook Jarno Trulli and Kimi Räikkönen, before he spun on lap 12 and dropped back to 10th. Meanwhile, Jenson Button overtook Rubens Barrichello for third after the Brazilian ran wide.
Trulli and Räikkönen were quite slow in the early laps and they dropped back. Hamilton made progress once again and was 7th on lap 11 before another mistake which dropped him one place down. Webber made his first scheduled stop on lap 14 and Vettel on the following lap. At this point, Button led from Barrichello, Vettel, Buemi, Massa and Webber.
On lap 17, Robert Kubica crashed into Jarno Trulli on the run to the last corner. Kubica damaged his front wing and Trulli his rear wing, which caused him to crawl one lap slowly into the pits to retire. The safety car was deployed due to debris left on the track. While avoiding the slowing Trulli, Vettel suffered a minor collision with Buemi, who damaged his front wing in the process. Buemi made his pit stop at that point, along with both Brawn GP drivers and Sutil, who had his second stop at this point and was set to finish the race from this point.
Felipe Massa suffered an electrical problem during the safety car period and he stopped on the back straight. At the restart, Sébastien Bourdais spun before the green flag and dropped a number of places. The race continued with Vettel leading from Button while Webber, Räikkönen, Hamilton, Barrichello, Kovalainen and Buemi rounded out the top eight.
Piquet crashed on lap 28 and damaged his front wing but was able to continue. Button missed his braking point at the hairpin on the following lap, allowing Webber through. Webber ran wide two laps later and Button was ahead again, until Webber passed him from the outside in turn 7.
Hamilton made his only scheduled stop on lap 33, and his team-mate Kovalainen followed a lap later. Vettel stopped on lap 37 and Webber on lap 39, while two Brawn cars ran until laps 42 (Button) and 43 (Barrichello). Buemi was the last driver to make a scheduled stop, on lap 45 and after that race order was: Vettel, Webber, Button, Barrichello, Hamilton, Kovalainen, Sutil and Heidfeld. Nico Rosberg had tried intermediate tyres on his second stop but he spun soon after and pitted again for full wets.
Hamilton continued with a lot of mistakes so Kovalainen and Sutil were able to pass him. Then on lap 51, Sutil crashed heavily before turn 5, ending his race. Heidfeld had to avoid Sutil's tyre which had bounced back to the track and Glock and Buemi went past him.
Vettel stayed in the lead until the end, taking his second Grand Prix victory and his first for Red Bull Racing. It was the first ever win for Red Bull as a constructor. His team-mate Webber achieved his best career result with second place while Button got his third successive podium with third place. Barrichello finished fourth, Kovalainen fifth, Hamilton sixth, Glock seventh and Buemi eighth. A total of 17 drivers were classified, including Sutil who had retired.
During the podium ceremony, there was confusion when ""God Save the Queen"", the British national anthem was played for winning constructor Red Bull instead of ""Land der Berge, Land am Strome"", the Austrian national anthem. Red Bull Racing has been based in the UK since its foundation in 2005, but has been registered with the Austrian national racing authority since 2007, reflecting its Austrian ownership. When Vettel recorded Red Bull's second win at the 2009 British Grand Prix, the Austrian anthem was played. It was also the first Grand Prix victory for the Milton Keynes-based Formula One team since the 1999 European Grand Prix when it was named Stewart Grand Prix.


== Classification ==


=== Qualifying ===
Cars that used KERS are marked with ""‡""

^1 Timo Glock was issued a 5 place grid-penalty for changing a gearbox during Saturday practice.


=== Race ===


== Championship standings after the race ==

Note: Only the top five positions are included for both sets of standings.


== References ==


== External links =="
4,2009,4,3,Bahrain Grand Prix,2009-04-26,http://en.wikipedia.org/wiki/2009_Bahrain_Grand_Prix,"The 2009 Bahrain Grand Prix (formally the 2009 Formula 1 Gulf Air Bahrain Grand Prix) was a Formula One motor race held on 26 April 2009 at the Bahrain International Circuit, Sakhir, Bahrain. It was the sixth Bahrain Grand Prix and fourth race of the 2009 Formula One season.
The race was won by Jenson Button driving for Brawn after starting from fourth on the grid. Sebastian Vettel finished second for Red Bull and Jarno Trulli finished third for Toyota. McLaren's Lewis Hamilton drove to a season's best fourth position, followed by the second Brawn of Rubens Barrichello. Kimi Räikkönen picked up Ferrari's first points of the season in sixth, whilst Toyota's Timo Glock and Renault's Fernando Alonso finished in seventh and eighth position.


== Report ==


=== Background ===
Going into the round, Brawn GP driver Jenson Button led the Drivers' Championship by 6 points from teammate Rubens Barrichello. Barrichello led Sebastian Vettel of Red Bull Racing and Timo Glock of Toyota by 5 points in second. Brawn GP led the Chinese Grand Prix winners Red Bull Racing by 16½ points in the Constructors' Championship. Toyota were a further point back and the only other team to hit double figures.
Tyre supplier Bridgestone selected the medium and supersoft tyres for the Grand Prix weekend.
Ferrari were yet to score a point, and failure to do so in Bahrain would have resulted in Ferrari's worst ever start to a season in Formula One. Their previous worst start also came when they were Constructors' Champions; in the 1980 season the team scored no points until the fourth race, the 1980 United States Grand Prix West, where Jody Scheckter finished fifth.
Force India introduced a revised floor and diffuser in Bahrain for the Force India VJM02, as well as an upgraded front wing and reprofiled sidepods. Force India driver Giancarlo Fisichella welcomed the upgrades, hoping the car's lack of downforce would be addressed by the new modifications. BMW Sauber decided to install KERS in Robert Kubica's car for the entire race weekend after it had been tested in free practice in China.


=== Practice ===
Three practice sessions were held before the race; of which two were held on Friday April 24, 2009, with the first in the morning and the second in the afternoon. Both sessions lasted 90 minutes with weather conditions hot and dry throughout. The third session was held on Saturday morning and lasted for 60 minutes.
At the end of the first practice session, Lewis Hamilton set the fastest time of 1:33.647 in his McLaren car, ahead of the two BMW Sauber cars of Nick Heidfeld and Robert Kubica. Williams' Nico Rosberg continued his quick practice form with the fourth fastest time, followed by the Brawn of Jenson Button, the McLaren of Heikki Kovalainen, Brawn's Rubens Barrichello, and Ferrari's Felipe Massa. Red Bull's Mark Webber and the other Ferrari of Kimi Räikkönen shared the ninth fastest time, completing the top ten. Nico Rosberg was fastest in Friday's second practice session, topping the timesheets with a time of 1:33.339, followed by Fernando Alonso in the Renault and Jarno Trulli in the Toyota. The Red Bulls of Sebastian Vettel and Mark Webber were fourth and fifth, with Button close behind. Adrian Sutil of Force India put in an impressive laptime to finish seventh in the standings, with Toyota's Timo Glock, Brawn's Rubens Barrichello, and Williams' Kazuki Nakajima rounding out the top 10. The BMWs of Heidfeld and Kubica could not repeat their times from the first session, and were classified in seventeenth and twentieth, respectively.

In third practice, Glock managed the fastest time with a 1:32.605 before his car rolled to a halt due to brake problems, and there were improved times from Ferrari and McLaren. Felipe Massa managed the second fastest time, with Räikkönen in fifth. Rosberg was third fastest, and Hamilton posted the fourth fastest time. Nelson Piquet, Kubica, Nakajima, Trulli and Heidfeld made up the top ten.


=== Qualifying ===
The qualifying session on Saturday afternoon was split into three parts. Jarno Trulli achieved his fourth career pole position, and his first since 2005, whilst his teammate Timo Glock qualified second. This marked the first time Toyota had put both cars on the front row of the grid. Sebastian Vettel qualified third, with Jenson Button behind him. In fifth was the McLaren of Lewis Hamilton, with Rubens Barrichello in sixth. Renault's Fernando Alonso managed seventh place, and behind him Felipe Massa, Nico Rosberg and Kimi Räikkönen completed the top ten. Kovalainen, Nakajima, Kubica, Heidfeld and Piquet made up 11th to 15th on the grid. Those knocked out in the first session and classified 16th to 20th were Sutil, Buemi, Fisichella, Webber and Bourdais. Webber was controversially blocked by Sutil near the end of his qualifying lap (Sutil claimed he didn't realise Webber was on a flying lap), preventing him from posting a fast time. As a result, the stewards gave Sutil a three-place grid penalty, demoting him to 19th position.


=== Race ===

Timo Glock got off to a perfect start from second on the grid and took the lead. Jarno Trulli was running second, but had to fight off Lewis Hamilton in the first corner, who had passed Jenson Button and Sebastian Vettel from fifth on the grid after a flying start with the help of his KERS. Button had also overtaken Vettel, who was running a heavier fuel load. Kimi Räikkönen, meanwhile, had pushed his Ferrari up to sixth place, making up four positions from the start. Further back in the field, there was damage sustained to the cars of Felipe Massa, Nick Heidfeld, Robert Kubica and Kazuki Nakajima, all of whom had to pit early to replace their front wings, whilst Heikki Kovalainen lost track position after running wide. Massa also complained of problems with his KERS system due to a temperature problem, and was advised to turn it off.
At the start of lap 2, Button overtook Hamilton to claim third position. The KERS-aided McLaren of Hamilton then kept Vettel's Red Bull at bay, and only when Hamilton entered the pits on lap 15 did Vettel finally pass him.
Since both the Toyotas were running light on fuel, they made their pit stops early, with Glock in on lap 12 and Trulli on lap 14. The Toyota team opted to put both their drivers onto the slower, harder compound tyres for the middle stint of the race, opposite to the strategy being run by the other teams. By the time Button had made his stop on lap 15 on the softer tyres, he had made up enough ground over Trulli in just one lap to come out in front. Glock, who had once led the race, had lost so much time on the tyres that he stayed behind Hamilton in seventh place even after the McLaren driver had completed his pit stop.
Vettel's pit stop on lap 18 placed him ahead of Hamilton, but just thirty metres behind the slower-lapping car of Trulli, preventing him from challenging Button for the lead. Button took this opportunity to pull out a 7.5 second gap between himself and Trulli by lap 22.
By lap 34, Button had increased his lead to 15.6 seconds, putting him in clear control of the race. By the time the second round of pit stops were completed for the front runners, Button was ahead of anyone else, this time on the harder tyres. Toyota's tyre strategy had not paid off, and Vettel, on the softer tyres, put in some fast lap times once Trulli had his second stop and was no longer in Vettel's path. After his own stop, Vettel (now on the harder compound tyre) ended up just in front of the Toyota driver, the very opposite of the situation after the first pit stops.
On lap 44 there was drama with Räikkönen and Glock fighting for sixth position, with the Finn just edging out Glock at turn four. Rubens Barrichello had lost a lot of time earlier in the race after failing to pass the KERS-equipped Renault of Nelson Piquet. However, he showed the pace of the Brawn car by ending up just in front of Räikkönen, even after having one pit stop more, then pulled away from him in the final laps.
On lap 48, spiking oil pressure on the Williams of Nakajima caused the only retirement of the race as he crawled into the pits.
Button drove home to his third victory of the season, 7 seconds clear of Vettel, who was pushing particularly hard in the last laps. Trulli crossed the line 2 seconds behind Vettel, with Hamilton finishing fourth. Barrichello took fifth, Räikkönen sixth, Glock less than a second behind in seventh, and Fernando Alonso finished eighth, 52 seconds behind Button. Nick Heidfeld equalled Michael Schumacher's record of 24 consecutive finishes, bringing home his BMW Sauber in 19th and last place.
After the race, in a press conference, Button said that he burned the top of his left buttock during the race because there was an electrical box in the cockpit of the car. Alonso collapsed in the media room after a drinking water pump failed early in the race and an overheating problem behind his driver's seat left him extremely dehydrated and a first-degree burn behind his back. He lost 6 kg during the race.


== Classification ==


=== Qualifying ===
Cars that used KERS are marked with ""‡""

^1 Adrian Sutil was issued a 3 place grid-penalty for impeding Mark Webber during qualifying.


=== Race ===


== Championship standings after the race ==

Note: Only the top five positions are included for both sets of standings.


== See also ==
2009 Bahrain 2nd GP2 Asia Series round
2009 Bahrain 2nd Speedcar Series round


== References =="
5,2009,5,4,Spanish Grand Prix,2009-05-10,http://en.wikipedia.org/wiki/2009_Spanish_Grand_Prix,"The 2009 Spanish Grand Prix (officially the Formula 1 Gran Premio de España Telefónica 2009) was a Formula One motor race held on 10 May 2009 at the Circuit de Catalunya in Montmeló, Spain. It was the fifth race of the 2009 Formula One season.
It resulted in a one-two finish by Brawn GP drivers Jenson Button and Rubens Barrichello, respectively.


== Report ==


=== Background ===
Brawn GP driver Jenson Button led the Drivers Championship by 12 points from teammate Rubens Barrichello, who was a further point ahead of Sebastian Vettel of Red Bull. The top six drivers were from the top three teams of Brawn, Red Bull and Toyota.

Brawn GP led the Constructors' Championship by 22.5 points from Red Bull, who led Toyota by another point. McLaren were the only other team to reach double figures, having scored thirteen points.
The 2009 Spanish Grand Prix was widely anticipated as a restart to the season, with most teams bringing new developments to their cars. Brawn GP made their first upgrades to the BGP 001 in an attempt to remain at the front, whilst Ferrari introduced a new two-tier diffuser to the Ferrari F60, and reduced the weight of Kimi Räikkönen's car. Ferrari also ran KERS on both their cars, despite having reliability problems with it at previous races. Having run KERS on Nick Heidfeld's car for the first four races, and Robert Kubica's car in Bahrain, BMW Sauber raced without the system in Spain. This was due to a significant aerodynamic update to the F1.09 and the need to get the best out of it, which is limited with KERS' weight disadvantage. BMW's aerodynamic update included a new nose, front wing, revised sidepods, a new rear wing and an overall lightening of the chassis. In addition, BMW decided not to introduce a two-tier diffuser in Spain, claiming they would not have been able to exploit the performance benefit it gives. Force India also abandoned plans to run KERS to instead focus on aerodynamic developments, but may run the system later in the year according to team principal Vijay Mallya.
During the previous year's grand prix, McLaren driver Heikki Kovalainen suffered a large crash at turn nine of the circuit. After the race, Mark Webber, a director of the Grand Prix Drivers' Association, said that standards at the track should have been better. Speaking in his regular BBC Sport column, Webber said the run-off area at turn nine was too tight, which could cause an even more serious accident in the future without improvements. In response to this, the FIA made modifications to the track, in order to minimise the chances of such a severe accident happening again. The far side of the gravel trap at the turn was raised by 1.5 metres to give a gradual upward incline to slow down cars, while the gravel trap itself has been renewed. Improvements were made to the tyre barriers, to minimise the chances of a car penetrating the barriers again. Also, the kerb and artificial grass behind the track at turn nine were extended by ten metres.


=== Practice and qualifying ===
Three practice sessions were held before the race; of which two were held on Friday May 8, 2009, with the first in the morning and the second in the afternoon. Both sessions lasted 90 minutes with weather conditions sunny throughout. The third session was held on Saturday morning, lasting for 60 minutes.
In the first practice session, Jenson Button of Brawn GP set the fastest time of 1:21.799. Jarno Trulli of Toyota was second, with the two BMW Sauber cars of Robert Kubica and Nick Heidfeld third and fourth fastest. In the second practice session, Williams' driver Nico Rosberg went quickest with a time of 1.21.588. His teammate, Kazuki Nakajima, was second, with Renault's Fernando Alonso third. The third practice session saw Ferrari leading the way, Felipe Massa ahead of Kimi Räikkönen, with the two Brawn cars over half a second slower in third and fourth.
Qualifying on Saturday afternoon was split into three parts. At the end of the first session, Kimi Räikkönen was knocked out from 16th place. He later admitted his fault, believing his first qualifying lap was good enough to secure passage to the next session. Also knocked out were the Force India's of Giancarlo Fisichella and Adrian Sutil, McLaren's Heikki Kovalainen, and the Toro Rosso of Sébastien Bourdais. The second part of qualifying saw the Toro Rosso of Sébastien Buemi, McLaren's reigning world champion Lewis Hamilton, BMW's Heidfeld, Renault's Nelson Piquet, and Williams' Nakajima all fail to progress. Jenson Button claimed pole position in the final part of qualifying, starting his lap just two seconds before the session ended to put in a time of 1.20.527, one tenth quicker than second-placed Sebastian Vettel in the Red Bull. Button's teammate Rubens Barrichello was third quickest, with Ferrari's Felipe Massa and Red Bull's Mark Webber in fourth and fifth. Toyota's Timo Glock and Jarno Trulli were sixth and seventh fastest, in front of Renault's Alonso, Rosberg in the Williams, and the BMW of Kubica.


=== Race ===

 

Rubens Barrichello made a good start from third on the grid and took the lead at the first corner. Jenson Button was running second, whilst the KERS-equipped Ferrari of Felipe Massa was able to gain one place from the start and was placed third ahead of Red Bull's Sebastian Vettel.
An accident on the first lap of the race caused the retirement of Jarno Trulli, Adrian Sutil and both Toro Rosso drivers. Four laps behind the safety car followed while marshals cleared debris from the track. Replays of the incident showed that Nico Rosberg ran wide at turn two, forcing Trulli into the gravel, where he lost control and spun back onto the track, hitting Sutil. Sébastien Buemi and Sébastien Bourdais collided in the aftermath of the initial carnage, when Buemi braked hard to avoid Trulli, and Bourdais ran into the back of his teammate. Lewis Hamilton had been forced onto the grass at the start by Nelson Piquet and had ended up at the back of the field, but was able to avoid the incidents in front of him. Shortly after the safety car pulled in and the race restarted, the McLaren of Heikki Kovalainen suffered from gearbox failure, forcing him to retire.
Barrichello pulled away from Button consistently during the first part of the race. After the first set of pit-stops, it was evident that Barrichello was running a three-stop strategy, while Button and the other front runners were making two stops. Barrichello, however, was unable to create enough of a gap to the chasing pack before his second pit-stop, and lost the lead to Button. After all the other drivers had pitted at least once, Barrichello found himself behind third-placed Massa and fourth-placed Vettel. After the last round of pit-stops were completed, Button was first, while Barrichello had moved up to second, and Red Bull's Mark Webber took third position – the result of a long second stint that Red Bull had opted for in order to emerge in front of the slower Ferrari of Massa. Button had originally been on the same three-stop strategy as Barrichello, but was switched to a two-stop strategy by the team to avoid exiting the pits into the dirty air of Rosberg's Williams.
Ferrari's problems continued as Kimi Räikkönen experienced hydraulic failure on his car, causing him to retire on lap 17. Massa had defended his position against Vettel throughout the afternoon, but late in the race, Ferrari identified a problem in that Massa was consuming more fuel than expected. As he could potentially run out of fuel before the end of the race, Massa was instructed to slow down and conserve fuel, and as a result he lost fourth place to Vettel, then fifth place to Fernando Alonso on the last lap.
Button took his fourth victory of the season, with Brawn GP claiming a one-two finish as Barrichello crossed the line 13 seconds later. Webber took the final podium position, with teammate Vettel behind him in fourth. Alonso was fifth, Massa sixth, Nick Heidfeld, who had significantly closed the gap to Massa in the final lap, had to settle for seventh but in the process breaking Michael Schumacher's record of  24 consecutive finishes, while Nico Rosberg claimed the final point in eighth place. Webber claimed that driving a long stint with a heavy fuel load ""felt as though [he] was towing a caravan.""


== Classification ==


=== Qualifying ===
Cars that used KERS are marked with ""‡""


=== Race ===


== Championship standings after the race ==

Note: Only the top five positions are included for both sets of standings.


== See also ==
2009 Catalunya GP2 Series round


== References ==


== External links ==

Official results from
FIA
Formula1.com"
6,2009,6,6,Monaco Grand Prix,2009-05-24,http://en.wikipedia.org/wiki/2009_Monaco_Grand_Prix,"The 2009 Monaco Grand Prix (officially the Formula 1 Grand Prix de Monaco 2009) was a Formula One motor race that was held on 24 May 2009 at the Circuit de Monaco, in Monaco. The race, which was contested over 78 laps, was the sixth round of the 2009 Formula One season. It was won by Brawn GP driver Jenson Button, with his teammate Rubens Barrichello second, and Ferrari's Kimi Räikkönen third.
This year a peace and sport initiative was introduced on this Grand Prix under the High Patronage of Albert II, Prince of Monaco. Sébastien Bourdais scored his last world championship points at this race.


== Report ==


=== Background ===
The first five races of the championship ended with Brawn driver Jenson Button leading the Drivers Championship by 14 points from teammate Rubens Barrichello, having claimed 41 points out of a possible 45. Their Brawn GP team was leading the Constructors Championship with 68 points; second-placed Red Bull had 38.5, with their driver Sebastian Vettel third place in the drivers championship. Reigning World Champion Lewis Hamilton of McLaren was only in seventh place, having accumulated nine points.
Red Bull had a new two-tier diffuser ready for their RB5 car in Monaco, with chief designer Adrian Newey believing it could be a real benefit to the team. The Austrian drinks company team had won the 2009 Chinese Grand Prix . They had finished third and fourth in the previous race at Barcelona. Force India had prepared several important upgrades for the VJM-02, focused upon giving high downforce by modifying the front and rear wings. This was to improve performance to score their first points, having not scored points before in a Formula One race. Most other teams, including Toyota and BMW Sauber, had modified cars to give good downforce and high mechanical grip; important for the Monaco circuit's low speed and twisting, slow corners.
In the run up to the race, Ferrari issued a statement declaring that ""Ferrari does not intend to enter its cars in the next Formula One World Championship."" if ""the introduction of two different sets of regulations based on arbitrary technical rules and economic parameters."" were to take place. This was in reference to proposed regulations by the FIA World Motor Sport Council to introduce a Budget Cap for 2010, and allow technical freedom to those teams operating under it. The Renault Formula One team made a similar statement, announcing ""If the decisions announced by the World Council on the 29th of April 2009 are not revised, we have no choice but to withdraw from the FIA Formula One World Championship at the end of 2009."" These statements were the start of the FIA–FOTA dispute over the 2010 regulations. During the event, scenes for the 2010 film Iron Man 2 were shot, which features a historic Monaco Grand Prix race. Prior to the race the drivers complained about a billboard for Martini featuring model Jessiqa Pace was distracting and in the line of sight of drivers as they exit Loews hairpin.


=== Practice and qualifying ===

The early practice sessions at Monaco are traditionally run on the Thursday of the week so that the roads can be opened on the Friday for public access. As such, two practice sessions were held on the Thursday, with the third on Saturday morning, followed shortly by qualifying.
The Thursday practice sessions began with Brawn GP establishing its dominance once again; Rubens Barrichello was fastest by three-tenths of a second from countryman Felipe Massa with a time of 1:17.199, and the two McLarens of Lewis Hamilton and Heikki Kovalainen following shortly thereafter. The Brawns continued their form in the second session, placing third and fourth behind Nico Rosberg – who topped practice for the ninth time this season with a 1:15.243 – and Hamilton once again. A similar story held true for the Saturday session, with Jenson Button narrowly being beaten by Fernando Alonso in the Renault.
The first qualifying session was marked by 2008 winner Lewis Hamilton crashing at Mirabeau and damaging his suspension, putting him out of qualifying and gradually knocking him down the order until he would finish sixteenth, ahead of the BMW Saubers of Nick Heidfeld and Robert Kubica and the Toyotas of Jarno Trulli and Timo Glock. The second session saw the departure of the two Force Indias, both Toro Rossos and Nelson Piquet Jr.'s Renault while Finland's Kimi Räikkönen and Heikki Kovalainen topped the timing sheets. Giancarlo Fisichella had two times disallowed for cutting the corners at the Swimming Pool Complex and Nouvelle Chicane. The third and final session was dominated by Rubens Barrichello and Sebastian Vettel until a late lap from Jenson Button saw the championship leader take his fourth pole from six starts this season with Kimi Räikkönen the highest-placed KERS-equipped car in second place.


=== Race ===

At the start, Button maintained his lead as Barrichello passed Räikkönen on the approach to the first corner. Both Brawn cars and Sebastian Vettel started the race on the super-soft tyres; the Ferraris and Williams started on the soft compound. This provided an advantage, as the super-soft tyres – which had proven to be the better of the two all weekend – started to lose grip drastically after twelve laps as championship contender Sebastian Vettel proved when he started losing up to four seconds per lap on leader Button, because of the difficulty in overtaking at Monaco, this greatly helped the Brawn GP drivers and Kimi Räikkönen (the only three drivers ahead of Vettel when his tyres started to lose grip), because for several minutes all cars behind him found themselves unable to overtake, opening a huge gap between third and fourth, even for several laps after Vettel had been overtaken.
Sébastien Buemi had an accident running into Nelson Piquet Jr. on lap 10 during a passing attempt at Sainte Devote, while Vettel slid into the barriers under brakes at the same spot several laps later. Button maintained a fifteen-second lead over teammate Barrichello for most of the race, who had a smaller gap over the Ferraris of Kimi Räikkönen and Felipe Massa; Massa raised the ire of the stewards after crossing the chicane at the Swimming Pool Complex twice, though no penalty was awarded as both occasions were due to driver error.
In the late stages of the race, Heikki Kovalainen crashed out at the Swimming Pool, spinning and colliding with the barriers. Kazuki Nakajima also crashed out on the last lap of the race at Mirabeau. Robert Kubica was the only other retirement, his race ending with brake problems. In the final phase of the race, the Ferraris pitted for the super-soft tyres, discovering the same graining problem as everyone else over longer stints. The distance between Button and Barrichello halved over the final few laps, though Button was deliberately slowing to avoid encountering backmarkers who were fighting for position. He won by seven-and-a-half seconds from Barrichello, with the Ferraris of Räikkönen and Massa third and fourth.
After the end of the race, Button mistakenly parked his car in parc fermé in the pit lane as is normal for other Grands Prix, rather than on the main straight with the other two podium finishers as is the norm for Monaco. As a result, he had to run down the start/finish straight to the podium.
With his win, Button scored the  third-best  start to a season in Formula One history, with five victories and one  third place. Only Nigel Mansell  in 1992 and Michael Schumacher in 1994 recorded better starts, with each  taking five victories and one second place in the first six rounds. Also, his victory in the Brawn-Mercedes  marked the first time in modern F1 history that a single engine has won  three races in a row – engines in the  1950s lasted most of a season, sometimes more than one season. It was also the first time since 2006 that a driver had won three races in succession. Michael Schumacher was the last to do so, as he won the United States, French  and German Grands Prix.


== Classification ==
Cars that used KERS are marked with ""‡""


=== Qualifying ===

^1 Lewis Hamilton was given a five place grid penalty for an unscheduled gearbox change following the qualifying session, as per the sporting regulations.
^2 Timo Glock had to start from the pit lane following modifications in the car between the qualifying and the race.


=== Race ===


== Championship standings after the race ==

Note: Only the top five positions are included for both sets of standings.


== See also ==
2009 Monaco GP2 Series round


== References ==


== External links =="
7,2009,7,5,Turkish Grand Prix,2009-06-07,http://en.wikipedia.org/wiki/2009_Turkish_Grand_Prix,"The 2009 Turkish Grand Prix (officially the 2009 Formula 1 ING Turkish Grand Prix) was the seventh motor race of the 2009 FIA Formula One World Championship. It was held on 7 June 2009 at Istanbul Park, Tuzla, Turkey.
The race was won by Jenson Button, with Mark Webber and Sebastian Vettel of Red Bull Racing completing the podium. Vettel had qualified on pole but a mistake on the first lap scuppered his chances of victory.


== Report ==


=== Background ===
Jenson Button led the Drivers' Championship by 16 points from his teammate at Brawn, Rubens Barrichello going into the race, while Brawn GP led the Constructors' Championship by 43.5 points from Red Bull.
Tyre supplier Bridgestone selected the hard and soft tyres for the Grand Prix weekend.


=== Practice ===
In Friday practice 1, Williams, Ferrari and McLaren performed well, Nico Rosberg, Lewis Hamilton and Jarno Trulli posting the top 3 times. Brawn, Toyota, Red Bull and Renault ran mid field during the session with BMW and STR backmarking.
In Friday practice 2, Williams, Renault and Red Bull were the most consistent performers, Heikki Kovalainen, Fernando Alonso and Robert Kubica posted the top 3 times. Ferrari, Brawn and Toyota ran mid field during the session with Force India and STR backmarking.
After both Friday practice sessions, individual performances were quite mixed, the only consistent constructor was Williams as BMW and McLaren saw mixed results, while top running teams Brawn and Red Bull ran upper mid field for both sessions.


=== Qualifying ===

Sebastian Vettel dominated the qualifying session on Saturday 6 June 2009, setting the fastest time in all three parts of qualifying to claim his second pole position of the season, and third of his career.
The first knockout session, to eliminate the five slowest cars, claimed the scalp of reigning World Champion Lewis Hamilton – only the second time the Englishman had failed to progress from the first session. Also eliminated were Nelson Piquet Jr., Sébastien Buemi, Giancarlo Fisichella and Sébastien Bourdais. They all produced times in the 1:28's.
In the second knockout session, the top 10, who progressed to the final shoot-out for pole, were separated by just 0.4 seconds, with Fernando Alonso and Nico Rosberg just sneaking through. Nick Heidfeld, Kazuki Nakajima, Timo Glock, Heikki Kovalainen and Adrian Sutil were knocked out, Heidfeld qualifying 11th for the second race in succession.
The third session to determine pole position was a tense battle with numerous drivers thinking they had claimed pole only for their time to be bettered.
Vettel was on provisional pole with a time of 1:28.801, with just a few minutes of the session remaining. Vettel's team mate Mark Webber then posted a 1:28.6, only for Button to go two-tenths of a second quicker after the chequered flag fell. Vettel, however, still had one lap left in him and went quicker again, reclaiming pole with a 1:28.316. Button's teammate Rubens Barrichello also improved on his final lap, moving up to third position, ahead of Webber, with a 1:28.5.


=== Race ===
History would favour Vettel, the previous four Turkish Grands Prix having been won from pole position. Button however had two more laps of fuel in qualifying, meaning he would have been on pole fuel-corrected.

Vettel initially made a strong start from pole, beating Button into the first corner. Vettel then ran wide at the tenth turn, gifting Button the lead. Button's Brawn team-mate had a less fortunate start, a clutch problem dropping him from third on the grid to thirteenth by the end of the first lap. Webber was running third, having initially been passed by Jarno Trulli before the Australian regained his position. Felipe Massa had moved up to fifth position, ahead of Kimi Räikkönen and Fernando Alonso. Reigning world champion Hamilton had lost a place on the first lap, meaning he was running in 17th position out of 20 runners.
At the front Button began to open up a lead over Vettel but the action was in the midfield, Nico Rosberg getting past both Ferraris to move up to fifth by lap six. On lap eight, Barrichello spun trying to pass Heikki Kovalainen after a wheel-to-wheel battle from Turns 9 to 16. The Brazilian dropped to seventeenth but quickly regained two places before losing part of his front wing in a clash with Adrian Sutil on lap eleven. Barrichello pitted on lap thirteen, conversely teammate Button had serenely opened up a 5.6 second lead at the front of the race.
The leaders began pitting for their first stops on lap 15, with Vettel the first to stop, followed by Button two laps later and Webber and Rosberg on lap 18. Significantly, Vettel was fuelled lighter on a three-stop strategy, in contrast to the other leaders two-stop strategy. Vettel was therefore able to close the gap on Button after the first stops with his lighter car, but was unable to make the pass he needed before his second stop on lap 29. Vettel exited the pits behind Webber, with all the leaders due to make one more pit stop.
On lap 37, Hamilton was lapped by championship leader Button, who made his second stop along with Webber on lap 43. Vettel briefly ran second but had to make his third pit stop on lap 48, demoting him back to third position. Trulli emerged from the pit stops in fourth, narrowly ahead of Rosberg, while Robert Kubica and Timo Glock had moved into the final points paying positions as Raikkonen struggled and Kazuki Nakajima was delayed by a left front wheel covering failing to attach in his final stop. Meanwhile, Barrichello's miserable race finally ended as he retired with a gearbox problem while running near the back of the field. This was the first time that a Brawn GP car was not running at the finish of a race.
Although Vettel closed the gap to Webber to just 0.7 seconds as the chequered flag fell, there were no significant positional changes in the final laps as Button cruised to his sixth win from the first seven races, a feat only matched by Alberto Ascari, Juan Manuel Fangio, Jim Clark and Michael Schumacher – who all won the World Championship after achieving this feat. Button also became the first Englishman to score record four consecutive victories since Nigel Mansell in 1992, who too went on to win the title that season.
The race attendance was reported as a meager 36,000, with the venue capable of holding 150,000.


== Classification ==


=== Qualifying ===
Cars that used KERS are marked with ""‡""


=== Race ===


== Championship standings after the race ==

Note: Only the top five positions are included for both sets of standings.


== See also ==
2009 Istanbul Park GP2 Series round


== References =="
8,2009,8,9,British Grand Prix,2009-06-21,http://en.wikipedia.org/wiki/2009_British_Grand_Prix,"The 2009 British Grand Prix (formally the 2009 Formula 1 Santander British Grand Prix) was a Formula One motor race held at the Silverstone Circuit in Northamptonshire, United Kingdom, on 21 June 2009. The 60-lap race was the eighth round of the 2009 Formula One season. It was scheduled to be the last British Grand Prix to be held at Silverstone, before the event moved to Donington Park for the 2010 season. However, due to Donington being unable to raise the required funds the event returned to Silverstone again in 2010, on a new layout. The race was won by Sebastian Vettel, who started on pole, with championship leader Jenson Button finishing in sixth position.


== Report ==


=== Background ===

Home driver Jenson Button led the Drivers' Championship by 26 points from Brawn teammate Rubens Barrichello. Barrichello was 8 points clear of Red Bull's Sebastian Vettel, who lay 1.5 points ahead of his teammate, Mark Webber.
Brawn GP led the Constructors' Championship by 39.5 points from Red Bull Racing and were a further 24 points ahead of Japanese manufacturer Toyota.
Home favourite and reigning World Champion, Lewis Hamilton, had won the previous year's event for McLaren. As well as Hamilton, the British Grand Prix has a history of native success. Down the years these include wins for David Coulthard, Johnny Herbert, Damon Hill, Nigel Mansell, John Watson, James Hunt, Jackie Stewart, Jim Clark and Stirling Moss. Britain was to be represented this year by Hamilton and Jenson Button.
Due to the continuing political dispute between the Formula 1 Teams Association (FOTA), the FIA and Formula 1 Management (FOM), there was talk that the teams against the proposed 2010 season budget cap would not compete in the 2010 season.
Other former British GP winners in the field were Ferrari's Kimi Räikkönen, Renault's Fernando Alonso and Brawn GP driver Rubens Barrichello.


=== Practice and qualifying ===

Sebastian Vettel was fastest in both the first and second practice sessions, with Mark Webber coming second in both. The final session saw Nico Rosberg top the time charts.
Qualifying began in some of the coolest conditions experienced all year, with an air temperature of just 16 °C (61 °F). The session was mostly dominated by the Red Bull drivers, until a late flying lap by Kazuki Nakajima saw him fastest by a tenth of a second. The session ended prematurely in the final minute when Adrian Sutil crashed heavily at Abbey, forcing reigning World Champion Lewis Hamilton to abort his final lap and leaving him nineteenth with Giancarlo Fisichella, Sébastien Bourdais, Sutil and Sébastien Buemi also eliminated. Sutil's accident was later found to have been a result of brake failure.
The second session did not begin until the remains of Sutil's car were removed from the circuit, with track conditions remaining constant and Red Bull continuing their pace, with Mark Webber remaining unchallenged for most of the session with teammate Sebastian Vettel only out-pacing him on his final run. Championship leader Jenson Button only narrowly missed elimination, setting the eight-fastest time at the end of the session when he had previously been sitting eleventh. Felipe Massa, Robert Kubica, Heikki Kovalainen, Nelson Piquet Jr. and Nick Heidfeld were all eliminated.
The third and final session saw most of the cars switching to the softer option tyre. Sebastian Vettel took pole from Rubens Barrichello, with Webber third. Button qualified sixth – his worst of the season – after Nakajima found some of his first-session pace to steal fifth place out from under him, resulting in his career-best qualifying position. When the weights of each car was published post-qualifying, it emerged that Vettel was 9 kg heavier than the Brawn of Barrichello and 7 kg heavier than teammate Webber. After qualifying, it was announced that BMW Sauber would be abandoning their KERS program for good.


=== Race ===

Vettel and Red Bull dominated the Grand Prix, with the young German driving away from the field from pole position, often pulling away from Barrichello at the rate of one second per lap.
It was a good day for the Red Bull drivers from the moment the lights went out, with championship rival Button dropping down to ninth position at the end of the first lap after a poor start. Fellow home driver Hamilton was having more success, albeit from 19th on the grid, gaining four positions in the first two laps. The mixed-up race order was perhaps reflective of the season as a whole, with the only World Champions in the field – Raikkonen, Alonso and Hamilton – at one point battling for 13th, 14th and 15th positions.
At the front of the race while Vettel was setting fastest laps, teammate Mark Webber was unable to pass Rubens Barrichello for second position until the Brazilian pitted on lap 20. Webber pitted a lap later but produced a good enough in-lap to emerge from the pits ahead of Barrichello. Nico Rosberg also benefited from the pit stop phase, emerging in fourth position, ahead of Felipe Massa.
Hamilton's eventful race at the back of the field continued, running off track on several occasions. He was able to pass teammate Heikki Kovalainen who had just emerged from the pits on lap 34. The following lap, Sebastian Bourdais attempted a similar manoeuvre at the Abbey chicane, however the Toro Rosso driver was less successful, colliding with the Finn and causing both cars to retire.
At the second round of pit-stops, Button was able to take advantage of a long middle stint to move ahead of Raikkonen and Trulli and up to sixth position, behind Massa, who had in-turn leap-frogged Rosberg for fourth. Button was on the faster tyre compound and pressured both cars until the finish, but was unable to pass Rosberg despite being just 0.3 seconds behind the German at the start of the last lap. Rosberg was himself just 0.8 seconds behind Massa.
As Vettel took the chequered flag, he was 15.1 seconds ahead of teammate Webber, who was a further 25.9 seconds ahead of Barrichello. Jarno Trulli finished in 7th ahead of Raikkonen, who had to endure late pressure from Trulli's teammate Timo Glock.  Hamilton finished a lowly 16th.


=== Post-race ===

The combination of the fast sweeping circuit suiting the updated Red Bull RB5 and cold conditions hampering the Brawn produced what was a disappointing result for pace-setting Brawn. Button's championship lead was reduced to a still substantial 23 points over Barrichello, who was now just 2 points ahead of Vettel. Webber was a further 3.5 points behind, while Brawn's Constructors' Championship lead was also cut.
Red Bull's Christian Horner declared his team could mount a serious title challenge following the successful showing of their updated car, claiming it should be quick on the remaining circuits. Vettel declared his car to be ""fantastic"" while Mark Webber praised the team but admitted a mistake in qualifying cost him any chance of winning. The race also saw Vettel claim his first ""hat trick"", with pole, fastest lap and the win. Button dismissed talk of Red Bull now having a sizeable advantage, saying Brawn looked weaker than they were because of the cool conditions.
There were contrasting emotions for 2008 title contenders Felipe Massa and Lewis Hamilton, Massa describing his race from 11th to 4th as good as winning the race while Hamilton said he was pushing his hardest despite finishing 16th.
Away from the track action, the talk of the paddock was the threat of a breakaway series, with FIA President Max Mosley confident of a solution to the dispute. Commercial rights holder Bernie Ecclestone admitted for the first time the British Grand Prix would be returning to Silverstone if Donington Park was unable to host the 2010 event.


== Classification ==
Cars that used KERS are marked with ""‡""


=== Qualifying ===


=== Race ===


== Championship standings after the race ==

Note: Only the top five positions are included for both sets of standings.


== See also ==
2009 Silverstone GP2 Series round


== References ==


== External links ==

Official results at Formula1.com"
9,2009,9,20,German Grand Prix,2009-07-12,http://en.wikipedia.org/wiki/2009_German_Grand_Prix,"The 2009 German Grand Prix (officially the Formula 1 Grosser Preis Santander von Deutschland 2009)  was the ninth race of the 2009 Formula One season. It was held on 12 July 2009 at the Nürburgring in Nürburg, Germany; the earliest German Grand Prix on the calendar (a feat since beat by the 2013 race), since 1926.
Australian Mark Webber took both his first pole position and his first Grand Prix win, with Sebastian Vettel coming in second, giving Red Bull their third 1-2 of 2009. Championship leader Jenson Button could only manage fifth. This was the last race for Toro Rosso driver Sébastien Bourdais who was dropped in favour of test driver Jaime Alguersuari for the Hungarian Grand Prix.


== Report ==


=== Background ===
In the lead-up to the race, despite 6th place at the British Grand Prix, Jenson Button maintained a 23-point lead over Brawn GP teammate Rubens Barrichello in the Drivers' Championship. Barrichello was 2 points further in front of Red Bull Racing's Sebastian Vettel, winner of the British Grand Prix. Brawn GP had a sizeable lead of 30.5 points in the Constructors' Championship with Red Bull Racing in second place. Toyota were 30 points behind the Austrian Red Bull team, with only Force India yet to score a point. The three former World Champions in the F1 field, Fernando Alonso, Kimi Räikkönen and Lewis Hamilton were 9th, 10th and 11th in the Championship, with 11, 10 and 9 points respectively.
2008 champion Lewis Hamilton won the 2008 German Grand Prix for McLaren-Mercedes, at Hockenheim. Former German Grand Prix winners in the field for 2009 include Fernando Alonso of Renault and Rubens Barrichello of Brawn GP. Barrichello and Alonso have also been successful at the Nürburgring when the circuit hosted the European Grand Prix.
The Nürburgring has the unique honour of hosting four different Formula One Grands Prix: the German Grand Prix on the old track in the 1950s, 60s and 70s as well as on the GP track in 1985 and on the revised circuit in 2009; the European Grand Prix in 1984 and from 1995 to 2007, with the exception of 1997 and 1998, when it was the Luxembourg Grand Prix. Most recently, F1 raced at the Nürburgring in 2020 for the Eifel Grand Prix, as part of a revised calendar due to Covid-19.


=== Practice and Qualifying ===
Qualifying saw drivers switch strategies to using wet weather tyres due to the rain and wet track. The track was dry as the drivers headed out for the first session. This yielded no surprises as the two Toro Rossos of Sébastien Buemi and Sébastien Bourdais were eliminated along with Giancarlo Fisichella's Force India, and the consistently underperforming Toyota of Timo Glock and BMW Sauber of Robert Kubica. Glock was later given a three place grid drop for blocking Renault's Fernando Alonso, but since he qualified 19th anyway this sent him to the back of the grid.
In the second session, the rain began to fall. This gave us some more interesting results, with both Williams cars going out. Both Nico Rosberg and Kazuki Nakajima said that they would have done better had it not been for the rain. They were joined in elimination by Alonso, Jarno Trulli's Toyota and Nick Heidfeld, who did well to qualify 11th in the other BMW Sauber. The German claimed he could have done even better, but the rain upset his strategy as well.
Nelson Piquet Jr. in the other Renault made the final session for the first time in 2009, but only managed 10th as the rain eased off again in the last ten minutes. The Ferraris of Felipe Massa and Kimi Räikkönen were disappointing, only managing 8th and 9th respectively. Räikkönen's race engineer Chris Dyer said that they didn't have any soft tyres left for the last qualifying lap, which cost them very dear. Adrian Sutil did excellently in the Force India to qualify not only in the top 10 for the first time, but ahead of the Ferraris in 7th. The McLarens of Lewis Hamilton and Heikki Kovalainen came 5th and 6th respectively, and both thanked the upgrades to the car for their improved performances.
Then came the fight for pole, which was solely between the four championship contenders - the Brawns of Jenson Button and Rubens Barrichello and the Red Bulls of Sebastian Vettel and Mark Webber. Webber was the first to cross the line in 1:32.230. Then Vettel did well to do 1:32.480, but it was a surprise for him to be beaten by his teammate. This looked to be the order, but Barrichello and Button both crossed the line in the dying seconds to split the Red Bulls, so Webber claimed the first pole position of his career. He described it as a ""special day"".


=== Race ===
Mark Webber and Rubens Barrichello were side by side coming to the first corner where Webber clashed wheels with the Brazilian, for which he later received a drive-through penalty. The Brawn driver still managed to jump the Red Bull driver to take the lead. Lewis Hamilton also made a fast start in the McLaren and challenged for the lead, but he made slight contact with Webber at the first corner and received a puncture, ending his chance for points. He lost a lap in the pits, ultimately finishing 18th, still one lap down. Jarno Trulli also collided with Kazuki Nakajima's Williams at the first corner, and the Italian had to pit for a new nosecone for his Toyota, leaving him at the back of the field with Hamilton.
Webber retook the lead on lap 15 as Barrichello pitted and soon after pitted but returned in the lead, which was a good job as he pitted again for the drive through penalty soon after that, which dropped him to eighth. This left Felipe Massa in the lead in the Ferrari followed by Barrichello and Kimi Räikkönen.
Bourdais retired due to hydraulic problems on his lap 19, in what would ultimately be his final race at Scuderia Toro Rosso. Adrian Sutil in the Force India climbed into second before his first pitstop, but as he emerged from the pits he collided with Räikkönen's Ferrari. The German had to pit again for a new nosecone, and lost several places.
Barrichello retook the lead after Massa's pitstop, but lost it again to an impressively recovering Webber in the second stops. Teammate Sebastian Vettel also briefly led before everything settled down with Webber in the lead.
Räikkönen retired with a radiator problem on lap 35, briefly promoting Giancarlo Fisichella into the points, but the Italian failed to score his first points for Force India, as his pitstop allowed former teammate Fernando Alonso into the points in his Renault.
Alonso made a late charge as Jenson Button and Rubens Barrichello struggled for grip, but he could not find a way past. Despite the drive through penalty for impeding Barrichello on the first lap, Webber came home to claim his maiden victory and become this first Australian winner in almost thirty years. He was followed home by Vettel, who was over nine seconds behind. Massa came home a distant but impressive third, his first and only podium of the year as he was injured during qualifying for the next race and didn't race again for the rest of the season. Jenson Button had managed to jump teammate Barrichello during the second stops and came home fifth with the Brazilian very close behind, and also closely followed by Alonso. The Spaniard had made a charge in the closing stages but was unable to find a way past the Brawns, despite setting the race's faster lap, who were struggling for grip. Heikki Kovalainen occupied the final points paying position in an ultimately disappointing race for McLaren.
Webber said it was an ""incredible day"" for him, and his sentiments were echoed by Red Bull sporting director Christian Horner, who described his team's 1-2 finish as a ""brilliant team performance"". Webber's win was the first for an Australian driver since 1980 World Champion Alan Jones won the 1981 Caesars Palace Grand Prix.


== Classification ==
Cars that used KERS are marked with ""‡""


=== Qualifying ===

^1 Timo Glock received a 3 place grid-penalty for obstructing Fernando Alonso. As he was already 19th on the grid, he was sent to the rear.


=== Race ===


== Championship standings after the race ==

Note: Only the top five positions are included for both sets of standings.


== See also ==
2009 Nürburgring GP2 Series round


== References ==


== External links =="
10,2009,10,11,Hungarian Grand Prix,2009-07-26,http://en.wikipedia.org/wiki/2009_Hungarian_Grand_Prix,"The 2009 Hungarian Grand Prix (officially known as the Formula 1 ING Magyar Nagydíj 2009) was a Formula One motor race held on 26 July 2009 at the Hungaroring in Mogyoród, 18 km (11 mi) north of Budapest, Hungary. It was the tenth race of the 2009 FIA Formula One World Championship. The 70-lap race was won by 2008 world champion Lewis Hamilton for McLaren-Mercedes, after starting from fourth place on the grid. The 2007 world champion Kimi Räikkönen finished second for Ferrari, with Red Bull Racing's Mark Webber finishing third. Championship leader Jenson Button had a poor race to finish seventh, allowing Webber to reduce the points gap in the championship.
Hamilton's win was his first since the 2008 Chinese Grand Prix, which was also the last time he had appeared on the podium. The result also marked the first time that a car equipped with a regenerative brake system (KERS) had won a race. Räikkönen's second place was Ferrari's best result of the season so far, but his teammate Felipe Massa suffered a serious accident during the second part of the Saturday afternoon qualifying session which left him with a fractured skull. The race also saw the debut of World Series by Renault racer and 2008 British Formula Three champion Jaime Alguersuari, who became the youngest Formula One driver in the championship's 59-year history, at the age of 19 years and 125 days, and the first to be born in the 1990s. However, Alguersuari's record has been broken since Max Verstappen debuted in 2015. He replaced the fired Sébastien Bourdais at Scuderia Toro Rosso.


== Background ==
Heading into the weekend, Jenson Button led the Drivers' Championship on 68 points for Brawn GP, 21 points clear of Red Bull Racing's Sebastian Vettel. Vettel's teammate Mark Webber, who signed a new one-year contract before the race weekend, was 1.5 points behind Vettel and an equal number ahead of Button's teammate Rubens Barrichello.
Brawn GP also held the lead in the Constructors' Championship, with a lead of 19.5 points from a resurgent Red Bull Racing, who were a further 48 points clear of Toyota. Toyota held an advantage of only 1.5 points over defending champions Scuderia Ferrari.
Webber won the previous race in Germany from pole position, to claim his first win at the 130th attempt. Despite an early drive-through penalty assessed for a dangerous manoeuvre to keep the Brawn GP car of Barrichello behind him at the start, the Australian driver had enough time in hand to rejoin out front and win by nearly ten seconds from Red Bull Racing teammate Vettel.

Felipe Massa was third, to earn his first podium of the 2009 season to date. Championship leader Button could only muster a fifth-place finish, after being overhauled by the one-stopping Williams of Nico Rosberg, who finished fourth having started fifteenth.
Prior to the race, the Hungarian Grand Prix had produced different winners for each of the last seven years, with Heikki Kovalainen (McLaren-Mercedes; 2008), Lewis Hamilton (McLaren–Mercedes; 2007), Button (Honda; 2006), Kimi Räikkönen (McLaren–Mercedes; 2005), Michael Schumacher (Ferrari; 2004), Fernando Alonso (Renault; 2003) and Barrichello (Ferrari; 2002) taking the chequered flag. The Hungaroring had also been the scene of the maiden victories of Button, Alonso and Kovalainen.
Much of the talk prior to the weekend was about the appointment of Jaime Alguersuari to replace Sébastien Bourdais at Scuderia Toro Rosso. Alguersuari did not have any circuit testing experience in a Formula One car, and had only undertaken straight-line aerodynamic tests the week before the Grand Prix, in Faenza. Felipe Massa felt that Alguersuari—who had 118 prior single-seater races under his belt, with 17 wins—was too young and inexperienced to be driving a contemporary Formula One car. Mark Webber and Jenson Button also expressed their fears about Alguersuari driving at the Hungaroring. However, Sebastian Vettel came to the support of the Spaniard, saying that he should take his time to build up speed.


== Practice ==

Three practice sessions were held before the race; the first was held on Friday morning and the second on Friday afternoon. Both sessions lasted 1 hour and 30 minutes with weather conditions dry throughout, the air temperature at 24 °C (75 °F), and the track temperature at 30 °C (86 °F). for session one. Session two saw the air temperature at 28 °C (82 °F), and the track temperature at 45 °C (113 °F). The third session was held on Saturday morning and lasted an hour, and was also dry throughout, with the air temperature at 21 °C (70 °F), and the track temperature at 26 °C (79 °F). McLaren were the pace-setters in both Friday practice sessions, with Kovalainen topping the first and Hamilton topping the second.
Apart from the upturn in McLaren's performance, the usual Friday pace-setters were also competitive, with Williams drivers Nico Rosberg and Kazuki Nakajima both setting times that were good enough for top five positions in both sessions. The Red Bull of Mark Webber was also in the top five in both sessions, as he continued his recent good form.
Brawn GP implemented their usual strategy of running with fuel during Friday practice sessions. In the first session, Jenson Button was tenth and Rubens Barrichello was thirteenth. In the second session, Barrichello improved to seventh place, while Button dropped back to thirteenth. That said, Button's lap time was only 0.727 seconds off the fastest time of Hamilton, in an extremely tight session.
Jarno Trulli was the top Toyota in both sessions, finishing up sixth and eighth, beating teammate Timo Glock, who was fourteenth and tenth. Renault had a mixed session, with Alonso and Nelson Piquet Jr. struggling to get the ideal setup for the car. Alonso was seven tenths of a second off in both sessions, while Piquet improving to just a tenth and half behind his teammate. Massa and Räikkönen posted times good enough for P7 and P8 in the first session, but were adrift in the second session, with neither driver in the top ten, which left the Ferrari drivers disappointed with the lack of pace.
BMW Sauber were another team to struggle in practice, with times some six tenths of a second off the pace, which left both drivers unhappy with the setup. Nick Heidfeld's time in the second session was their best showing, ending up in ninth position. Force India outpaced Toro Rosso in both sessions, with both cars lapping within a second of the best times. Giancarlo Fisichella (16th and 17th) and Adrian Sutil (18th and 16th) were both confident that they could improve on those times on Saturday. Sébastien Buemi found himself doing much of the setup work for the Italian outfit, improving his lap time by eight tenths of a second, between sessions. Alguersuari produced a solid performance in both sessions, but still ranked last in both sessions. Each driver completed 82 laps over the two sessions.
McLaren again topped the times during the Saturday practice session with Hamilton posting the best time. Heidfeld was a surprise second for BMW Sauber, with Nico Rosberg in third. Kovalainen was fourth, ahead of the Toro Rosso of Buemi and the Toyota of Glock. Glock's session was far from trouble-free, as his Toyota developed a hydraulic leak during its first flying lap. He returned to the track just before the end of the session, to record the sixth best time. Only seven tenths of a second split Heidfeld in second from Barrichello's Brawn in thirteenth. At one point, Jaime Alguersuari was as high as second position, before falling down to 18th by the end. Both Force Indias lapped slower than the teenager, with Sutil also having an incident, misjudging turn eight and hit the barrier.


== Qualifying ==

The qualifying session on Saturday afternoon was split into three parts. The first part ran for 20 minutes, and cars that finished the session 16th or lower were eliminated from qualifying. The second part of qualifying lasted 15 minutes and eliminated cars that finished in positions 11 to 15. The final part of qualifying determined the positions from first to tenth, and decided pole position. Cars which failed to make the final session could refuel before the race, so ran lighter in those sessions. Cars which competed in the final session of qualifying were not allowed to refuel before the race, and as such carried more fuel than in the previous sessions. Weather conditions for the session saw the air temperature at 23 °C (73 °F), and the track temperature at 41 °C (106 °F).

The first part of qualifying saw Rosberg top the times, with a lap of 1:20.793, towards the end of the session. Hamilton and Webber were the only other drivers to record laps in the 1:20s. Alguersuari, who was 19th with several minutes remaining, slowed out of turn 12 with a hydraulic failure that left him unable to return to the pits. He fell to 20th and last on the grid, after Sutil (who moved up to 18th) lapped quicker than he did. The two were joined on the sidelines by the BMW Saubers of Heidfeld and Robert Kubica, and the second Force India of Fisichella.
After a seven-minute break, the second part of the qualifying session got underway. With just a second covering the fifteen remaining drivers, many drivers set their quickest laps in the final few minutes of the session. As the session ended, the Ferrari of Massa, who was sixth at the time, was involved in a serious accident at turn four. Replays showed debris striking his Schuberth helmet, 1 inch above the left eye, when he was travelling at 261 km/h (162 mph). The impact knocked him unconscious, with his car straying towards the grass verge on the inside of turn four. The onboard footage from his car showed that he had his feet on both the accelerator and the brake pedals. The Ferrari decelerated at a force of between 0.6 and 1.4g and impacted with the barrier at 100 km/h (62 mph). After the car imbedded itself in the tyre barrier, the engine could be heard still revving on the limiter, indicating that Massa's foot was still pressing the accelerator and that he was thus unconscious. This accident came just six days after FIA Formula Two Championship driver Henry Surtees was fatally injured after being struck on the head by a wheel bouncing across the circuit at the Brands Hatch track in the United Kingdom, and provoked some discussion about the safety of open cockpit racing cars. The debris, a spring from the rear suspension damper (weighing around 800 grams), was suspected of having come from the car of Barrichello, who had reported that something had come loose minutes beforehand. Brawn confirmed the part had indeed come from Barrichello's car, and changed the same part on teammate Button's car ahead of the race. It was also subjected to an inspection during the third qualifying session, leaving Button with only one run for qualifying, due to the lengthy inspection.
Despite Massa's accident, some drivers improved their times towards the end of the session as they had passed the zone before the accident, meaning that Massa fell to eighth position. Button and Nakajima both progressed into the third part of qualifying, with their times set despite the yellow flag at turn four for Massa's accident. Barrichello's problem meant that he and the Brawn team missed out on the top ten shootout for the first time this season. He was joined on the sidelines by Buemi, Glock, Nelson Piquet Jr. and Trulli. Even though Massa's time was quick enough to progress to Q3, his crash ruled him out of any further participation in the session. He was slowly extricated from his damaged Ferrari, and taken to the infield medical centre, where he was stabilised before being airlifted to hospital. This meant that there were only nine drivers in the final part of qualifying, which was delayed by twenty minutes due to the lengthy amount of time taken to remove Massa, repair the tyre barrier and check the track for any further debris.
With qualifying nearing its conclusion, the official timing system malfunctioned, leaving the drivers bemused in the pit lane afterwards, asking each other their times for comparisons. The problem was later revealed by Formula One Management and LG as being a broken cable. When the timing system came back online, Fernando Alonso discovered that he had set the fastest time, recording his first pole since the 2007 Italian Grand Prix. Joining him on the front row was Vettel, with Webber and Hamilton on row two. On row three were Rosberg, who was top when the system went down, and defending race-winner Kovalainen. When the cars' starting weights were released post-qualifying, Alonso was light compared to all those around him. He was some 17.5 kg lighter than Vettel, and at the extreme, 27 kg lighter than Button, who qualified eighth.
Ferrari latterly confirmed that Massa would miss the Grand Prix due to his accident. He suffered a head cut, bone damage to his skull and a concussion, and remained under observation in intensive care, in the Állami Egészségügyi Központ military hospital in Budapest. He underwent successful surgery for the injuries he suffered in his accident. This meant that for the first time since the 2005 United States Grand Prix, a field of fewer than 20 drivers took part in a Grand Prix. It was also the first time that Ferrari fielded only one car in the race since the 2002 French Grand Prix when Rubens Barrichello failed to start due to ignition problems.


=== Qualifying classification ===
Cars that use the KERS system are marked with ""‡""

^1  – Felipe Massa was injured in the second phase of qualifying and therefore did not set a time for Q3.
^2  – Owing to Massa's inability to start the race, all cars behind him moved up one place to close the gap.


== Race ==
The conditions on the grid were dry before the race, the air temperature at 26 °C (79 °F), and the track temperature at 43 °C (109 °F). The formation lap for the race began at 14:00 local time (UTC+2), with the race beginning a couple of minutes later. Alonso retained his pole position lead into the first corner, followed by a fast-starting Hamilton, Webber, Räikkönen and Vettel, who had made a slow start from the ""dirty"" side of the grid. Hamilton and Räikkönen nearly touched on the run to turn one, which in effect slowed the Finn slightly and allowed Webber to maintain third. Hamilton ran slightly wide on the exit of the first corner, which allowed Webber to challenge him. The counter-effect caused Räikkönen and Vettel to stack up, with the German's Red Bull making slight contact with the rear of the Ferrari. Vettel lost further places to Rosberg and Kovalainen as a result of the incident. Räikkönen would latterly be investigated after the race for both of his first lap incidents. At the end of the first lap, Sutil came into the pits from 19th place with water pressure problems. The problem was terminal and he became the first retirement of the afternoon. Alonso started to pull away from the field, setting his fastest lap of the race (1:23.529) on lap four.

Positions remained static until the start of lap five. Hamilton pressured Webber in turn one, and with the aid of the KERS button, overtook the Australian before turn two. Once clear of Webber, Hamilton started to cut into the gap that Alonso had built up at the front. Alonso's Renault was suffering from graining on its rear tyres (when the tyres shed little bits of rubber before sticking to the tread of the tyre, effectively separating the tyre from the track surface very slightly), and also a fuel pump problem, which forced him to change to a different fuel setting on the car. Alonso pitted on lap twelve, and was stationary for 6.4 seconds. However, he was released with his front right wheel incorrectly attached, causing the wheel-mounted brake duct or ""spinner"" to rotate while the wheel was turning. The duct then fell off and disintegrated at turn four, as Alonso continued to go round the circuit. The wheel then parted from the car at turn nine, and Alonso drove the car back to the pits on three wheels. The missing wheel was replaced, enabling him to continue in the race, but he returned to the pits on the following lap, as the earlier fuel pump problem proved terminal.
With Hamilton extending his lead to almost six seconds—including his fastest lap of 1:22.479 on lap sixteen—Räikkönen and Webber both pitted on lap nineteen. Räikkönen was at a standstill for 8.3 seconds, while a slight problem with the fuel rig cost Webber valuable seconds. He was eventually released just as the Ferrari was trundling down the pit lane. The two cars just avoided a collision, which almost caused the Red Bull to career into a number of the Williams mechanics, who were standing in the pit lane at the time. Hamilton pitted the following lap, but was slightly delayed by Rosberg's Williams, which had entered the pit lane as Hamilton was about to exit the McLaren pit box. This promoted Kovalainen into the lead, followed by Vettel but both drivers pitted at the end of lap 21, to hand the lead back to Hamilton. Vettel's sluggish pit-stop cost him track position, as he filtered out behind Rosberg.

During Hamilton's stint on a second set of super-soft tyres, he was told by race engineer Phil Prew to look after his tyres as he had a comfortable gap of 15 seconds over Räikkönen. Championship leader Button, who was heavily fuelled at the start, had improved up to second by the time of his first stop on lap 25. Vettel was struggling with his car, and was passed for eighth position by Barrichello on lap 27. He then reported to his race engineer Guillaume Rocquelin that something was broken on his car. He pitted at the end of the lap from eleventh position, having lost more places, and his pit crew routinely replaced the nosecone and took a detailed look at the rear suspension. He rejoined a lap down before retiring on lap 30. Debutant Alguersuari made his first Formula One pit stop on lap 28, when running in thirteenth place. Glock also moved into the points-scoring positions at this stage of the race by using the strategy of a long 32-lap first stint. Buemi spun at turn two on lap 38, and subsequently rejoined the circuit behind his teammate Alguersuari.
Hamilton was left unchallenged for the rest of the race, making his final pit stop on lap 46, and came home to win his first race as World Champion. This was his first victory since the 2008 Chinese Grand Prix, his tenth in total, and also the first time that he had won at a circuit twice, having won at nine different circuits previously. This was also the first occasion on which a KERS car had won a Grand Prix; Räikkönen (in another KERS car) came in second, setting his fastest lap on the final lap. Webber finished third, a result which moved him into second in the championship standings past Vettel. Webber also recorded the first fastest lap of his career, with a lap of 1:21.931 on lap 65. Rosberg finished fourth for the third race in succession, heading home Kovalainen, Glock, Button and Trulli rounded out the top eight point scorers. Outside the point-scoring positions were Nakajima, Barrichello (the first time that a Brawn car had finished a race outside the points), Heidfeld, Piquet, Kubica, Fisichella and the Toro Rossos of Alguersuari and Buemi. With Button's seventh place, his lead in the drivers' championship over Webber was cut by four points, to 18.5 points.


== Post-race ==

The top three finishers appeared on the podium and in the subsequent press conference, where Hamilton was overjoyed at being back at the front of the field: ""It’s an incredible feeling to be back here after what feels such a long time away and with such a struggle with me and my team. But as I said on the in lap I am just so proud of the guys, as I go into the factory and I see how hard everyone is pushing. Everyone wants to win just as much as I do and they never gave up. They have never given up which is something very rare to see in such a large group of people. I am very, very proud of them. We didn’t expect to win this weekend. Undoubtedly we have caught up quite a bit but we never felt we had the pace to win. But the car felt fantastic and it is incredibly special to get back up here, not only on the podium, but to get a win. It is amazing.""
Räikkönen also achieved his best result of the 2009 season to date, but was unaware that the moves that he made at the start of the race were under investigation, to be looked at after the race.

I don’t know about the whole thing, so if you can tell me what it’s about that would be nice...I haven’t even noticed if I touched somebody. I was in-between, I think, Mark and somebody else but I don’t know what is going on. That is the first time when you told me but I didn’t feel any touching or anything, so I cannot comment on that.
Webber's podium finish moved him into second place in the championship standings. He was surprised, however, at the way proceedings played out, describing his result as ""a little bit of a surprise. I think we expected to be a little bit quicker after our running on Friday but to be honest we knew these guys would be around us. It was a pretty difficult venue for us and we knew that we didn’t have the advantage maybe that we had in the last few events. All in all for me I am still pretty happy to get the result we did. I think we had a better chance to fight Kimi if maybe we did a slightly different pit stop and maybe chose a different tyre but that was my call. I was worried about how long the length of the stint was and it was quite difficult to know which tyre to put on but overall we still have a lot of positives. We are still up here. We haven’t been blown away by any means. We are in the hunt and we can take our car to a lot of venues and be competitive, so our guys and Renault have a lot to be proud of. We are still very much a force, so it is still a positive day for us.""
Two hours after the race's conclusion, representatives of Ferrari, Red Bull and Renault were summoned to see the race stewards due to the various incidents that occurred during the race. Ferrari and Räikkönen were cleared of any wrongdoing in either of his incidents with race-winner Hamilton and Vettel on the first lap of the race. Red Bull were given a reprimand for the second race running, due to the unsafe release of Webber into the direct path of Räikkönen in the pit lane, at the first round of pit stops. Red Bull had been in a similar situation at the German Grand Prix, when Vettel was released unsafely into the path of Kazuki Nakajima during qualifying, and the team were given a €10,000 fine. Renault received the harshest punishment of the three incidents, in the form of a suspension from the next race of the season, the European Grand Prix. The race stewards felt that Renault ""knowingly released car no. 7 [Alonso] from the pitstop position without one of the retaining devices for the wheel-nuts being securely in position, this being an indication that the wheel itself may not have been properly secured. Being aware of this, [Renault] failed to take any action to prevent the car from leaving the pitlane. [Renault] failed to inform the driver of this problem or to advise him to take appropriate action given the circumstances, even though the driver contacted the team by radio believing he had a puncture, resulting in a heavy car part detaching at Turn 5, and the wheel itself detaching at Turn 9."" which was in breach of Articles 3.2 and 23.1.i in the Sporting Regulations. Within half an hour of the decision, Renault filed the mandatory cost of €6,000 to appeal against the decision. The International Court of Appeal heard the case on August 17; the Monday before the European Grand Prix and the court upheld bid for the suspension to be overturned. The team was fined $50,000 for the breach of the regulations in Hungary, and were allowed to race at Valencia.

Massa's condition continued to improve over the course of the weekend, the Brazilian having been sedated in a coma for 48 hours. After being visited by Ferrari and Fiat president Luca Cordero di Montezemolo and also Rubens Barrichello, doctors from the Állami Egészségügyi Központ military hospital released a statement saying that Massa could make a full recovery. Massa could be released from hospital within a week to ten days, depending on how well he progresses. Massa's doctor, Dino Altmann, also told the media that he is certain that Massa will race again, having stated that the trauma suffered by the Brazilian was not as bad as first thought, and that his condition has improved rapidly, taking his first steps since the crash, when he left the intensive care unit. Massa left hospital on August 3, returning home to Brazil to recuperate. He checked into the Sociedade Beneficente Israelita Brasileira Hospital Albert Einstein in São Paulo for a series of medical tests that would allow him to recuperate at home, rather than in hospital. All the results of the tests for abnormalities came back negative, and Massa was given the all-clear to continue his recuperation.

Rumours began circulating that any one out of Ferrari advisor Michael Schumacher, and the team's two test drivers Luca Badoer and Marc Gené would be replacing Massa for the European Grand Prix, and the succeeding events. On July 29, Schumacher agreed to drive the car until Massa was fit enough to return, subject to medical tests. However, Schumacher called off his return on August 11, due to a lingering neck injury which he had suffered six months earlier, while testing a Honda CBR1000RR motorcycle at Circuito Cartagena. Badoer replaced Massa in Valencia, and competed in his first Grand Prix since 1999. The gap of nine years, nine months and 24 days was the second-longest gap between Grands Prix competed, with only Jan Lammers (ten years, three months; when he returned to Formula One in 1992), having a lengthier spell between races.
The Hungarian Grand Prix was also the last race for Renault's Nelson Piquet Jr. as he parted company with the team on August 3, 2009 and he would not race in a Formula One Grand Prix again. Romain Grosjean was announced as his replacement, with his GP2 Series team Barwa Addax signing up Davide Valsecchi to replace him; ending his title aspirations.


=== Race classification ===


== Championship standings after the race ==

Note: Only the top five positions are included for both sets of standings.


== See also ==
2009 Hungaroring GP2 Series round


== References ==


== External links ==

Official Hungarian Grand Prix results from
FIA (archived)
Formula1.com (archived)"
11,2009,11,12,European Grand Prix,2009-08-23,http://en.wikipedia.org/wiki/2009_European_Grand_Prix,"The 2009 European Grand Prix (formally the 2009 Formula 1 Telefónica Grand Prix of Europe) was a Formula One motor race held on 23 August 2009 at the Valencia Street Circuit in Valencia, Spain. It was the 11th race of the 2009 Formula One season. The race was contested over 57 laps, an overall race distance of 308.9 km (191.9 mi). The winner was Rubens Barrichello for Brawn GP after starting from third on the grid. The 2008 world champion Lewis Hamilton finished second for McLaren-Mercedes, while 2007 world champion Kimi Räikkönen finished in third for Ferrari. Championship leader Jenson Button finished in seventh for the second race in a row, but extended his lead as Red Bull Racing's Mark Webber and Sebastian Vettel both failed to score.
It was Barrichello's first Grand Prix victory since the 2004 Chinese Grand Prix, 85 races before, while he was still driving for Ferrari. He also marked the 100th victory for a Brazilian driver in F1. Hamilton's second place granted him another podium, while Räikkönen's third place was his second podium in a row. The race saw the debut of GP2 Series driver Romain Grosjean. He replaced Nelson Piquet Jr. at Renault. This race also saw the Grand Prix return of Luca Badoer who had not raced since the 1999 Japanese Grand Prix. He replaced the injured Felipe Massa at Ferrari. Also, Timo Glock scored his first, and Toyota's last, fastest lap.
No overtakes were recorded during this race.


== Report ==


=== Background ===
Jenson Button headed into the weekend still on top of the Drivers' Championship by 18.5 points in front of Mark Webber who had jumped ahead of team-mate Sebastian Vettel, who was on 47 points was only 3 points ahead of Brazilian Rubens Barrichello.

Brawn GP still lead the Constructor's Championship by 15.5 points from Red Bull Racing, with a further 58.5 points separating them from defending champions Ferrari. Ferrari had jumped Toyota after Kimi Räikkönen has finished 2nd place in the previous race.
Lewis Hamilton of McLaren-Mercedes won the last race in the championship, 4 weeks previously in Budapest for the Hungarian Grand Prix. He qualified 4th on the grid and won the race in dominating style to take his first race victory since the 2008 Chinese Grand Prix. Hamilton's win also marked the first victory for a car equipped with KERS. Kimi Räikkönen earned second place, his best result of the season. This however was only his second podium and his fourth points scoring finish of the season. Mark Webber finished third, Jenson Button finished 7th, and Rubens Barrichello came 10th while Sebastian Vettel retired because of suspension damage.

Felipe Massa dominated the 2008 race, leading 50 of 57 laps from pole and setting the fastest lap in the process. Former European Grand Prix winners Rubens Barrichello and Fernando Alonso were also racing, though Massa is the only winner at Valencia.
Massa would miss the Grand Prix after he underwent surgery following an accident in the second part of qualifying at the Hungarian Grand Prix. He had life-threatening injuries including a fractured skull, and it was expected that he would be in recovery for at least six weeks. Consequently, this Grand Prix would see the return of Luca Badoer to Formula One in order to replace Massa. Badoer has the record for most races in Formula One without points with 48; he was perhaps closest to scoring points when he retired from fourth in the 1999 European Grand Prix for Minardi.
Meanwhile, Renault announced on 4 August that Nelson Piquet Jr.'s contract with the team had been terminated with immediate effect; this decision was made after Piquet had not scored a single point all season. His replacement Romain Grosjean was announced on 18 August. It was believed that he would be racing for the remainder of the season.
Renault had initially been suspended from the Grand Prix as a result of the events that led to a wheel coming off Alonso's car during the Hungarian Grand Prix. However, Renault appealed to the FIA Court of Appeal, who overturned the suspension, and enabled Alonso to race at his home Grand Prix.


=== Practice and qualifying ===
Three practice sessions were held before the start of qualifying; the first was held on Friday morning and the second in the afternoon. Both sessions lasted 1 hour and 30 minutes with weather conditions dry throughout, as the air temperature at 27 °C (80 °F) and the track temperature at 36 °C (97 °F) in session one. Session two saw the air temperature at 30 °C (86 °F) and the track temperature rise dramatically to 52 °C (125 °F) in session two. The third session was held on Saturday morning and lasted 1 hour; it was also dry throughout with the air temperature at 28 °C (82 °F) and the track temperature at 41 °C (106 °F).

Brawn came back to form with the track temperature higher than at other circuits making Barrichello the pace-setter with the two McLarens behind him. Kovalainen and Hamilton were only separated by 0.018 seconds. Nico Rosberg who has topped most Friday practice sessions throughout the season struggled in his Williams coming 14th in session 1, 1.3 seconds off Barrichello, while team-mate Kazuki Nakajima fared better, coming 7th. However both Rosberg and Nakajima got into the top five in the second session. Fernando Alonso in his home grand prix topped the second session while Hamilton came last after spinning out early on and damaging his car.
Renault's Romain Grosjean had a solid two sessions, coming 17th and 13th respectively, although Alonso outpaced him in each by over a second. Luca Badoer came 20th and 18th in the two Friday sessions as he continued to struggle with the car as team-mate Kimi Räikkönen was 11th and 10th in the two sessions. The Toyotas struggled in session 1 with Jarno Trulli and Timo Glock coming 18th and 19th respectively. Although there was a small piece of hope as Trulli in the second session came 12th and Glock came 15th, 0.225 seconds behind his team-mate.

Force India's big updates were showing improvements as Adrian Sutil came 6th in the first session, while in the second session Sutil came 6th again while Giancarlo Fisichella showed a bit of form when he came in 8th. BMW Sauber were still struggling as they came 12th and 15th. But Robert Kubica was hopefully showing a light at the end of the tunnel as he came 7th in the second session, splitting the two Force Indias.
Red Bull seemed to be struggling in the hotter conditions as they were outpaced in both sessions by title challengers Brawn. Vettel (5th and 9th) and Webber (8th and 14th) were hopeful things would improve on Saturday.
It was a surprise result on Saturday as Adrian Sutil topped the time sheets, as Vettel's engine blew halfway through the session causing it to be red-flagged as oil was on the track. The other Force India, Fisichella, was 0.621 seconds behind his team-mate in P6.
Kazuki Nakajima came in 2nd with Robert Kubica coming in 3rd. Heikki Kovalainen was the only one of the major contenders for pole in the top 5 as he came in 4th ahead of Nico Rosberg.
The Brawns were a little off the pace as Button (7th) and Barrichello (12th) were hoping for better. Both Red Bull cars were in the bottom 5 as Vettel (18th) and Webber (17th) continued to struggle in the hot conditions. Luca Badoer continued to be well behind the pace as he came in at 20th, 3.055 seconds behind session winner Adrian Sutil.

The qualifying session on Saturday afternoon was split into three parts. The first part ran for 20 minutes, and cars that finished the session 16th or lower were eliminated from qualifying. The second part of qualifying lasted 15 minutes and eliminated cars that finished in positions 11 to 15. The final part of qualifying determined the positions from first to tenth, and decided pole position. Cars which failed to make the final session could refuel before the race, so ran lighter in those sessions. Cars which competed in the final session of qualifying were not allowed to refuel before the race, and as such carried more fuel than in the previous sessions. Weather conditions for the session saw the air temperature at 30 °C (86 °F) and the track temperature at 39 °C (102 °F).

The first part of qualifying saw Button top the time sheets, with a lap of 1:38.531. With all the optimism of the pace of the Force India, Fisichella came 16th and was knocked out. Another big name that failed to make it was Kazuki Nakajima who came 2nd in practice just a few hours beforehand. Trulli, Alguersuari and Badoer were the others that joined them in not making it through to Q2.
The second session was topped by the other Brawn, Rubens Barrichello, a time of 1:38.076; half a second quicker than the quickest time in Q1. Sebastian Buemi came bottom of the session, half a second behind débutante Romain Grosjean in 14th. Glock, Sutil and Heidfeld were the others eliminated. Robert Kubica ended a long drought and made it to Q3.
The final 10-minute shoot-out began with very close lap times. As the chequered flag fell everyone was on their final lap. Button was the first of the main contenders to cross it for the final time and he didn't improve and stayed 5th. Next was Barrichello as he crossed the line and didn't improve and stayed 2nd. Kovalainen looked set for pole position but a lockup and a slide in the final corner could only get him up into second, so Hamilton didn't feel the need to complete his lap with no one else on fast laps. Hamilton got his first pole position of the season, but more importantly, it was a McLaren 1–2. Barrichello came third and a surprise 4th for Vettel as he split the Brawns. Räikkönen even with race fuel on board posted a lap time that was 1.279 seconds quicker than Luca Badoer's time in Q1 on low fuel. This was also the first time Lewis Hamilton had been on pole since the 2008 Chinese Grand Prix. Hamilton became the first driver to take pole position with a KERS car. This was also the first instance of an all KERS front row.
The fuel-adjusted times showed that Barrichello was actually the fastest in qualifying with Kovalainen 0.216 seconds behind him. Hamilton was third with Button in fourth and Vettel in 5th. Even though it had been an encouraging sign to see BMW in the top 10, the fuel-adjustments showed that even with fuel taken into account, the BMW was still 1.114 seconds slower than the Brawn of Rubens Barrichello.


=== Race ===

Around 12:00 (UTC) the formation lap for the Grand Prix started with race starting a few minutes later. With the air temperature at 31 °C (88 °F) and the track temperature at 49 °C (120 °F), it looked like the conditions were favouring the Brawn cars. The race started with Lewis Hamilton, Heikki Kovalainen and Rubens Barrichello as the top three after the first lap. Kimi Räikkönen had a good start making his way to fourth from sixth on the grid. Jenson Button had a poor start dropping to ninth in the first few corners, while Luca Badoer starting from the back of the grid jumped six positions to 14th at the start. Romain Grosjean then tapped the rear of Badoer's Ferrari, causing the Italian to spin. Grosjean had to pit for repairs, as did Timo Glock after he and Sébastien Buemi collided, the Swiss driver also pitting for a new nose. Mark Webber down in ninth got on the radio claiming that Button had cut the chicane to stop Webber's attempt of a pass. Button then fell behind Webber although it is unclear whether it was a legitimate pass or Jenson let the Red Bull driver through.
On lap 15, Hamilton and Sebastian Vettel came into the pits. Hamilton rejoined in sixth place but Vettel's fuel pump failed to work so he had to come in again. Kovalainen came in a lap later while Barrichello was pushing to try to build a gap. Button and Räikkönen pitted on lap 18, the Finn coming out in eighth while Button rejoined in 11th. Barrichello came in on lap 19, the Brazilian had made a lot of ground as he rejoined just behind Lewis after being around 10 seconds adrift. But most importantly for Brawn he had jumped the other McLaren of Kovalainen. On lap 24, a lot of smoke was pouring from the rear end of Vettel's car and he retired with a suspected engine failure. Hamilton was ordered over the radio to try to cool down his rear brakes as the temperature were getting out of control, but he was unable to shake off the challenge of Barrichello in second.

Hamilton seemed to have found some pace but he pitted soon after on lap 37. He came in but his new tyres were still in their blankets and a lot of time was wasted. Barrichello came in three laps later on lap 40 and came out in first. Button came in on lap 41 along with Alonso leaving Webber to tackle a bit of traffic. Webber pitted and the traffic had cost him as he came out behind Button and Kubica leaving himself out of the points. Räikkönen also jumped Kovalainen in the second round of stops.
As the race was heading into the closing stages, Hamilton seemed to be on a charge to try to catch the leading Brawn but in reality it looked only a mistake would stop the Brazilian winning. Meanwhile, Button was lapping a second off the pace just making sure his car got to the end. Kubica was catching Button at a high rate of knots but it seemed a long shot if Button was going to lose them two points. Barrichello took the chequered flag to win his first grand prix since the inaugural Chinese Grand Prix in 2004, and record the 100th win by a Brazilian driver in Formula One (including the victories of Emerson Fittipaldi, José Carlos Pace, Nelson Piquet, Ayrton Senna, Felipe Massa and Barrichello). Hamilton came second, while Finn Räikkönen came home in third. Kovalainen came fourth, while Nico Rosberg had a reasonably quiet race as he came home in fifth. Fernando Alonso came sixth in his home race, championship leader Jenson Button came seventh, while Robert Kubica came eighth, only his second points scoring finish so far this season. Neither Red Bull's Vettel or Webber scored a point, while Barrichello moved into second place in the drivers championship. Button kept his lead although he only added two points to his tally. Brawn edged further ahead in the constructors' championship by scoring 12 points with Red Bull not scoring a single point this weekend.


== Classification ==


=== Qualifying ===
Cars that use the KERS system are marked with ""‡""


=== Race ===
Cars that use the KERS system are marked with ""‡""


== Championship standings after the race ==

Note: Only the top five positions are included for both sets of standings.


== See also ==
2009 Valencia GP2 Series round


== References =="
12,2009,12,13,Belgian Grand Prix,2009-08-30,http://en.wikipedia.org/wiki/2009_Belgian_Grand_Prix,"The 2009 Belgian Grand Prix (officially the 2009 Formula 1 ING Belgian Grand Prix) was a Formula One motor race held on 30 August 2009 at the Circuit de Spa-Francorchamps, near the village of Francorchamps, Wallonia, Belgium. It was the 12th race of the 2009 Formula One season. The race was contested over 44 laps, with an overall race distance of 308.052 km (191.415 mi). The race was won by Kimi Räikkönen of Ferrari after starting from sixth on the grid. Giancarlo Fisichella of Force India came second after starting from the team's first and only pole position. Sebastian Vettel came third after starting from eighth on the grid.
It was Räikkönen's first Grand Prix victory since the 2008 Spanish Grand Prix and Ferrari's only victory of the season. Fisichella's second position gave Force India their first ever championship points and their first podium. This race also marks Fisichella's final podium and last points in Formula One, before he became a Ferrari test driver in 2010, as well as Räikkönen's 18th and last Grand Prix victory until the 2012 Abu Dhabi Grand Prix and his last for Ferrari until the 2018 United States Grand Prix. This was the last race for Luca Badoer.


== Report ==


=== Background ===
Jenson Button led the World Championship entering the Belgian race weekend despite not scoring a podium since early June. He had an 18-point lead over Brawn GP teammate Rubens Barrichello. Mark Webber was 2½ points behind Barrichello in third and was 4½ points ahead of Red Bull Racing teammate Sebastian Vettel. The respective recoveries of Ferrari and McLaren ensured that the last two World Champions, Kimi Räikkönen and Lewis Hamilton, had scored podiums in the two races leading up to Belgium. Brawn GP led Red Bull Racing by 27½ points in the Constructors' Championship. The next team, Ferrari, were 52½ points behind Red Bull and 80 points behind Brawn. Ferrari's Kimi Räikkönen, who had previously won the event three times, was the only former winner entered in the race.


=== Practice and Qualifying ===
Rain affected the first practice session of the weekend. Only 10 cars got dry lap times in while the rest of the field posting lap times in the wet. Jarno Trulli posted the fastest lap followed by Button. Fernando Alonso was third followed by the two Toro Rossos. Force India's Giancarlo Fisichella posted the fastest time off the wet runners followed by Nico Rosberg. Neither Vettel nor Hamilton posted lap times. The second session stayed dry throughout with Hamilton topping the session. Timo Glock was second and Räikkönen third, the top three cars were separated by less than 0.7s. Fisichella kept his pace for Force India as he came sixth. This was one of the closest sessions in the history of Formula One with 18 of the 20 cars coming within less than a second from the leader. Only Rosberg and Luca Badoer were more than a second away from Hamilton's time. Both Brawns struggled coming only 17th and 18th. This session may have seen another indication that BMW Sauber have greatly improved their car after Nick Heidfeld topped the session. Another Toyota came second with Trulli and Force India's Adrian Sutil came third. Hamilton took 9th place with Button rounding off the top ten. Red Bull's problems with the Renault engine continued as Webber's engine had a major problem. This gave Red Bull-Renault their third engine failure in a week.
The first session would see five cars drop out and decide the final five grid positions. Badoer qualified 20th for the second race in a row, after crashing at the end of the session and bringing out the yellow flag, causing many drivers to slow down. Fisichella topped the session with Trulli finishing just behind him. The other four drivers to be knocked out at the end of the session were Renault's Romain Grosjean (P19), Williams's Kazuki Nakajima (P18) and the two Toro Rossos of Jaime Alguersuari (P17) and Sébastien Buemi (P16). The second session would again see another five cars drop out to decide grid positions 11–15. The session was topped by the Toyota of Jarno Trulli, while BMW Sauber's Robert Kubica was second with Red Bull's Vettel coming third. Also significant in the second part of qualifying was the elimination of Brawn's Jenson Button who could only manage P14. The two McLarens of Heikki Kovalainen (P15) and Hamilton (P12) were also knocked out along with the second Renault of Alonso (P13) and Force India's Adrian Sutil (P11).

The final session would see the remaining 10 grid positions be decided. Williams's new aero package was not working as they would like as Rosberg qualified P10. The two Red Bulls of Webber (P9) and Vettel (P8) seemed to struggle in conditions favouring their cars. Glock took P7 with Räikkönen, driving the only KERS car in the top 10, coming in sixth. The two BMW Saubers' new updates seemed to be lifting the whole team as Kubica (P5) and Heidfeld (P3) achieved their best qualifying positions of the season. The only Brawn in the final session, that of Rubens Barrichello, took P4. One of the biggest surprises on an already unpredictable track, Force India took their very first pole position. It was Fisichella's first pole position since the 2006 Malaysian Grand Prix. Trulli took second place.


=== Race ===

As the race started everyone seemed to make a good start apart from Hamilton and Rubens Barrichello, the latter almost stalled his car, causing him to drop to the back of the field. At Les Combes, at the top of the hill, a crash caused the safety car to come out. Romain Grosjean ran into the back of Jenson Button who in turn spun 180° and collided with Grosjean for a second time, causing them to both retire. Lewis Hamilton backed off after seeing the incidents ahead of him, which caused Jaime Alguersuari to run into him; both crashed into the barrier and retired. The safety car came in on lap 5 with Fisichella still leading and Räikkönen right behind him. Räikkönen closed up to the Force India driver through the Eau Rouge corner and passed him on the way into Les Combes. The main bulk of the first round of stops came in around lap 14. Mark Webber was released in front of Nick Heidfeld and was handed a drive through penalty, severely affecting his race.

After the first stop Fisichella closed to within one second of Räikkönen. Jarno Trulli retired from the race on lap 22; after starting on the front row he had dropped to the back of the field, having pitted after a first lap collision. Fernando Alonso retired on lap 27 with a suspected wheel problem after a first corner collision with Adrian Sutil. Räikkönen and Fisichella pitted for the second time on the same lap and it was the Finn who emerged in front and kept his lead. Vettel recorded the fastest lap of the race with a late push to try to catch the leaders but it was to no avail as Räikkönen took the chequered flag for the first time this season with Fisichella scoring Force India's first-ever points with a second-place finish. Vettel finished third, followed by the two BMW Saubers and Heikki Kovalainen finishing sixth. After dropping to the back of the field at the start, Rubens Barrichello came in seventh with Nico Rosberg picking up the final point in eighth, finishing his seven race points streak. Barrichello's car was smoking from the back for the last few laps and the car caught fire in parc fermé. Webber finished ninth for the second race in a row and scored no points.


=== Post-race ===

With Button failing to score, his championship lead became smaller for the second race in a row as his teammate Barrichello closed the gap by two points. Vettel's third place moved him ahead of his teammate Webber. Raikkonen's win further extended Ferrari's lead in the constructors' championship over McLaren, but his teammate Luca Badoer was again under scrutiny after finishing last for the second time: reports came out of the paddock that second place man Fisichella would replace him at Ferrari for the Italian Grand Prix. On 31 August Force India team principal Vijay Mallya reported that Fisichella would not be driving for Ferrari at Monza. However, on 3 September Fisichella was released from his contract at Force India and joined Ferrari until the end of the season. Force India announced on 7 September that Vitantonio Liuzzi, the team's test driver, would replace Fisichella for the remaining five races of the season.
On 4 September, Renault were summoned to a meeting by Formula One's governing body, the FIA with the allegations of race fixing during the 2008 Singapore Grand Prix. Renault faced the possibility of expulsion from the championship as McLaren were in the 2007 Formula One season. During the FIA World Motor Sport Council meeting later that month, Renault admitted that Nelson Piquet Jr. had deliberately crashed under the instructions of Renault team principal Flavio Briatore and chief engineer Pat Symonds, in the hope of helping Alonso win. The Renault team were handed a disqualification from F1, which was suspended for two years pending any further rule infringements. Briatore was banned from all FIA-sanctioned events for life, while Symonds was banned for five years.


== Classification ==


=== Qualifying ===
Cars that used KERS are marked with ""‡""


=== Race ===
Cars that used KERS are marked with ""‡""


== Championship standings after the race ==

Note: Only the top five positions are included for both sets of standings.


== See also ==
2009 Spa-Francorchamps GP2 Series round


== Footnotes ==


== References =="
13,2009,13,14,Italian Grand Prix,2009-09-13,http://en.wikipedia.org/wiki/2009_Italian_Grand_Prix,"The 2009 Italian Grand Prix (formally the Formula 1 Gran Premio Santander d'Italia 2009) was a Formula One motor race held on 13 September 2009 at the Autodromo Nazionale di Monza, Monza, Italy. It was the 13th race of the 2009 Formula One World Championship. It was contested over 53 laps.
The race was won by Rubens Barrichello driving for Brawn GP. It would be the last win for Barrichello and for the team, and also the last time Barrichello finished on the podium. Teammate and Championship Leader Jenson Button came in second, completing Brawn's fourth (and last) one-two finish of the season, while the Ferrari of Kimi Räikkönen came third after reigning World Champion Lewis Hamilton crashed on the final lap. Hamilton's crash meant the race officially finished behind the safety car, despite the safety car not picking up the leader. Adrian Sutil, who finished in fourth place, recorded the first fastest lap of his career, and the first for the Force India team.
As of 2024, this is the last race win for a Brazilian Formula One driver.


== Report ==


=== Background ===
Jenson Button led the Drivers Championship by 16 points from Brawn GP teammate Rubens Barrichello, who led Red Bull's third placed man Sebastian Vettel by 3 points. Brawn led the Constructors Championship by 23½ points from Red Bull who were a further 48½ points ahead of winners of the previous race, Ferrari.
Vettel won his maiden Formula One race in the 2008 race for the Toro Rosso team, that made him the youngest driver to win a Formula One race, in the first race won by both the Toro Rosso team since they were formed as Minardi and by a customer Ferrari engine. The only other Italian Grand Prix winners in the field are Fernando Alonso and Barrichello. No Italian has won his home Grand Prix since Ferrari's Ludovico Scarfiotti won his only race at the 1966 race. Jarno Trulli, Vitantonio Liuzzi and Giancarlo Fisichella were the only current Italians in the field this year, with Luca Badoer replaced as Ferrari's stand-in by Fisichella. Fisichella became the first Italian since Ivan Capelli in 1992 to race for Ferrari at Monza, after terminating his Force India contract. Fisichella was replaced by Force India test driver Liuzzi.
Renault decided to use KERS for the first time since Spanish Grand Prix weekend.


=== Practice ===
The first session of the Italian GP finished with the McLarens on top with Lewis Hamilton and Heikki Kovalainen first and second fastest, respectively. Force India's Adrian Sutil finished the session in third. Renault's Fernando Alonso finished fourth while teammate Romain Grosjean finished fifteenth. Fischella, driving for Ferrari for the first time in his career, finished eighth ahead of teammate Kimi Räikkönen who ended the session in tenth. Toyota's Trulli and Timo Glock were at the back of the pack. Championship leader Jenson Button ended seventh while his Brawn teammate Rubens Barrichello finished twelfth.
In the second session Force India's Adrian Sutil was fastest, ahead of the two Renaults of Grosjean and Alonso. Hamilton was eleventh with Kovalainen coming in fourth. Button in a Brawn finished 19th, with only Fisichella separating him from last place. Red Bull's Sebastian Vettel came eighteenth, and Mark Webber in fourteenth.
The final practice session ahead of Qualifying again saw Sutil fastest, ahead of the Brawn of Jenson Button with teammate Barrichello in fourth. The two McLarens ended fifth and sixth, with Fisichella's replacement at Force India, Vitantonio Liuzzi, in seventh. The two Red Bulls ended the session 17th and 18th. Fisichella ended the session last, with Räikkönen's other Ferrari in twelfth.


=== Qualifying ===

The first session, lasting 20 minutes, decided the final five places on the grid. Five minutes into the session Liuzzi ran off the track but did not damage his car and managed to proceed through to the next part of qualifying. Räikkönen topped the session ahead of Hamilton and Kovalainen. Both Toro Rossos and both Williams cars were knocked out along with the Toyota of Timo Glock. Fisichella made it through to the next session, making it the first time since the Hungarian Grand Prix that both Ferraris had made it through to Q2. Grosjean also progressed to Q2.
The second session, lasting 15 minutes, decided positions 11 to 15. Five minutes into the session Nick Heidfeld's BMW engine gave way to leave him in 15th for the race. Seven minutes later, the other BMW of Robert Kubica appeared to have the same problem and pulled off with engine problems just before the first corner. This left Kubica qualifying in 13th. Fisichella was unable to make it through to the final session of qualifying. Button topped the session, with Hamilton in second and Force India's Adrian Sutil in third. After the chequered flag had fallen Liuzzi was the final driver to post a time moving from 13th into the top 10. The other drivers not to make it were Grosjean and Trulli.
The final session, lasting ten minutes, decided the top ten positions. Early on, Alonso set the fastest time in the first sector, but it was Räikkönen who had the best time overall. Very soon afterwards Hamilton set the fastest lap, while Webber, Alonso, Sutil and Räikkönen traded second place. The chequered flag fell and very few cars were still out, but it was Hamilton who came out on top to snatch pole from Sutil. Although Button qualified sixth and his teammate Barrichello in fifth, they looked well-placed after the fuel loads were released and both were on a one stop strategy, while Hamilton, Sutil and Räikkönen were all on a two stop strategy.


=== Race ===
At the start, Lewis Hamilton held onto his lead with Kimi Räikkönen in second, ahead of Adrian Sutil. Heikki Kovalainen, on a one-stop fuel strategy was overtaken by the similarly fuelled Brawns of Rubens Barrichello, off the start line, and Jenson Button, through the second Lesmo. Championship contender Mark Webber was spun by Robert Kubica at Della Roggia on the opening lap and was forced to retire. By Lap 15, Kubica had also retired with an oil leak. Before this, on lap 9, Kubica was shown the black flag with orange circle because he damaged his front wing during his contact with Webber, meaning he was summoned to the pits to repair it.

The battle for the lead was tactical, with the Brawn cars stopping only once while Hamilton was on a two-stop strategy. Barrichello and Button were able to lap consistently faster than Hamilton despite their heavier fuel load, meaning when Hamilton emerged from his second pit stop he found himself behind both Brawns in third position. Reigning World Champion Hamilton tried in vain to overtake Championship leader Button over the final few laps before crashing into the barriers at the second Lesmo as he attempted to catch Button. Hamilton's crash left debris across the race track, meaning the safety car was deployed despite it being the final lap of the race. The safety car was therefore unable to pick up the leader, Barrichello, before he took the chequered flag as he would take Brawn's eighth win of the season and his third win at Monza. 
This race had also proven to be the 11th and last victory, as well as the last podium for Rubens Barrichello's very long, very distinguished and very up-and-down career.

The safety car ended a race long battle between the similarly fuelled Räikkönen and Sutil. Sutil was able to keep up with the Ferrari driver throughout the race. Both made their second and final pit stop at the same time, Räikkönen coming out of the pits first despite a delay leaving his garage after Sutil drove too fast into his box, knocking over a mechanic, who was unhurt. Despite Sutil's pressure over the closing stages, Räikkönen held to inherit third place. Sutil did have the consolation of claiming the fastest lap of the race, Force India's first in Formula One.
Fernando Alonso finished fifth, ahead of Kovalainen despite the Finn being on the race-winning one-stop strategy. Nick Heidfeld finished seventh after working his way through the field from fifteenth on the grid. Sebastian Vettel took the final point, ahead of Ferrari debutant Giancarlo Fisichella. Fisichella's replacement at Force India, Vitantonio Liuzzi, retired with a mechanical problem while challenging for the points.


=== Post–race ===

The poor performance from the Red Bull cars, combined with Brawn's 1–2 finish, meant the Drivers Championship became effectively a two-horse race between Button, who led Barrichello by 14 points with four races to go. Vettel was 26 points behind Button with Webber a further 2.5 points adrift. Brawn team boss Ross Brawn said after the race he would allow his drivers to compete amongst themselves for the Drivers Championship, as his team was virtually assured of the Constructors Championship. Barrichello admitted he was relishing the prospect of a straight title fight after playing second fiddle to Michael Schumacher whilst the German won five world championships at Ferrari. A visibly more relaxed Button was magnanimous in defeat and happy to face a battle from within.
Webber admitted frustration at his first non-finish of the year following such a ""small"" accident, while Vettel insisted his Championship chances were not over. McLaren team principal Martin Whitmarsh did not criticise Hamilton for his last lap crash, stating the accident was a result of the Briton's ""never-give-up attitude, his unquenchable desire to fight until the very last metre of the very last lap."" The focus of the F1 paddock after the race, however, was on the looming Crashgate hearing at the FIA World Motor Sport Council in Paris the following week. This was to determine whether Renault had asked former driver Nelson Piquet Jr. to crash at the 2008 Singapore Grand Prix, to aid teammate Fernando Alonso ultimately win the race.
Lewis Hamilton  mathematically conceded the defence of his 2008  World Championship following the result of this race as only Jenson  Button, Rubens Barrichello, Sebastian Vettel and Mark Webber were  mathematically able to win the Championship. 2007  World Champion Kimi Räikkönen  also mathematically conceded the World Championship as a result of this  race, while 2005 and 2006  World Champion Fernando Alonso  was already out of contention before this race. As a result, it meant  following this race a brand new World Champion was guaranteed to be  crowned for 2009.


== Classification ==


=== Qualifying ===
Cars that use the KERS system are marked with ""‡""

^1  - Jaime Alguersuari was given a five-place grid penalty for a gearbox change prior to qualifying, but ultimately this did not affect his position, as he qualified in 20th place.


=== Race ===
Cars that use the KERS system are marked with ""‡""

^1  - Although Lewis Hamilton retired on the final lap, he was still classified as a finisher as he had completed 90% of the winner's race distance.
^2  - Sébastien Buemi followed the safety car to the pit lane on the final lap and therefore he was not considered to have finished the race. He was classified as he had driven 90% of the winner's race distance.
^3  - Jaime Alguersuari started the race from the pitlane after changing parts on his car after qualifying.


== Championship standings after the race ==

Note: Only the top five positions are included for both sets of standings.
Bold text and an asterisk indicates competitors who still had a theoretical chance of becoming World Champion.


== See also ==
2009 Monza GP2 Series round


== References =="
14,2009,14,15,Singapore Grand Prix,2009-09-27,http://en.wikipedia.org/wiki/2009_Singapore_Grand_Prix,"The 2009 Singapore Grand Prix (formally the 2009 Formula 1 SingTel Singapore Grand Prix) was a Formula One motor race held at the Marina Bay Street Circuit in Singapore on 27 September 2009. The 61-lap race was the fourteenth round of the 2009 Formula One season. It was the second Singapore Grand Prix to be part of a Formula One Championship and the tenth Singapore Grand Prix overall. It was also the second Formula One race to be held at night. The race was won by McLaren-Mercedes driver and reigning World Champion Lewis Hamilton. Toyota's Timo Glock finished second and 2008 race winner Fernando Alonso took third position, making this the only race of the season with neither a Brawn nor a Red Bull driver on the podium. This was also the last race of 2009 for Glock, as he was injured during qualifying for the Japanese Grand Prix and was replaced by test driver Kamui Kobayashi. Heikki Kovalainen scored his last World Championship points at this race, as did second-placed Glock.
As a consequence of the race, Championship leader Jenson Button extended his lead by one point finishing in fifth, one position ahead of Brawn teammate and Championship rival Rubens Barrichello. Fellow rival Sebastian Vettel had been challenging Hamilton for the lead before a drive-through penalty for speeding in the pitlane scuppered his strategy.


== Report ==


=== Background ===
Fernando Alonso of Renault was the only previous winner of the race but recent controversy over last year's victory surrounded the race. Last year's pole sitter Felipe Massa sat out the race with injuries sustained in the Hungarian Grand Prix. The previous street circuit races this year were won by Brawn GP with Jenson Button taking the chequered flag in Monaco and Rubens Barrichello victorious in Valencia.
Prior to the race, Button led the Championship by 14 points from teammate Barrichello, with Brawn's closest challenger Sebastian Vettel lying 12 points behind the Brazilian and 26 behind Button. Kimi Räikkönen of Ferrari was looking for a fifth consecutive podium, having scored three quarters of his 40 2009 championship points in the previous four races.

Brawn led the Constructors' Championship on 146 points (and could have clinched the Constructors' title in Singapore), whilst Red Bull were 40.5 behind on 105.5. Ferrari and McLaren were 3rd and 4th respectively.
The circuit was also reprofiled slightly, including modifications to turns 1, 2, 3, 13 and 14 to aid overtaking, and also at turn 10 where high kerbs caused many accidents in 2008. The entrance and exit to the pit lane were also changed. The cars entered the pit lane before turn 22 while the most significant change was the exit of the pits with the cars now joining after turn 1. As a result, the total length of the circuit increased by 6 metres.
Turns 1, 7 and 10 were now known as ""Sheares"", ""Memorial"" and ""Singapore Sling"" respectively. The namesake of these names are as follows: ""Sheares"" is named after the Benjamin Sheares Bridge that spans on the expressway above the circuit, which is in turn named after ex-President of the Republic Benjamin Sheares. ""Memorial"" is named after the WWII War Memorial in the middle of the city, and ""Singapore Sling"" is the name of Singapore's signature drink.
Announced on Thursday evening (UTC) that title sponsor ING and Mutua Madrileña had terminated their sponsorship deals with Renault with immediate effect.  This move followed the previous year's Singapore Grand Prix race-fixing scandal that resulted in a suspended ban for the team. Renault removed the sponsors' logos from their cars before they ran them on track. Mutua Madrileña continued however to back 2005 and 2006 World Champion Fernando Alonso.


=== Practice ===

The first session of the weekend ended as the previous race finished with the two Brawns on top, Rubens Barrichello in front of Jenson Button. Renault's Romain Grosjean caused the session to be stopped after losing control of the car at the same corner that Nelson Piquet Jr. crashed out during the race at last year's event. Adrian Sutil and Heikki Kovalainen  were the others who had on track incidents. Fernando Alonso split the two Red Bull's in fourth, Mark Webber finished the session in third and Sebastian Vettel in fifth. Giancarlo Fisichella continued to struggle as he finished the session P17, around 1.6s behind teammate Kimi Räikkönen.
The second session was also red flagged this time with Red Bull's Mark Webber. A big accident on the pit straight as the nose, front left wheel and the wing took the impact as a lot of debris was put onto the track. However the other Red Bull of Vettel finished the session top 0.2s ahead of Alonso. Kovalainen took third, Heidfeld fourth and championship leader Button finished the days final session in fifth. Jenson's teammate Barrichello struggled to take eleventh almost one second slower than Vettel. Although Webber crashed out with one hour remaining in the session he managed to sixth.
The final practice session got under way with no cars posting a time for the best part of 15 minutes. With the first session of the weekend not being red-flagged it was Lewis Hamilton who finished top of the time sheets. Sebastian Vettel finished second trying to make the most of this Red Bull car as his teammate Mark Webber struggled for pace finishing down in thirteenth. The Williams of Nico Rosberg came third with Hamilton's teammate Heikki Kovalainen in fourth. Rubens Barrichello finished in sixth behind the two BMW's of Robert Kubica and Nick Heidfeld. Rubens's teammate and championship leader Jenson Button struggled and only managed fourteenth. The two Force India drivers didn't look quick at all as the high down-force circuit of Singapore didn't seem to suit the car. They ended the session P16 and 17. Giancarlo Fisichella seemed to be struggling a lot being 1.2s behind teammate Räikkönen and 2.4s behind Lewis Hamilton.


=== Qualifying ===
The first qualifying session began with Renault's Romain Grosjean going down the escape round at turn 17 due to brake issues. Rosberg set the early pace but Button, Vettel, and Hamilton responded quickly with their own flying laps. Both Ferrari's were struggling until Räikkönen took second with three minutes remaining. His teammate Fisichella was eliminated alongside Sutil, Alguersuari, Romain Grosjean, and Liuzzi.. 

At the beginning of the second qualifying session, Mark Webber was the pace-setter, but an amazing lap by Nico Rosberg secured his place in Q3. Button was struggling throughout the session, and, after narrowly avoiding putting the car into the wall on his final lap, he qualified a dismal twelfth. His teammate, Barrichello, made it through to Q3, but a post-qualifying gearbox change saw the Brazilian take a five-place grid penalty.  Alongside Button, Nakajima, Kimi Räikkönen, Buemi, and Trulli were knocked out in this session.
The top 10 drivers set their early quick laps. Hamilton took the early lead with Vettel and Rosberg close behind. Barrichello spun off and hit the wall hard, destroying much of the left side of his car, which brought out the yellow flags. The red flag was brought out with 26 seconds remaining on the clock.  The session was restarted, but the very low amount of time meant that no one was able to get back on track, and the session was effectively ended early. Hamilton took pole position ahead of Vettel, Rosberg, and Mark Webber. Although Barrichello qualified fifth, he started the race tenth after his gearbox change. This session was the third of four to be red flagged during the weekend; only the third practice session was not interrupted.


=== Race ===
Approximately three hours before the scheduled race start it was announced Nick Heidfeld would be starting the race from the pitlane, after his team discovered insufficient ballast had been fitted to his car. This promoted all the cars behind him one position on the grid, significantly moving both the Brawn cars onto the 'clean' side of the starting grid, on the racing line.
The race began shortly after 8pm local time with Lewis Hamilton making a clean start from pole position. Nico Rosberg took advantage of being on the clean side of the track to overtake Sebastian Vettel into the first corner. Fernando Alonso attempted to also pass Vettel but was unsuccessful, giving Mark Webber the opportunity to overtake Alonso on the outside of Turn 7. Both Alonso and Webber went off track as Webber completed the move. Stewards deemed Webber's move illegal and on lap seven he was told to hand the position back to Alonso, which also meant letting Timo Glock through as the German had also passed Alonso on the first lap. Alonso's Renault teammate Romain Grosjean was not having any more luck, having to retire at the end of lap three with a recurring brake problem.
With Barrichello in seventh and Button out of the points scoring positions in 10th, Vettel looked to capitalise and try to close Button's 26 point lead in the Championship. By lap 13 he was 2.1 seconds behind Rosberg, who was in turn 2.5 seconds behind Hamilton. Vettel was the first of the leaders to stop, on lap 17. A lap later Rosberg pitted but he misjudged the level of grip on the pit exit, causing his car to cross the white line that distinguishes the pit lane from the race track, an offence that is punished by a drive-through penalty. Rosberg was issued with the penalty on lap 20 and would have to serve penalty within three racing laps. Hamilton also pitted on lap 20.

The following lap, an accident involving Adrian Sutil and Nick Heidfeld necessitated the deployment of the Safety Car to remove debris from the track. Sutil spun attempting to pass Jaime Alguersuari on the inside of Turn 14 and, with his car facing the wrong way, attempted to rejoin the circuit as Heidfeld was taking the corner, causing a collision that forced both cars to retire, Heidfeld's first non finish since the 2007 United States Grand Prix. Sutil was later reprimanded and fined $20,000 by stewards for dangerous driving.   Most cars that had thus far not pitted for fuel and tyres did so under the Safety Car conditions, including both Brawn cars. The Safety Car did not benefit Rosberg, as Formula One regulations prevent a drive-through penalty being served under Safety Car conditions, meaning he would have to stop within two laps of the restart when the field was still closely bunched. During this round of pit stops, Alguersuari repeated the infamous mistake made by Felipe Massa at the 2008 race by attempting to exit his pit garage with the fuel hose still attached.
The race restarted on lap 26, with Vettel now pressurising Hamilton for the lead. Rosberg served his penalty on lap 28, demoting him to 14th position. Hamilton and Vettel traded fastest laps with the gap between them hovering under a second. Behind Vettel the longer-fuelled Timo Glock was being encouraged to keep pushing as his team believed they could leap-frog the Red Bull in the pits.

Vettel pitted for his second stop on lap 39 and was clearly pushing very hard, running over a kerb on his out lap and damaging the underside of his car, having already lost his right wing mirror. However, worse was to come, as on lap 40 the stewards handed him a drive-through penalty for speeding in the pit lane.  This left Hamilton 9.2 seconds ahead of Glock, who was in turn 7.6 seconds ahead of Alonso as Vettel served his penalty on lap 43. Red Bull's afternoon went from bad to worse three laps later as Webber spun out at Turn 1 after a right-front brake failure.
McLaren brought in both Hamilton and Heikki Kovalainen for their second stops, and Timo Glock also pitted. The Safety Car was not deemed necessary to clear Webber's car, giving Jenson Button, who had been following Kovalainen, the opportunity to put in a series of fast laps before his pit stop. With Barrichello running in seventh after a small problem at his second pit stop, Button had an opportunity to stay ahead of his teammate and extend his Championship lead. He pitted on lap 51, emerging in a net fifth position behind the impressively recovering Vettel and ahead of Barrichello.
Button seemed to have the speed to catch Vettel, who was concerned about his brakes following the retirement of Webber as well as that of Alguersuari, of Red Bull's sister team Toro Rosso, also with brake problems. Button closed the gap to under two seconds before he too appeared to develop brake problems. Fortunately for Button, his attempts to catch Vettel had given him a ten-second cushion over Barrichello with two laps to go.

Nearly two hours after the race started, Hamilton completed the final lap to take the chequered flag, ahead of Glock and Alonso. Vettel and Button held on for fourth and fifth respectively, ahead of Barrichello, Kovalainen and Robert Kubica in the final points paying position. Button extended his Championship lead by one point to 15 ahead of Barrichello, with just three races remaining. Vettel was 25 points behind Button while Webber's crash meant he was now officially out of the running for the World Championship. Brawn would need 12 points from the remaining three races to clinch the Constructors' Championship, while Ferrari's poor race, with neither driver scoring points, allowed McLaren to close the gap to Ferrari to three points in the battle for third.
Under Bernie Ecclestone's proposed 'winner takes all' medals system, Button would have been declared World Champion after this result, with no other driver able to match his tally of six race wins. The Olympics-style system was planned to be used to decide the 2009 World Champion but was dropped after pressure from teams in favour of the traditional points method.


== Classification ==


=== Qualifying ===
Cars that use the KERS system are marked with ""‡""

1.^  Rubens Barrichello was given a five-place grid penalty for a gearbox change prior to qualifying.
2.^  Nick Heidfeld was excluded from the qualifying results for an underweight car. He has also had gearbox and engine change prior to race, and he started from the pit lane.


=== Race ===
Cars that ran KERS are marked with ""‡""


== Championship standings after the race ==

Note: Only the top five positions are included for both sets of standings.
Bold text and an asterisk indicates competitors who still had a theoretical chance of becoming World Champion.


== F1 Rocks Singapore With LG ==

The inaugural F1 Rocks concerts was held in Singapore. Headlining acts include Beyoncé, The Black Eyed Peas, ZZ Top, Simple Minds, N.E.R.D., No Doubt, Jacky Cheung and A*Mei which took place 24 to 26 September nightly at Fort Canning Park. This also included Mark Webber, Sebastian Vettel and Jenson Button doing fun challenges and it was hosted by Lindsay Lohan.


== Fuel Festival Singapore ==
Another massive SingaporeGP Season event Fuel Festival featured headliners Underworld, will.i.am, Peter Hook ex-New Order, Bloc Party, Guru Josh, Darren Emerson, Freaks, Hybrid, Samantha Ronson, and Johnny Vicious and was hosted by Lindsay Lohan which takes place 24 September at Suntec Convention Centre as well as 25 to 27 September nightly at the National Museum of Singapore.
Singapore GP itself is offering a showcase featuring Backstreet Boys, Travis, Carl Cox, and John Digweed on the 25th through 27th nightly throughout the track side areas.


== References ==


== External links ==

Singapore Grand Prix official website
F1 Rocks
Fuel Festival"
15,2009,15,22,Japanese Grand Prix,2009-10-04,http://en.wikipedia.org/wiki/2009_Japanese_Grand_Prix,"The 2009 Japanese Grand Prix (formally the 2009 Formula 1 Fuji Television Japanese Grand Prix) was the fifteenth round of the 2009 FIA Formula One World Championship. The race was held at the Suzuka Circuit on 4 October 2009.
Sebastian Vettel of Red Bull won the race ahead of Toyota's Jarno Trulli and 2008 World Champion Lewis Hamilton, leading through the whole race. This was the last podium for both Toyota and Jarno Trulli in Formula One.
With two races remaining in the 2009 season, Vettel's win maintained his slim hopes of winning the Drivers Championship, with Championship leader Jenson Button finishing eighth, one place behind Rubens Barrichello. The result left Button and Barrichello's Brawn team half a point away from clinching the Constructors Championship.


== Report ==


=== Background ===
Jenson Button led Brawn GP teammate Rubens Barrichello by 15 points going into the race, with Sebastian Vettel 10 points further back driving for Red Bull Racing. Mark Webber could no longer win the Championship.
Brawn also led Red Bull by 42½ points in the Constructors' Championship, and only needed to maintain this lead to take the trophy. McLaren and Ferrari were 3 points apart in the Constructors' Championship in 3rd and 4th, with their lead drivers Lewis Hamilton and Kimi Räikkönen also separated by 3 points in 5th and 6th in the Drivers' Championship; Ferrari led on both counts.
Fernando Alonso won the 2008 Japanese Grand Prix for Renault, which was held at Fuji Speedway. Alonso also won the last race at Suzuka, in 2006. Other former winners lining up include Brawn GP's Rubens Barrichello, Ferrari's Kimi Räikkönen and World Champion Lewis Hamilton. It was the first time since 1991 that a Schumacher (Michael or Ralf) was not on the grid at Suzuka.
Eight of the drivers had not raced at Suzuka in Formula One before, owing to the Fuji Speedway having hosted the Japanese Grand Prix in 2007 and 2008. Those drivers included Lewis Hamilton, Sebastian Vettel, Heikki Kovalainen, local driver Kazuki Nakajima, Adrian Sutil, Sébastien Buemi, Jaime Alguersuari and Romain Grosjean. However, both Vettel and Sutil had driven the circuit in practice sessions before when they served as test drivers in 2006.
The 2009 Japanese Grand Prix saw Lewis Hamilton, Heikki Kovalainen and Adrian Sutil all start their fiftieth race in Formula One.
Tyre supplier Bridgestone selected the hard and soft tyres for the Grand Prix weekend.


=== Practice ===
The Friday practice sessions were dominated by heavy rain that severely reduced running time. Toyota's Timo Glock was advised not to drive as he was suffering from a fever, and was replaced by GP2 Series driver Kamui Kobayashi.
The first practice session saw Sebastian Vettel and Lewis Hamilton set the early pace, with lap times rapidly falling as the track dried out. The second half of the session was dominated by local driver Kazuki Nakajima, who narrowly missed out on setting the fastest time after McLaren's Heikki Kovalainen set a time three tenths of a second quicker in the final phase. Championship contenders Rubens Barrichello, Sebastian Vettel and Jenson Button finished 10th, 17th and 18th respectively.

The rain increased markedly for the second session, which saw very limited running in the first hour with Toro Rosso's Jaime Alguersuari and Sébastien Buemi being the only drivers to set times. Owing to poor visibility and limited tyre allocations, many of the drivers elected to do only a handful of laps; Nico Rosberg did just seven in comparison to the twenty he had done in the first session, a pattern followed by many other drivers. Heikki Kovalainen and both Brawn GP drivers elected not to take to the circuit. Adrian Sutil went on to set the fastest lap of the session with Sebastian Vettel in second, both of them some seven seconds slower than Kovalainen's first session time.
Saturday's third and final practice session started with contact between championship leader Button and Alguersuari that saw the Brawn driver require a replacement front wing. The session was largely dominated by Alguersuari's Toro Rosso stablemate Buemi, with fellow Red Bull compatriot Sebastian Vettel a close second until Jarno Trulli set a time six hundredths of a second quicker on his final lap. The hour-long session was dry, with Trulli's 1:31.709 almost ten seconds faster than Heikki Kovalainen's FP1 time and 17 seconds quicker than Adrian Sutil in FP2. At the end of the hour, championship contenders Vettel, Barrichello and Button were fourth, seventh and ninth respectively and separated by just over two hundredths of a second; just one second ultimately covered the top 16 drivers. Elsewhere, Timo Glock returned to his seat whilst Romain Grosjean out-paced Renault teammate Fernando Alonso. Red Bull's Mark Webber crashed near the Degner Corner, damaging his car to such an extent that he was unable to take part in qualifying. As the damage was heavy enough to require the chassis to be re-built, Webber had to start the race from the pit lane.


=== Qualifying ===

With Webber unable to take part in qualifying, only four drivers would be eliminated in the first session. An early spin into the barriers by Sébastien Buemi looked as if that number would become three, but his team repaired the car in time for him to do a single fast lap. The early pace-setter was Sebastian Vettel, who exchanged blows with the Toyota of Trulli before ultimately coming out on top by the end of the session. Meanwhile, Jaime Alguersuari made the second part of qualifying for the first time in his short career, with Giancarlo Fisichella, Kazuki Nakajima, Romain Grosjean and Vitantonio Liuzzi joining Webber in an early exit from qualifying.
The second session was dominated by two accidents that both resulted in red flags. The first was Jaime Alguersuari, who speared off at the Degner Curve, the same place as Webber in the earlier practice session and the scene of Buemi's off-track excursion in the first segment of qualifying. The second accident was more serious, with Timo Glock crashing heavily at the final corner. The session was stopped for some time as medics attended to him and his car was removed. The session resumed with eight minutes remaining and saw a final push by the Brawn drivers to make it into the top ten shootout. The final moments were marked by another off by Buemi at Spoon, which left debris on the circuit as he limped back to the pits. Glock was flown by helicopter to hospital during Q3 with a wound on his left leg, and back pain. The times set by the Brawn drivers were threatened should someone protest following an incident where they set their best – and only – times during a yellow flag period.
Heikki Kovalainen joined the growing list of drivers who crashed at the Degner Curve early in the third part of qualifying, though the damage was minimal and the circuit quickly cleared. The damage to Sébastien Buemi's car after his earlier off was deemed too great to be able to repair in time, and like Kovalainen, he failed to set a time, meaning that Q3 would be contested by eight drivers. When the track had re-opened after Kovalainen's accident, there were just five minutes remaining on the clock. Sebastian Vettel once again topped the timing sheets, putting him in a strong position to keep his title campaign alive, while rival championship contenders Barrichello and Button could only manage fifth and seventh respectively. Jarno Trulli qualified the sole remaining Toyota in second in his team's home race, with reigning World Champion Lewis Hamilton in third.
After qualifying, Jenson Button, Rubens Barrichello, Nick Heidfeld, Robert Kubica, Fernando Alonso and Adrian Sutil were all called before the stewards on charges of speeding during the yellow-flag caused by Sébastien Buemi's off in the final moments of Q2. Buemi himself was later summoned on the charge of driving a damaged car. All of the drivers except for Heidfeld and Kubica were given five-place grid penalties.
Timo Glock was unable to take part in the race as a result of the injuries he sustained during qualifying. Toyota requested to have him replaced by Kobayashi, but this was refused by the stewards as the rules stipulated that a driver had to have taken part in a Saturday session to be eligible to race.


=== Race ===
Sebastian Vettel led the race from the start; aside from a brief attempt by Lewis Hamilton at passing him into the first corner, the Red Bull driver would remain relatively unthreatened. The opening lap was clean, with the only major changes in position coming from Sébastien Buemi, who nearly stalled, and Jenson Button, who fell from 10th down to 12th behind the BMW Sauber of Robert Kubica and the Ferrari of Giancarlo Fisichella. Button subsequently reclaimed those positions within the opening laps.

Hamilton slotted into second place while Jarno Trulli assumed third. Further back, Mark Webber, having started from the pit lane, pitted three times in the opening four laps; the first two due to his headrest coming loose, and the third for new tyres after he picked up a puncture. Most of the overtaking in the early stages of the Grand Prix took place with the first wave of stops, Vettel remaining unchallenged for the lead. An incident at the Casio Triangle saw Adrian Sutil and Heikki Kovalainen collide at relatively low speed, allowing championship leader Button to sneak through into a points position.
The middle stint of the race was as quiet as the first, with the only passes being Kovalainen out-dragging Fisichella in the pit exit lane, and a mistake from Hamilton allowing Trulli to pass him as he emerged from the pits. A problem with the KERS unit on his car meant that Hamilton subsequently struggled to stay in touch with the Toyota driver. Meanwhile, the Toro Rosso drivers had not fared well, with a clutch problem spelling an early retirement for Buemi, whilst Jaime Alguersuari lost control after touching the astro turf on the outside of 130R which resulted in a spin into the tyre wall and the safety car being deployed ten laps from the end.

By the time the wreckage from Alguersuari's accident was cleared away and the track considered safe for racing once more, there were just five laps remaining. Vettel continued to put as much space between him and second place as possible, while ninth-placed Kubica threatened Jenson Button in an attempt to wrest the single championship point for eighth place away from him. Button prevailed after deciding not to challenge teammate Rubens Barrichello for seventh. He later protested to the stewards that Williams' Nico Rosberg had been speeding under the safety car – though Rosberg was acquitted after a stewards' hearing found mitigating circumstances.
Vettel ultimately won the race from Trulli and Hamilton with Kimi Räikkönen in fourth. Mark Webber, although down in last and 2 laps down, took the fastest lap on the last lap by 0.002 seconds to deny Vettel a Grand Chelem. His victory and subsequent ten championship points meant Vettel stayed in contention for the drivers' title, 16 points adrift of Button, who kept a 14-point lead over Barrichello going into the penultimate race. Vettel was confident he could make up the large points difference, saying his Red Bull team had the momentum, while Button admitted he would be focusing on an error-free end to the season to try to clinch his first Driver's title.
As of 2024, Trulli's podium finish remains the last for an Italian driver in Formula One. This was also the last podium for the team Toyota after withdrawing from Formula One at the end of the season.


== Classification ==


=== Qualifying ===
Cars that use the KERS system are marked with ""‡""

1.^  – Button, Barrichello, Alonso and Sutil were given five-place grid penalties for speeding under yellow conditions. These penalties were applied in the order that the infringements had been committed.
2.^  – Kovalainen crashed at the Degner Curve in Q3. He changed his gearbox after the session, resulting in a five-place grid penalty.
3.^  – Buemi crashed during the final moments of Q2 and was unable to set a time in Q3.
4.^  – Buemi was given a five-place grid penalty and a reprimand for driving a damaged car and impeding other drivers.
5.^  – Glock failed to set a time during Q2 after going off at the final corner. He was injured in the accident, and was withdrawn from the race on Sunday morning.
6.^  – Alguersuari crashed during the second phase of qualifying, prompting the session to be red-flagged.
7.^  – Liuzzi was given a five-place grid penalty for a gearbox change.
8.^  – Webber damaged his car in the final practice session and was unable to take to the circuit in qualifying.  He started from the pit lane with a new chassis.


=== Race ===
Cars that use the KERS system are marked with ""‡""

Timo Glock could not race due to injury


== Championship standings after the race ==

Note: Only the top five positions are included for both sets of standings.
Bold text and an asterisk indicates competitors who still had a theoretical chance of becoming World Champion.


== References ==


== External links ==

2009 Japanese GP (archived)"
16,2009,16,18,Brazilian Grand Prix,2009-10-18,http://en.wikipedia.org/wiki/2009_Brazilian_Grand_Prix,"The 2009 Brazilian Grand Prix (formally the Formula 1 Grande Prêmio Petrobras do Brasil 2009) was a Formula One motor race held at the Autódromo José Carlos Pace, São Paulo, Brazil on 18 October 2009. It was the sixteenth race of the 2009 Formula One World Championship.
The 71-lap race was won by Mark Webber, driving a Red Bull-Renault. Webber took his second victory of the season, and the second of his career, by 7.6 seconds from Robert Kubica in a BMW Sauber, with Lewis Hamilton third in a McLaren-Mercedes. Jenson Button finished fifth in his Brawn-Mercedes to secure his first and only Drivers' Championship, while Brawn GP sealed the Constructors' Championship.


== Background ==
Local favourite Felipe Massa won the 2008 Brazilian Grand Prix for Ferrari as Lewis Hamilton picked up the World Championship for McLaren by overtaking Timo Glock on the last corner of the race for 5th. Massa also won the race in 2006, and was runner-up to teammate Kimi Räikkönen in 2007 as the Finn took the World Championship. The World title had been won at Interlagos for the previous 4 years, with Hamilton, Räikkönen and Fernando Alonso (twice) taking the title. Alonso has never won the Brazilian GP, however, with Juan Pablo Montoya and Massa winning the 2005 and 2006 races respectively. Another former Brazilian Grand Prix winner lining up was Giancarlo Fisichella, who won in 2003.
The race has a history of home success, with Massa, Ayrton Senna, Nelson Piquet Sr, Carlos Pace and Emerson Fittipaldi winning. Rubens Barrichello aimed for his first win at Interlagos, hoping to improve on his previous best placing of 3rd in 2004. Massa had targeted a return after injuries sustained in an accident in qualifying in the 2009 Hungarian Grand Prix, but this was not possible. Massa instead was given the honour of waving the chequered flag at the end of the race.
Championship leader Jenson Button needed to finish within four points of teammate Barrichello to seal the 2009 drivers' title. Red Bull's Sebastian Vettel needed to finish first or second in order to stay in the running for the title fight. In the constructors' standings, Brawn GP required just half a point to be declared champions, while Red Bull Racing needed to finish first and second in both Brazil and Abu Dhabi with Brawn not scoring in either round to take the title for themselves.
GP2 driver and Toyota test driver Kamui Kobayashi replaced Toyota's Timo Glock after tests revealed that he had cracked a vertebra in his qualifying accident at the previous race at Suzuka.
Tyre supplier Bridgestone selected the medium and supersoft tyres for the Grand Prix weekend.


== Qualifying report ==
Qualifying was dominated by a tropical storm that would interrupt the session for over an hour, and made the session last 2 hours and 41 minutes, the longest qualifying session in the history of F1. The first session saw the elimination of Giancarlo Fisichella, both McLaren cars and championship contender Sebastian Vettel; Nick Heidfeld joined them as the fifth and final car eliminated. The rains set in after the first session, delaying qualifying until the circuit could be declared safe. Nico Rosberg topped the timing sheets with a lap time of 1:22.828.
When the weather had cleared and the cars eventually re-emerged, Rosberg would once again come out on top. The session was almost immediately red-flagged with Vitantonio Liuzzi crashing heavily at the first corner. Unable to set a time, he was subsequently eliminated. Q2 also saw the elimination of championship leader Jenson Button down in fourteenth and behind Jaime Alguersuari, Kamui Kobayashi and Romain Grosjean, the three least-experienced drivers in the field.
For the first time since the knockout qualifying system was introduced, the third and final ten-minute session was contested by drivers from nine of the ten teams, the only exclusion being McLaren, with both Hamilton and Kovalainen having been knocked out in the first session; Williams were the only team to field two cars in the final session. Jenson Button's closest championship rival and teammate Rubens Barrichello took his first pole since the 2004 Brazilian Grand Prix at the same track, on a drying circuit with a 1:19.576, but the release of the post-qualifying car weights revealed him to be the lightest car on the grid. It would also be his final pole and also the last pole for his team.


=== Qualifying classification ===
Cars that use the KERS system are marked with ""‡""

1.^  – Vitantonio Liuzzi received a five-place grid penalty for a gearbox change.


== Race report ==
The opening lap was dominated by three separate incidents. Heikki Kovalainen made contact with Sebastian Vettel coming out of the Senna 'S', and while Vettel emerged unscathed, Kovalainen ran out of road and very nearly collected Fisichella, who was forced to go the long way around. The second incident took place just two corners later when Jarno Trulli tangled with Adrian Sutil while trying to make a pass coming out of the fifth corner. Both the Toyota and the Force India were eliminated, with Sutil taking out Fernando Alonso in the process when the Renault driver was unable to avoid his out-of-control Force India, an incident which caused the deployment of the safety car. The third and final incident took place in the pit lane; after his encounter with Vettel, Heikki Kovalainen pitted, followed closely by Kimi Räikkönen, the latter having damaged his front wing after light contact with Mark Webber. Kovalainen was released from his pit while the fuel hose was still attached, taking it with him and with it, a spray of fuel. Räikkönen's exhaust ignited the spilt fuel in a fireball, but no one was injured and both drivers were able to continue once Brawn mechanics extricated the McLaren fuel hose from Kovalainen's car.
Pole-sitter Barrichello controlled the first phase of the race, though Mark Webber and Robert Kubica stayed in touch, just two and a half seconds adrift. Aided by the first-lap incidents and the safety car, Button was placed ninth at the end of the first lap. He proceeded to take Grosjean around the outside at Turn 6 and then Nakajima at the first corner once green-flag conditions resumed, before being held up by debutant Kamui Kobayashi. He was heard on the team radio voicing his displeasure at the newcomer's tactics in defending his line. When he finally cleared the Toyota driver, Button was able to build a lead of three and a half seconds on him in a single lap.
Barrichello was unable to sustain the pace needed to maintain his lead over Webber, and in the first round of pit stops, the home town driver was passed by the Australian before coming under fire from Robert Kubica. Meanwhile, Lewis Hamilton — having started seventeenth — had pitted on the first lap and removed the softer tyre compound as his team switched him to a one-stop strategy. Other incidents early in the race saw Nick Heidfeld run out of fuel after his fuel-rig malfunctioned, whilst Kobayashi's blocking tactics removed fellow countryman Kazuki Nakajima's front wing, and the Williams driver crashed heavily at the fourth corner. His teammate Nico Rosberg had succumbed to gearbox troubles a few laps earlier.
The second stage of the race saw Button leading a group of four one-stopping drivers, with their ultimate success or failures having consequences on the championship standings given Barrichello's position. Both Hamilton and then Vettel successfully leap-frogged Button after Button's second stop and the Briton was caught behind Kovalainen, though a fading Rubens Barrichello was in a position such that had the race ended there and then, Button would still be declared World Champion. Button inherited sixth position when Kovalainen pitted, while Hamilton managed a pass down the inside of Barrichello into the first corner that inadvertently damaged the Brazilian's tyre, causing a puncture and forcing him to pit. He resumed in eighth, with Vettel's fourth placing meaning that, barring a dramatic turn in events, Button would be the 2009 World Champion even if he retired.
Mark Webber, who had led unchallenged since the first stops, went on to win the race, with Robert Kubica securing BMW Sauber's first podium since Malaysia. It turned out to be team's last podium, as well the last for BMW as an engine supplier before pulling out Formula One. Lewis Hamilton's pass on Barrichello was good enough to net him third place and see McLaren overtake Ferrari for third in the constructors' standings. Sebastian Vettel was fourth when he needed to be first or second to continue the championship fight in Abu Dhabi, while Button's fifth place from fourteenth on the grid was enough for him to secure the 2009 World Championship, becoming the tenth British champion and the first British champion to succeed another since 1969, when Jackie Stewart succeeded Graham Hill as World Champion. He also became the second driver in succession to win a World Championship by finishing fifth in Brazil whilst driving a Mercedes-powered car carrying the number 22. Button used only one chassis over the course of the season (most drivers change chassis several times), having driven it in every practice and qualifying session and race, meaning that he won the World Championship in the oldest car on the grid. Kimi Räikkönen, Sebastien Buemi and Rubens Barrichello rounded out the minor points placings.
Felipe Massa was the chequered flag waver in this Grand Prix. The podium trophies were of an unusual three-pronged design and matt-turquoise in colour. They were designed by the architect Oscar Niemeyer and were constructed of recycled plastic bottle tops, collected on site over the course of the Grand Prix weekend, and remoulded at the site's plastic recycling plant. The initiative is to highlight sponsor Petrobras' green credentials.


=== Race classification ===
Cars that use the KERS system are marked with ""‡""

2.^  – Heikki Kovalainen received a 25-second time penalty for an unsafe release from his first pit stop.


== Championship standings after the race ==

Note: Only the top five positions are included for both sets of standings.
Bold text and an asterisk indicates the World Champions.


== References ==


== External links ==

2009 Brazilian Grand Prix Preview"
17,2009,17,24,Abu Dhabi Grand Prix,2009-11-01,http://en.wikipedia.org/wiki/2009_Abu_Dhabi_Grand_Prix,"The 2009 Abu Dhabi Grand Prix (officially the 2009 Formula 1 Etihad Airways Abu Dhabi Grand Prix) was the seventeenth and final Formula One motor race of the 2009 Formula One season. It took place on 1 November 2009 at the 5.554 kilometres (3.451 mi) Hermann Tilke-designed Yas Marina Circuit. It was the inaugural Abu Dhabi Grand Prix and also the first ever day-night Grand Prix (starting at 17:00, with sunset at 17:43 on raceday).
The race was won by Sebastian Vettel for Red Bull, with polesitter Lewis Hamilton (driving for McLaren) having retired due to a brake failure. This was the last Formula One race for Kazuki Nakajima and Giancarlo Fisichella and the Brawn GP, BMW Sauber and Toyota teams (respectively). As of 2023 this is the last race to feature in-race refuelling, as the practice was banned for the 2010 season.


== Report ==


=== Background ===
Jenson Button had secured the title of World Champion in Brazil, but only two points separated the second-placed and third-placed Sebastian Vettel and Rubens Barrichello. Brawn GP was declared Constructors' Champion in Brazil with Red Bull second, but third position overall was still undecided between McLaren and Ferrari.
Tyre supplier Bridgestone selected the medium and soft tyres for the Grand Prix weekend.
This would be the last race in Formula One for Nico Rosberg at Williams and for Robert Kubica (replacing Alonso at Renault in 2010) at BMW Sauber. This would be the last race for Nick Heidfeld until the 2010 Singapore Grand Prix.
As in Brazil, Kamui Kobayashi continued to race for Toyota as Timo Glock was ruled out after he was injured in a crash at the Japanese Grand Prix during qualifying.


=== Practice ===

In keeping with FIA regulations that state the practice and qualifying sessions must be run under the same conditions as the race, the practice sessions were run in the late afternoon and early evening so as to simulate the transition between day and night.
The sessions were dominated by the McLaren team, with Lewis Hamilton spending most of his time on or near the very top of the timing sheets. He set the early standard in the first session, producing a fastest lap of 1:43.939. Teammate Heikki Kovalainen struggled initially, but eventually set the fastest time of the second session – 1:41.307, two-tenths of a second faster than teammate Hamilton. – and retained his pace in the third.
At Ferrari, both Kimi Räikkönen and Giancarlo Fisichella struggled, spending most of the weekend at the bottom of the timing sheets, though a pair of last-minute one-lap charges by Räikkönen saved the team from total embarrassment. Fisichella was less than impressed with Yas Marina's underground pit exit, claiming it was both very difficult and dangerous, despite it remaining incident-free.
Robert Kubica stopped on the circuit halfway through the second practice session with a suspected engine failure. The Pole, down to the last of his eight racing engines, was running with a used engine at the time, thus preventing the need for him to take a grid penalty. Nick Heidfeld spent most of the sessions at the tail end – at one point unable to explain why he was over two seconds slower than Kubica – until his final runs in the last session, which elevated him into the top ten.
Like Ferrari, Renault struggled all weekend. Unlike Ferrari, neither Fernando Alonso or Romain Grosjean were able to do much about it, simply unable to find speed around the circuit. Alonso, however commented that the Yas Marina circuit was enjoyable, stating that there was always something to do.
Kamui Kobayashi continued to impress in what was only his second outing for Toyota, frequently out-pacing teammate Jarno Trulli, and at one point setting the third-fastest lap time. However, Kobayashi's program for the weekend consisted mostly of doing dummy qualifying runs, while Trulli was focusing on pace over an extended period, meaning the difference between the two drivers was not as great as it appeared to be.
The Toro Rosso drivers continued their trend of being the very first out in the early sessions. Sébastien Buemi demonstrated that his pace in Japan and Brazil was no one-off, and he spent most of the practice sessions near the top of the timing sheets and was the first person to break the 1:40.000 barrier in the third practice session. Jaime Alguersuari was less receptive to the circuit than others and was over-shadowed by his teammate until a hydraulics problem sidelined him for the duration of the third session.
Red Bull drivers Mark Webber and Sebastian Vettel also had strong sessions, hinting at a pace that would eventually show itself in qualifying. After Hamilton set a time a second faster than anyone else in the third session, it was Vettel who led the rest of the field in making up the gap, however both drivers would finish outside the top ten.
Williams' Nico Rosberg echoed Alonso's sentiments that he liked the circuit, stating that every corner was 'unique'. However, both he and teammate Kazuki Nakajima had an inconsistent weekend, alternating between the bottom end of the top ten and running as low as fifteenth.
Force India's Adrian Sutil commented that he preferred Abu Dhabi over Marina Bay in Singapore as it was easier to see around the Yas Marina circuit. After being limited by brake problems early in the first session, he eventually took to the circuit. Like teammate Vitantonio Liuzzi, his occasional bursts of speed were soon overrun by the other drivers.
Jenson Button spent most of first practice exchanging blows with Hamilton, responding to each of Hamilton's fastest laps with one of his own. The trend continued into the third session with Button prevailing, setting a 1:40.625, two-thousandths of a second quicker than Hamilton. Rubens Barrichello had a relatively anonymous string of practice sessions, finishing within the top ten on each occasion, but never quite having the pace of his teammate.


=== Qualifying ===

Lewis Hamilton was the fastest in the first qualifying session, becoming the first man to set a lap time of less than 1:40.000 with a 1:39.873. Fellow Briton Jenson Button was the only other driver who came close, with his best lap time half a second slower than Hamilton. For the fourth race of the season – after Luca Badoer in Valencia and Spa, and Giancarlo Fisichella at Interlagos – a Ferrari qualified in twentieth and last place, with Fisichella finishing one second behind Kimi Räikkönen and two behind Hamilton. Joining Fisichella in an early elimination were the Force Indias of Adrian Sutil and Vitantonio Liuzzi and the Renaults of Fernando Alonso and Romain Grosjean after Jaime Alguersuari relegated Alonso to fifteenth place in the final few minutes of the first session.
Hamilton once again topped the second session with another lap time under 1:40.000, though this time Sebastian Vettel was able to break the same barrier as well, the only other person to do so all weekend. By the time the second session had come around, night was falling over the circuit, and with it the track temperature dropped. Despite the cars carrying less fuel in the second session, the difference in lap times between Q1 and Q2 was noticeably smaller than at other races, with many of the drivers struggling to improve upon their first-session times. Heikki Kovalainen came to a halt on the circuit with a gearbox failure, which would afford him a five-place penalty for the race. Elsewhere, the second Ferrari of Kimi Räikkönen was eliminated, as were Jaime Alguersuari and Kazuki Nakajima. Kamui Kobayashi was also eliminated after qualifying twelfth, just one place behind his starting position in Brazil.
The third session was unique in that once the drivers left the pits, they stayed out for the duration; in previous races, they have gone out once at the start and once at the end, or simply waited until the final few minutes to set a time. This was attributed to the tyres, as it took several laps for the drivers to get either compound up to a working temperature. Lewis Hamilton remained in the pits while the other nine took to the circuit. The lap times started falling as the drivers did several laps, with Jenson Button and Jarno Trulli exchanging lap times before Hamilton emerged and took the provisional pole. Sebastian Vettel and Mark Webber both went faster, only for Hamilton to secure a front-row berth on his final lap with a 1:40.948 and leaving Vettel and Webber second and third respectively. Rubens Barrichello slotted into fourth, while Button edged out Trulli for fifth. The BMW Saubers of Robert Kubica and Nick Heidfeld took seventh and eighth, followed by the Williams of Nico Rosberg in his final race for the Grove-based team, and Sébastien Buemi taking tenth on his twenty-first birthday.


=== Race ===
Sebastian Vettel and Mark Webber gave Red Bull their fourth one-two finish of the season, with Vettel finishing seventeen seconds ahead of his teammate.
Lewis Hamilton led the race from the start, but did not open a singularly impressive lead as was expected, and Vettel stayed within a few seconds of him during the early phase of the race. There was contact between Rubens Barrichello and Webber in the first corner, with Barrichello losing a part of his front wing, which hurt his pace to begin with. The first lap was otherwise clean.

Vettel leap-frogged Hamilton during the first round of stops before the McLaren pit wall reported that Hamilton had a problem with his right-rear brake. Hamilton was forced to retire the car after eighteen laps, as it was unsafe to continue given that the circuit contained three very large braking areas. It was briefly suggested that the problem may have been a faulty data logger that was showing a problem, but McLaren was still obliged to retire the car. The only other retirement of the race was Jaime Alguersuari during the pit stops. His in-lap had been slow and he made the mistake of pulling up in the Red Bull pit instead of the Toro Rosso garages. With Sebastian Vettel due in that lap, Red Bull were forced to send him back out. Alguersuari later claimed that when he was ready for the stop, his team were not. The Red Bull and Toro Rosso garages were located next to one another, with the pit crews in similar uniforms. Alguersuari retired when he returned to the circuit.
From there, the race remained relatively incident-free. Jenson Button exited from his stop to find the Toyota of Kamui Kobayashi, who was running on a one-stop strategy. Button, in a heavier car and with tyres that would take several laps to break in, was powerless to stop Kobayashi from simply driving around the outside of him at the giant hairpin at one end of the circuit. Kobayashi would run as high as third during the race before his stop, and would ultimately finish sixth, collecting three World Championship points in only his second race. His performance in Brazil and Abu Dhabi in particular impressed Toyota's management enough for him to be seriously considered for a full-time race seat in 2010 (although it subsequently transpired that Toyota withdrew from Formula One before the start of the 2010 season). Fellow Japanese driver Kazuki Nakajima finished in thirteenth, making him the only driver to race in every Grand Prix of the season without scoring a single point.

Elsewhere, Giancarlo Fisichella was given a drive-through penalty and finished his final race for Ferrari a lowly sixteenth, ahead of only Adrian Sutil and Romain Grosjean. Ferrari teammate Kimi Räikkönen – in the final race for his first stint at the Maranello-based outfit, before his return at the 2014 Australian Grand Prix – had a similar struggle from eleventh on the grid, finishing down in twelfth behind fellow Finn Heikki Kovalainen. Ferrari's failure to score points meant that the team conceded third place in the Constructors' championship, closing their worst season since Jean Alesi and Gerhard Berger drove for them in 1993.
The final few laps saw Jenson Button begin to rapidly reel in the second-placed Mark Webber, whose rear tyres were steadily beginning to lose grip. Button caught up with him with six laps to go, and the final lap was one of the hardest-fought of the season. Both drivers made an error going into the chicane and hairpin, and while Button attempted to make a move on Webber going down the back straight, the Australian defended his line into the switchback. The move meant that Button had the racing line and came out of the ninth corner nose-to-tail with the Red Bull. Button drew alongside Webber in the run down to the bottom corner, forcing Webber to take a defensive line again, but the Red Bull driver held his line and managed to pull the car up in time and held on for second place despite a minor error at turn fourteen.
At the front of the field, Sebastian Vettel won the race by seventeen seconds, securing the runner-up position in the championship from Barrichello, who went on to finish fourth ahead of Nick Heidfeld in BMW Sauber's final race. Kobayashi was sixth, scoring his first career points, with Toyota teammate Jarno Trulli taking seventh, and Sébastien Buemi closing out the points-scoring positions in eighth, four seconds ahead of the Williams of Nico Rosberg, also in his final race for his team.
This was the last race to feature pit stops for refueling, which had been re-introduced in 1994, as the regulations for 2010 had banned them. Jarno Trulli made the final refueling stop on lap 42. This was also the last race to use the 10-8-6-5-4-3-2-1 points scoring system, introduced in 2003 and the last race to date for drivers Fisichella, Nakajima, and the constructors Toyota, BMW and Brawn GP.


== Classification ==


=== Qualifying ===
Cars that use the KERS system are marked with ""‡""

1.^  – Kovalainen dropped five places on the grid, after his gearbox required changing after a failure in qualifying.


=== Race ===
Cars that use the KERS system are marked with ""‡""


== Championship standings after the race ==

Note: Only the top five positions are included for both sets of standings.
Bold text and an asterisk indicates the World Champions.


== See also ==
2009 Yas Marina GP2 Asia Series round


== References =="
18,2008,1,1,Australian Grand Prix,2008-03-16,http://en.wikipedia.org/wiki/2008_Australian_Grand_Prix,"The 2008 Australian Grand Prix (officially known as the 2008 Formula 1 ING Australian Grand Prix) was a Formula One motor race held on 16 March 2008 at the Melbourne Grand Prix Circuit, Melbourne, Australia. It was the first race of the 2008 Formula One season. In qualifying for the event, Lewis Hamilton for the McLaren team started from pole position ahead of Robert Kubica in the BMW Sauber by 0.15 seconds.
The 58-lap race featured three safety car interruptions due to collisions on lap 1, 26, and 42. A high rate of attrition meant that only 7 cars of the 22 participants finished the race, with six being classified after sixth place Rubens Barrichello was disqualified for exiting the pit lane illegally. Of the six, Hamilton lead most of the race and finished first ahead of Nick Heidfeld in second in a BMW Sauber and Nico Rosberg in third in a Williams. This was Rosberg's first podium finish. In winning the race, Hamilton and McLaren led the Drivers' Championship and Constructors Championship, respectively.
This event also marked the first race in seven years, since the 2001 San Marino Grand Prix, not to feature cars competing using traction control, which was banned by the FIA at the end of 2007.


== Background ==
The Grand Prix was contested on 16 March 2008 at the Melbourne Grand Prix Circuit, Melbourne, Australia by 22 drivers, in 11 teams of two. The competing teams, known as constructors, were Ferrari, McLaren-Mercedes, Renault, Honda, Force India, BMW Sauber, Toyota, Red Bull Racing, Williams, Toro Rosso and Super Aguri.
The race was the first of the 2008 Formula One season, with several teams opting to retain the same drivers as they had in 2007, however some teams changed for 2008. One of the main driver changes involved McLaren driver Fernando Alonso, who chose to move back to Renault for the 2008 season, with Heikki Kovalainen moving in the opposite direction to McLaren. The 2007 Drivers' Championship winner Kimi Räikkönen stayed at Ferrari after his title-winning campaign, with the Finnish driver again being joined by Felipe Massa. As in the previous season, the same 11 teams took to the grid for the start of the new season.
The final mass testing session before the new season took place at the Circuit de Catalunya in Montmeló, Spain between 25 and 27 February 2008. All the teams, with the exception of Super Aguri attended this three-day test which was affected by rain on the first day. On the first day of testing, Lewis Hamilton representing McLaren set the fastest lap a 1:22.276. Second was the Ferraris of Räikkönen and seven-time world champion Michael Schumacher. Hamilton continued to top the timesheets on day two with Kovalainen second. Räikkönen was third with a time of 1:21.722, having been joined at the track by his teammate Felipe Massa. Massa's best lap of 1:22.513 only made him fifth fastest, with Kazuki Nakajima in a  Williams splitting the Ferraris in fourth. On the third and final day, the Toyota of Jarno Trulli finished in first place with the fastest lap of the testing weekend, recording a lap time of 1:20.801. Second was the Red Bull driver David Coulthard who missed the previous two days' running due to requiring treatment on a trapped nerve.


== Practice and qualifying ==

Three practice sessions were held before the race. The first was held on Friday morning and the second on Friday afternoon - both of these sessions lasted 1 hour and 30 minutes with weather conditions dry throughout. The third session was held on Saturday morning and lasted an hour. Räikkönen, the defending champion, set the fastest time in first practice, posting a lap time of 1:26.461, four-tenths of a second quicker than Hamilton and Massa, in second and third places respectively. Heikki Kovalainen completed the top four in the McLaren, with Mark Webber in the Red Bull and Alonso in the Renault in fifth and sixth positions, two seconds off the pace. Rookie Nelson Piquet Jr. caused a brief red flag in the session, spinning off at the Ascari corner.
Hamilton lapped faster than Räikkönen in the second practice session with a time of 1:26.559. Webber was second in the Red Bull, nine-tenths of a second behind Hamilton. Coulthard, Webber's teammate, was fifth, three-tenths behind Kovalainen, who finished the session fourth. The Ferraris were third and sixth; Massa in 3rd and Kimi Räikkönen in sixth. Jarno Trulli in the Toyota and Nico Rosberg in the Williams completed the top eight positions. In preparation for the qualifying session, many teams put their cars on soft tyres for the third practice session. The soft tyre gives better performance than the harder type of tyre but is less durable than the harder compound. The BMW Sauber team topped the third practice session with first and second positions with Robert Kubica finishing the session ahead of teammate Nick Heidfeld. Alonso was third in the Renault, with Rosberg in fourth.

Qualifying for the race was split into three stages. The first stage of qualifying ran for 20 minutes with cars finishing in the last six positions not progressing to the next stage and retaining their position for the race. The second stage saw the next six slowest drivers not progress similarly and lasted for 15 minutes. The final stage of qualifying determined the positions from first to tenth with the fastest racer gaining pole position.
Hamilton won his seventh career pole position, with a time of 1:26.714 in the third session. Second was Kubica, who was a tenth of a second behind Hamilton. Kovalainen was third, with Massa fourth, four-tenths slower than Hamilton in the third stage. Heidfeld, Trulli, Rosberg and Coulthard completed the top eight positions. In contrast to Massa's fourth place, his teammate, Räikkönen finished qualifying in 16th place. His Ferrari car suffered a fuel pump problem at the end of stage one, with the Ferrari team unable to fix the problem before the second session. Webber in the Red Bull and Sebastian Vettel in the Toro Rosso also suffered problems, with Webber spinning off in session two due to brake failure, leaving him down in 15th. Vettel was scheduled to be in the third session, but his Toro Rosso suffered oil pump failure, preventing him from setting a time in the session. Timo Glock in a Toyota finished qualifying in ninth position, however, he was demoted to 19th after being given two five-place grid penalties. His first five-place penalty was a result of a gearbox change, while his second five-place penalty was for impeding Webber during the session. Adrian Sutil spun and stalled during his final hot lap in first qualifying and damaged his chassis.


=== Qualifying classification ===

^1  – Timo Glock was demoted to 19th place due to two five-place grid penalties, for a gearbox change and for impeding Webber during qualifying.
^2  – Sebastian Vettel suffered an oil pump problem and did not take part in Q3.
^3  – Mark Webber suffered a right front brake failure and was unable to continue with the session after spinning into the gravel.
^4  – Kimi Räikkönen suffered a fuel pressure problem in Q1 and was barred from the rest of session for stopping on-track.
^5  – Adrian Sutil started the race from the pitlane after he was forced to change chassis after severe damage during qualifying.


== Race ==

The conditions for the race were dry with the air temperature 37 °C (99 °F). The race started at 15:30 AEDT (GMT +10). Hamilton, from pole position on the grid, held onto the lead into the first corner with Kubica behind in second position. Vettel stalled on the grid and therefore pulled away very slowly, and lost several positions in the process. Behind the leading two, Massa spun coming out of turn one whilst racing Kovalainen, and damaged his front wing against the barriers. Nelson Piquet Jr. made contact with Giancarlo Fisichella at the first corner forcing Fisichella to retire from the race. At turn three Mark Webber, Anthony Davidson, Jenson Button and Sebastian Vettel made contact and all had to retire. Following the collision, Kazuki Nakajima drove into Vettel as he spun and lost his front wing and had to pit in for a new one. A safety car was deployed in response to the accidents.
By the end of the first lap, Lewis Hamilton retained his lead followed by Kubica and Rosberg. Kimi Räikkönen elevated himself from fifteenth to eighth on the first lap. After the safety car was left the race on lap three, Räikkönen was stuck behind Rubens Barrichello, finally passing him lap 19 for sixth place. Sutil retired with hydraulic failure on lap 10. During the first set of pit stops Toyota driver Jarno Trulli was forced to retire due to electrical problems. On lap 26, Massa attempted to pass David Coulthard with the two colliding forcing Coulthard to retire, and later Massa retired with an engine failure three laps later. Both Massa and Coulthard suggested the collision was the others fault. This led to a second safety car being deployed. With other cars pitting, Räikkönen decided to stay out to move up the order.

The race restarted without a safety car on lap 30 and Räikkönen made an ambitious move on Heikki Kovalainen  on turn 3, but went into the gravel trap and lost several places. Twelve laps later he spun the car again whilst attempting to pass Timo Glock into the same corner. Sato retired on lap 34 due to a transmission problem. Timo Glock ran wide onto the grass on lap 44 and the bottom of his car hit two substantial bumps, the second of which caused it to briefly fly up in the air and land with force sufficient to break the Suspension. Glock spun twice and came to rest against the wall further down the track. He was forced to retire and the safety car came out for a third time. On the same lap, due to a false signal from the chief mechanic, Barrichello left a pit stop before the fuel hose had been removed from his car. Several mechanics suffered minor injuries. He would also serve a ten-second penalty for this pit stop as it was taken while the pit lane was closed. He was later disqualified for the infringement.

The race restarted on lap 47 and one lap later Kubica was forced out of the race after a collision with Kazuki Nakajima. Fernando Alonso was able to move up the field as a result of the high number of retirements and overtaking of Kovalainen and Räikkönen in a single move and was fifth with eight laps left. Räikkönen retired with Ferrari's second engine failure of the race on lap 54, after driving slowly into the pit lane.
Sébastien Bourdais was competing in his first Formula One race, but it ended on lap 56 after suffering an engine failure from fourth position. At the end of the penultimate lap, Kovalainen passed Alonso coming out of turn 13 to take fourth place, but moments later on the pit straight he accidentally hit the speed limiter designed for use in the pit lane allowing Alonso to regain fourth position.
Seven cars finished the race but Barrichello was later disqualified for passing a red light at the pit lane exit. Lewis Hamilton won the race having led all but 5 laps during pit stops. Nick Heidfeld finished second and Nico Rosberg recorded his first podium in third. Kazuki Nakajima was the final car to finish, but was later given a ten-place grid penalty for the 2008 Malaysian Grand Prix, the next race, after making contact with Kubica under safety car conditions. Bourdais, in his debut scored two championship points, despite not finishing the race, and classified seventh.


=== Race classification ===

^1  – Sébastien Bourdais was classified as 7th and Kimi Räikkönen was classified as 8th, because they completed 90% of the race winner's distance.
^2  – Rubens Barrichello was disqualified from 6th for ignoring a red light at the pit exit.


== Post-race ==

In a post-race press conference, Hamilton commented on the race: ""I felt fantastic. I never thought it would have been as physically a breeze as it was. It is great preparation for Malaysia so bring it on, I am really looking forward to it."" He also commended the work of his McLaren team on both his scheduled stops on laps 18 and 43 respectively:
Heidfeld picked up his first podium since the 2007 Hungarian Grand Prix and was relieved to have kept Rosberg behind him, believing that his fellow German was fuelled longer than he actually was. He commented that Rosberg ""came in earlier than expected on the same lap as myself. What we lost at the start we regained on the pit-stop, so our pit-stop crew, just did a fantastic job to just get me out ahead of [Rosberg]. Then I was lucky on the pit-stops in terms of the safety car."" Rosberg was delighted at his first podium finish, and was looking towards the rest of the year for similar results saying ""I think we have a solid car to start the season with. I am hoping to have a nice development through the season and I think we can have a good year.
Also after the race, Nakajima received a ten-place grid penalty to be applicated in the following race in Malaysia, having collided with Kubica on lap 48 of the race. As this was the first race of the season, Hamilton led the Drivers' Championship with 10 points, followed by Heidfeld on 8 and Rosberg on 6. Meanwhile in the Constructors' Championship, McLaren picked up 14 points thanks to Hamilton's win and Kovalainen's fifth place, thus giving them a five point lead over Williams – their highest championship position since 2004 – who, like McLaren, had both drivers finish in the points, with BMW Sauber in third on 8.


== Championship standings after the race ==

Note: Only the top five positions are included for both sets of standings.


== See also ==
2008 V8 Supercars Manufacturers Challenge


== References ==


== External links =="
19,2008,2,2,Malaysian Grand Prix,2008-03-23,http://en.wikipedia.org/wiki/2008_Malaysian_Grand_Prix,"The 2008 Malaysian Grand Prix (formally the 2008 Formula 1 Petronas Malaysian Grand Prix) was a Formula One motor race held on 23 March 2008 at the Sepang International Circuit, Sepang, Malaysia. It was the 2nd race of the 2008 FIA Formula One World Championship. The 56-lap race was won by Kimi Räikkönen for the Ferrari team after starting from second position. Robert Kubica finished second in a BMW Sauber car, with Heikki Kovalainen third in a McLaren.
It was an all-Ferrari front row, as Felipe Massa started from pole position, with Räikkönen alongside. The McLarens of Kovalainen and Lewis Hamilton had been expected to line up behind the Ferraris on the second row, but both drivers were given five-place grid penalties post-qualifying for holding up Nick Heidfeld and Fernando Alonso respectively, dropping them to eighth and ninth on the grid. Massa cut across his Ferrari teammate at the start, to stop him overtaking on the run to turn one. The top four of Massa, Räikkönen, Kubica and Mark Webber held station until the first round of pit stops. Räikkönen took the lead after these stops and after Massa retired following a spin into the gravel, the Finn cruised to a victory of nearly twenty seconds. Championship leader Hamilton could only finish in fifth position, after a tardy first stop on lap 19, with his McLaren team encountering a problem on his front right tyre and lost ground while trying to pass Webber.
Despite his fifth position, Hamilton kept the Drivers' Championship lead with 14 points, closely followed by Räikkönen and Heidfeld on 11. In the Constructors' Championship, McLaren also kept their lead, with their five-point lead from Australia staying intact. BMW Sauber moved into second place on 19, with Ferrari in third on 11.


== Report ==


=== Background ===
The Grand Prix was contested by 22 drivers, in 11 teams of two. The teams, also known as ""constructors"", were Ferrari, McLaren-Mercedes, Renault, Honda, Force India, BMW Sauber, Toyota, Red Bull Racing, Williams, Toro Rosso and Super Aguri.
Prior to the race, McLaren driver Lewis Hamilton led the Drivers' Championship with 10 points, and BMW Sauber driver Nick Heidfeld was second with 8 points. Behind them in the Drivers' Championship, Nico Rosberg was third with 6 points in a Williams, and Fernando Alonso was fourth with 5 points in a Renault. Hamilton's teammate Heikki Kovalainen was fifth with 4 points. In the Constructors' Championship, McLaren–Mercedes were leading with 14 points, five points ahead of Williams, and BMW Sauber were third with 8 points.


=== Practice and qualifying ===

Three practice sessions were held before the race; the first was held on Friday morning and the second on Friday afternoon. Both sessions lasted 1 hour and 30 minutes with weather conditions dry throughout. The third session was held on Saturday morning and lasted an hour.

In the first session, Massa was fastest on a lap of 1:35.392, which was over a second faster than any of his rivals. Räikkönen ended up second, despite running out of fuel during the session, and Kovalainen ended up third, just under a tenth of a second slower than his fellow Finn. Also during the session, the Red Bull Racing machine of David Coulthard suffered a track rod failure on the curb of turn 12, and forced the team to show the FIA clarification that their car design was safe for the Grand Prix, under Article 2.3 of the 2008 Formula One Technical Regulations. Coulthard sat out the second practice session, which saw Hamilton top the timesheets with a lap of 1:35.055, beating Massa by 0.151 seconds, with Räikkönen a further two tenths back in third. In preparation for the qualifying session, many teams put their cars on soft tyres for the third practice session. The soft tyre gives better performance than the harder type of tyre but is less durable than the harder compound. Just like in Australia, the BMW of Heidfeld was fastest, setting a lap of 1:35.019, edging out the Ferraris of Räikkönen and Massa with Jarno Trulli's Toyota fourth, ending up just one-thousandth of a second behind Massa's time.

In qualifying, Massa earned his tenth career pole position, after recording a lap of 1:35.748 during the third and final session. He was joined on the front row by teammate Räikkönen, although the Finn's fastest time was more than half a second slower than that of Massa. Third and fourth had originally gone to the McLarens of Kovalainen and Hamilton, however post-qualifying, both drivers were demoted five places on the grid for dangerous driving; having completed their flying laps, the McLaren pair and other drivers slowed to conserve fuel on their in-laps, and impeded Nick Heidfeld of BMW Sauber and Fernando Alonso of Renault whilst they were both on flying laps. This led to a new rule being introduced for Bahrain giving drivers a set time to complete in-laps in. McLaren's misfortune was to the gain of the Toyota of Trulli, both victims of the impeding (Heidfeld and Alonso), Heidfeld's teammate Kubica and Webber's Red Bull machine. Timo Glock rounded out the top ten in his Toyota.


=== Race ===

At the start Massa came across the track to prevent Räikkönen from overtaking him. Further back, Hamilton was able to move up to fifth and Webber up to fourth. Also on the first lap, Sébastien Bourdais spun out of the race. A crash between the Williams of Nico Rosberg and Glock's Toyota happened a few corners later, in which Rosberg destroyed the front wing of his Williams FW30 and forced Glock to retire from the race. On lap four, Alonso and Heidfeld overtook the Red Bull of David Coulthard for ninth and eighth respectively. Adrian Sutil was forced to retire two laps later when he ran off the track and onto the grass, with hydraulic problems.
By lap nine Hamilton was within two seconds of Webber and the Ferraris of Massa and Räikkönen had opened up a lead on the rest of the field. Both set new fastest lap times over the next four laps. Webber pitted on lap 16, Massa on lap 17 and Räikkönen on lap 18, coming out ahead of Massa. Hamilton pitted on lap 19 and the team had a problem getting his front right tyre off, forcing him to stop for almost twenty seconds, and in the process he lost around twelve seconds to the Ferraris, meaning he came out behind Webber in 11th.
Räikkönen took the lead for the first time when Kubica pitted on lap 21. He would open up a lead of almost four seconds in the next six laps. Hamilton was up to seventh by lap 26 but was still unable to overtake Webber. Hamilton was within half a second of him by lap 29 but this forced him to brake harder and lose time to the rest of the field. Massa spun out of the race on lap 31 getting trapped in the gravel. This gave Räikkönen a lead of over 20 seconds from the next driver Kubica. Hamilton finally overtook Webber on lap 40 when he pitted. Vettel's engine failed one lap later and he was forced to retire. Hamilton would stay ahead of Webber after his second pit stop on lap 44. He was now six seconds behind Trulli in fourth and  began to close that margin in the closing laps.
Alonso in eighth now began closing in on Webber. Hamilton was within two seconds of Trulli with two laps to go but was unable to pass him before the end of the race. Räikkönen won the race by nearly twenty seconds from Kubica who had his best ever finish in second; Kovalainen came third. Nick Heidfeld and BMW Sauber earned their first fastest lap, giving  Heidfeld a record in ""most races before first fastest lap"" with 134,  surpassing the former record of 114 held by Thierry Boutsen.


== Classification ==


=== Qualifying ===

^1  – Lewis Hamilton and Heikki Kovalainen were each put back five places on the grid for impeding Nick Heidfeld and Fernando Alonso, respectively, during Q3.
^2  – Kazuki Nakajima incurred a ten-place grid penalty for colliding with Robert Kubica in the Australian Grand Prix.


=== Race ===


== Championship standings after the race ==

Note: Only the top five positions are included for both sets of standings.


== See also ==
2008 Malaysian GP2 Asia Series round
2008 Malaysian Speedcar Series round


== References ==


== External links ==

Official Malaysian Grand Prix results from FiA website from Formula 1 website
Detailed Malaysian Grand Prix results"
20,2008,3,3,Bahrain Grand Prix,2008-04-06,http://en.wikipedia.org/wiki/2008_Bahrain_Grand_Prix,"The 2008 Bahrain Grand Prix (formally the 2008 Formula 1 Gulf Air Bahrain Grand Prix) was a Formula One motor race held on 6 April 2008 at the Bahrain International Circuit, in Sakhir, Bahrain. It was the third race of the 2008 Formula One World Championship. Felipe Massa for the Ferrari team won the 57-lap race. Kimi Räikkönen was second in the other Ferrari, and BMW Sauber driver Robert Kubica was third.
The race began with Kubica in pole position alongside Massa; this was the only time in his career that the Pole would be on pole. Lewis Hamilton, the eventual Drivers' Champion, started from third, alongside Räikkönen. Kubica was passed by Massa into the first corner, and then by Räikkönen on the third lap. The Ferraris dominated at the front of the race, leading to their 1–2 finish. Hamilton had a slow start after almost stalling on the grid, and dropped back to ninth. The McLaren driver ran into the back of Fernando Alonso's Renault a lap later, breaking off the McLaren's front wing and dropping Hamilton to the back of the field.
Kubica's strong finish promoted BMW Sauber to the lead in the Constructors' Championship, after BMW driver Nick Heidfeld finished fourth. Ferrari and McLaren trailed, one and two points behind, respectively. Räikkönen took the lead in the Drivers' Championship, with 19 points, three points ahead of Heidfeld and five ahead of Hamilton, Kubica and Kovalainen, with 15 races remaining in the season.


== Background ==
The Grand Prix was contested by 22 drivers, in 11 teams of two. The teams, also known as ""constructors"", were Ferrari, McLaren-Mercedes, Renault, Honda, Force India, BMW Sauber, Toyota, Red Bull Racing, Williams, Toro Rosso and Super Aguri. Tyre supplier Bridgestone brought two different tyre compounds to the race; the softer of the two marked by a single white stripe down one of the grooves.
Prior to the race, McLaren driver Lewis Hamilton led the Drivers' Championship with 14 points, and Ferrari driver Kimi Räikkönen was second with 11 points. Behind Hamilton and Räikkönen in the Drivers' Championship, Nick Heidfeld was third, also with 11 points, in a BMW Sauber, and Hamilton's McLaren teammate Heikki Kovalainen was fourth with 10 points. Heidfeld's teammate Robert Kubica was fifth with eight points. In the Constructors' Championship, McLaren–Mercedes were leading with 24 points, five points ahead of BMW Sauber. Ferrari were third with 11 points.

Ferrari dominated the previous round in Malaysia, where Felipe Massa had claimed pole position, and led his teammate Räikkönen in second place through the opening stages of the race, before spinning off and retiring midway through. Räikkönen went on to win the race, and expressed his optimism about Bahrain: ""I have finished third in three successive Grands Prix in Bahrain. Time and again something has gone wrong. Sakhir is one of those circuits where I really want to win. Finally.""
In the opening two races, Massa came under fire from the press for two errors that left him without points: a collision with Red Bull driver David Coulthard in Australia and his spin at Malaysia. Massa promised that the first two races would not be indicative of the rest of the season: ""It was not the start to the season that I wanted, but there are still 16 races to go and 160 points up for grabs. In the next few races I plan to get back all the points I have lost in the opening two rounds.""
Hamilton won the opening race in Australia, but managed to finish only fifth after a qualifying penalty and a botched pit stop in Malaysia. The season began well for Kubica, as he qualified second in Australia and finished second in Malaysia. Kubica predicted his team could maintain their momentum into the third race: ""I'm confident that we can be very competitive here as well.""
A week before the start of the Grand Prix weekend, the News of the World alleged that Max Mosley, the president of Formula One's governing body, the Fédération Internationale de l'Automobile (FIA), had engaged in sexual acts with five prostitutes. While Mosley denied the allegations, he cancelled his scheduled appearance at the Bahrain Grand Prix. Several teams condemned Mosley's alleged actions and asked for his resignation, and while for a time the controversy threatened to overshadow the race, Mosley eventually retained his position and successfully sued the News of the World for the report.


== Practice ==

Three practice sessions were held before the Sunday race—two on Friday, and a third on Saturday. The Friday morning and afternoon sessions each lasted 90 minutes. The third session was held on Saturday morning and lasted an hour. The Ferraris outpaced the other teams in the first session on a dusty track surrounded by the sand dune desert of Sakhir. Massa's time of 1:32.233 was quicker than Räikkönen's, who was slowed down by an early excursion across the sand, requiring a pit stop. Nico Rosberg of Williams, Hamilton, McLaren driver Heikki Kovalainen, Williams driver Kazuki Nakajima and Kubica rounded out the top seven. In the second session, Hamilton lost control of his car and slid sideways into a wall. Hamilton emerged unharmed from the collision, but his McLaren suffered significant damage. Except for the crash, the second session ended like the first: once again, Massa led Räikkönen to Ferrari 1–2, ahead of Kovalainen, Hamilton and Kubica. The third session was again held on a dusty track, where Rosberg was quickest with a time of 1:32.521. Massa took second, ahead of Red Bull driver Mark Webber, Toyota driver Jarno Trulli, David Coulthard of Red Bull, Nakajima and Kubica. Räikkönen was ninth quickest, and Hamilton 18th.


== Qualifying ==
The qualifying session on Saturday afternoon was split into three parts. The first part ran for 20 minutes, and cars that finished the session 17th position or lower were eliminated from qualifying. The second part of the qualifying session lasted 15 minutes and eliminated cars that finished in positions 11 to 16. The final part of the qualifying session determined the positions from first to tenth, and decided pole position. Cars which failed to make the final session could refuel before the race, so ran lighter in those sessions. Cars which competed in the final session of qualifying were not allowed to refuel before the race, and as such carried more fuel than in the previous sessions.

Kubica clinched the first pole position of his career with a time of 1:33.096. Massa qualified less than 0.03 seconds behind the BMW and joined Kubica on the front row of the grid. Hamilton took third place, using his team's spare chassis; Räikkönen was next quickest, and despite being critical of his car's set-up was confident in its racing ability. Kovalainen would line up fifth on the grid alongside Heidfeld, who had trouble maximising performance from his tyres. Trulli took seventh place, ahead of Rosberg and Honda driver Jenson Button. Renault driver Fernando Alonso was the last driver to make the third session; Webber missed out on the top ten by 0.009 seconds and would start the race in 11th position. Button's teammate Rubens Barrichello took 12th place after a gearbox problem interrupted his second session laps, ahead of Timo Glock of Toyota, Nelson Piquet of Renault and Toro Rosso driver Sébastien Bourdais. Nakajima was the slowest of the second session drivers, and took 16th. Coulthard qualified 17th, ahead of Giancarlo Fisichella of Force India. Toro Rosso driver Sebastian Vettel took 19th, and blamed his set-up: ""I felt it was more a case of the car driving me than me driving the car."" Fisichella's teammate Adrian Sutil qualified 20th, ahead of Anthony Davidson of Super Aguri. Davidson's teammate Takuma Sato spun out and crashed into the barriers. Sato's accident damaged his rear wing and suspension and left him unable to continue in the session.


=== Qualifying classification ===


== Race ==

The weather and conditions on the grid were before dry for the race. The air temperature was 29 °C (84 °F) with signs of a breeze which could blow sand onto the track and impede the cars' grip. Massa got the best start of the frontrunners off the line, as he passed Kubica into the first corner to take the lead. Hamilton's poor start caused his anti-stall system to kick in, and he was passed by six drivers to fall back to ninth. Räikkönen benefited from Hamilton's start by moving up to third, ahead of Kovalainen, Trulli and Heidfeld. As Massa extended his lead at the front of the race, Hamilton, who trailed Alonso, collided with the back of the Renault, knocking the McLaren's front wing off the car. Suffering handling difficulties, Hamilton returned to the pit-lane for a new nose section, and rejoined in 18th place. Räikkönen took second place when he passed Kubica on lap three; Heidfeld took fourth when he passed Trulli and Kovalainen in separate manoeuvres. Further down the field, Vettel retired from the race on the first lap after twice colliding with other cars; Button, Sutil and Coulthard pitted to repair early damage.
By lap 10, Massa had opened his lead over Räikkönen to 4.4 seconds, ahead of Kubica, Heidfeld, Kovalainen and Trulli. Kubica was the first of the frontrunners to pit, on lap 17. Räikkönen and Trulli followed on lap 20; Massa pitted from the lead one lap later. Following the first round of pit stops, the gap between the Ferraris was 5.4 seconds, however by lap 31 Räikkönen had closed to within four seconds of his teammate. Massa held a 3.6 second lead over Räikkönen when the two Ferraris pitted for the final time on laps 39 and 38, respectively, and Massa retained his lead into the final stint. Kubica pitted on lap 41, Heidfeld on lap 45, and Kovalainen on lap 47.
Coulthard and Button collided on lap 18 when Button attempted to pass the Red Bull on the inside at turn eight; the Honda lost its front wing and retired a lap later after two pit stops. Hamilton continued his climb back through the field; he moved from 18th, passing Piquet, Davidson, Sutil and Bourdais in separate manoeuvres, to sit in 14th by the time he pitted on lap 31. Piquet retired on lap 42 with transmission failure, requiring a gearbox change before the next race.
Massa took his first win of the season when he crossed the line at the end of the 57th lap, 3.3 seconds ahead of the second-placed Räikkönen. Kubica took third, ahead of his teammate Heidfeld, and Kovalainen, who set the fastest lap of the race on lap 49, with a time of 1:33.193, despite being slower than the frontrunners for much of the race. Trulli, Webber, Glock and Alonso rounded out the top ten, after Glock's Toyota held off a quick Alonso late in the race. Barrichello and Fisichella finished strongly, ahead of Hamilton, who managed only 13th. Nakajima, Bourdais, Davidson and Sato took the next four places; Coulthard and Sutil finished last on track after their respective crashes demoted them to the back of the field. Vettel, Button and Piquet were the three retirements from the race.


=== Post-race ===

The top three finishers appeared on the podium and in the subsequent press conference, where Massa appeared relieved: ""For sure the race was pretty difficult because I didn't want to make any mistakes. I didn't push as much either, just tried to bring the car home and just controlling the pace as well."" Massa said that he struggled with grip early, owing to oil in the middle sector of the course. Räikkönen's second place promoted him to the lead in the Drivers' Championship, and he expressed his optimism about future races:

The whole weekend has been pretty difficult, one of those things when we cannot really get the car right ... We are leading the Championship which is the main thing and we know that we have the speed once we get everything right. The race was quite difficult but anyhow I am happy with second.
Kubica said that his poor start was due to wheelspin off the line, and the presence of oil on the track impeded the performance of his car, leading to Räikkönen's pass: ""But anyway I think it was a good result: third and fourth for the team and leading the Constructors' Championship, so it was good weekend.""

Hamilton accepted responsibility for his near stall on the grid: ""I hadn't hit the switch early enough and therefore we were not in the launch map and went straight into anti-stall, and when everyone else was in their launch mode, I wasn't."" Renault dismissed suggestions that Alonso had brake tested Hamilton in the incident that led to the McLaren's wing breaking off. Pat Symonds, Renault's head of engineering, said his team's telemetry indicated Alonso was on full throttle down the straight, and had not touched the brakes: ""I think all I can say from our side is that there is no blame attributable to Fernando, which is what some of the speculation might be."" McLaren F1 CEO Martin Whitmarsh said that Hamilton's front wing had broken seconds before the impact, and that the resulting downforce reduction had sucked Hamilton into Alonso's slipstream faster than expected. However, photos indicate that the front wing on the McLaren could have broken even earlier when Hamilton nudged a car (believed to be Alonso) on the opening lap. The later incident left Alonso with damage to the back of the car, impairing his attempts to pass Glock late in the race.
Räikkönen's second-placed finish gave him a three-point lead over Heidfeld in the Drivers' Championship, with 19 points, ahead of Heidfeld with 16, followed by Hamilton, Kubica and Kovalainen, each with 14 points. BMW Sauber's strong performance gave them the lead in the Constructors' Championship, with 30 points, ahead of Ferrari with 29 points and McLaren with 28 points.


=== Race classification ===


== Championship standings after the race ==

Note: Only the top five positions are included for both sets of standings.


== See also ==
2008 Bahrain GP2 Asia Series round
2008 Bahrain Speedcar Series round


== References ==


== External links ==

Official FIA results"
21,2008,4,4,Spanish Grand Prix,2008-04-27,http://en.wikipedia.org/wiki/2008_Spanish_Grand_Prix,"The 2008 Spanish Grand Prix (formally the Formula 1 Gran Premio de España Telefónica 2008) was a Formula One motor race held on 27 April 2008 at the Circuit de Catalunya, Montmeló, Spain. It was the fourth race of the 2008 Formula One World Championship. Kimi Räikkönen for the Ferrari team won the 66-lap race starting from pole position. Felipe Massa finished second in the other Ferrari, and Lewis Hamilton was third in a McLaren.
Räikkönen began the race from pole position alongside Renault driver Fernando Alonso. Massa began from third, alongside BMW Sauber driver Robert Kubica. Hamilton, the eventual Drivers' Champion, began from fifth and passed Kubica into the first corner, as Massa passed Alonso. Räikkönen maintained his lead through most of the race, leading to Ferrari's one-two finish. The safety car was deployed several times throughout the race, including for a serious crash involving McLaren driver Heikki Kovalainen, though the Finn escaped with only a minor concussion.
Prior to the race weekend, the event was put on probation by the Fédération Internationale de l'Automobile, the sport's governing body, for racist taunting during pre-season testing at the circuit. Subsequently, no such racism was reported during the race weekend. The event was Super Aguri's final Grand Prix, withdrawing afterwards due to financial pressures, leaving the sport with ten teams; this was also the last race for both of the team's drivers, Takuma Sato and Anthony Davidson.  The result promoted Ferrari to the lead in the Constructors' Championship, 12 points ahead of BMW Sauber and 13 points ahead of McLaren. Räikkönen extended his lead in the Drivers' Championship to 29 points, nine points ahead of Hamilton and ten points ahead of Kubica. Massa moved into fourth place on 18 points, with 14 races remaining in the season.


== Background ==
The Grand Prix was contested by 22 drivers, in 11 teams of two. The teams, also known as ""constructors"", were Ferrari, McLaren-Mercedes, Renault, Honda, Force India, BMW Sauber, Toyota, Red Bull Racing, Williams, Toro Rosso and Super Aguri. Tyre supplier Bridgestone brought two different tyre compounds to the race; the softer of the two marked by a single white stripe down one of the grooves.
Prior to the race, Ferrari driver Kimi Räikkönen led the Drivers' Championship with 19 points, and BMW Sauber driver Nick Heidfeld was second with 16 points. McLaren driver Lewis Hamilton, BMW driver Robert Kubica and Hamilton's teammate Heikki Kovalainen held the next three positions, all with 14 points. In the Constructors' Championship, BMW Sauber were leading with 30 points, one point ahead of Ferrari, and two ahead of McLaren-Mercedes.
After Hamilton won the season opener in Australia, Ferrari had dominated the next two races in Malaysia and Bahrain. In the Malaysian Grand Prix, Ferrari driver Felipe Massa had claimed pole position, and while he later spun off and retired, his teammate Räikkönen went on to win the race. Ferrari's form had continued at the Bahrain Grand Prix, where Massa had led Räikkönen to a one-two finish. Despite the promising start to the season, Ferrari team principal Stefano Domenicali said the team was not celebrating prematurely:

The real Ferrari is not the one we've seen at the Australian GP. The team reacted immediately and has shown the great potential of our package, which is extremely competitive. Having said that, we have to be aware. We're approaching the Spanish GP with a maximum effort, keeping our feet on the ground: we were not depressed after the first race and we are not euphoric after Bahrain. We need absolute motivation and we are aware of the fact that our competitors are getting better.
With his team leading the Constructors' Championship, Heidfeld said BMW was outperforming expectations: ""It's better than expected after the winter time, of course, but it could also be better. It can always be better."" BMW had opened the season with podium finishes in each of the first three races, which team principal Mario Theissen said put his team amongst the top three, along with Ferrari and McLaren.
After a poor race in Bahrain, where he narrowly avoided stalling on the grid before colliding with Renault's Fernando Alonso a lap later, Hamilton said he would return stronger in Spain: ""I approach it in the same way and obviously I won't be making the same mistake again. This weekend being here, feeling fresh after a good break from racing, and making sure we come here fresh has been important. I feel good."" His team said that they had made significant improvements to their car, the McLaren MP4-23, in the three-week break, but were reserving judgement until the race to see how their performance had improved in comparison to their rivals.

The event also took place under the shadow of incidents that had taken place at the same circuit during pre-season testing. At one of the test sessions, Hamilton was subjected to racist taunting by some of the spectators. In response, the Fédération Internationale de l'Automobile (FIA) launched a ""Racing Against Racism"" programme, and placed the Spanish and European Grands Prix on probation, the latter event being held in the Spanish city of Valencia. During the course of the event itself, no such incidents were reported.  Hamilton was particularly unpopular with the country's Formula One fans due to his acrimonious inter-team rivalry with Spaniard Alonso during the previous year's championship, which had resulted in the latter leaving the McLaren team and returning to Renault for 2008.
The Super Aguri team had been in financial trouble since a proposed takeover deal backed by equity firm Dubai International Capital, under the ""Magma Group"" banner, failed to take effect. The team narrowly avoided folding in mid-April, and were only given confirmation to compete by team owners Honda on the Friday prior to the race. This would be the team's final Grand Prix, withdrawing after two years in Formula One prior to the Turkish Grand Prix, leaving the sport with ten teams for the first time since the 2005 season.


== Practice ==

Three practice sessions were held before the Sunday race—two on Friday, and a third on Saturday. The Friday morning and afternoon sessions each lasted 90 minutes. The third session was held on Saturday morning and lasted an hour. The Ferraris were fastest in the first session; Räikkönen was quickest with a time of 1:20.649, ahead of Massa, who recovered from a spin and an off-track excursion on his first two laps to take second. Hamilton, Kubica and Kovalainen took the next three positions, ahead of home driver Alonso in sixth. Räikkönen repeated his morning effort in the second session, with a time of 1:21.935, as the frontrunners experimented with higher fuel loads. Renault driver Nelson Piquet was next quickest, ahead of Alonso, Williams driver Kazuki Nakajima, Massa and Red Bull driver Mark Webber. The McLarens had a less successful session; Kovalainen struggled with gearbox problems, and difficulty with Hamilton's set-up meant he managed 11th after suffering from excessive oversteer. Heidfeld was quickest in the final session, his 1:21.269 benefiting from use of the quicker soft compound tyre. Webber's teammate David Coulthard was next quickest, ahead of Alonso, Kubica, Toyota driver Jarno Trulli and Sébastien Bourdais of Toro Rosso. Ferrari and McLaren again ran heavier cars, and neither team managed better than ninth quickest. Mechanical problems meant Webber failed to set a time, his car coming to a halt in the pit-lane exit after two installation laps.


== Qualifying ==
The qualifying session on Saturday afternoon was split into three parts. The first part ran for 20 minutes, and cars that finished the session 17th or lower were eliminated from qualifying. The second part of qualifying lasted 15 minutes and eliminated cars that finished in positions 11 to 16. The final part of qualifying determined the positions from first to tenth, and decided pole position. Cars which failed to make the final session could refuel before the race, so ran lighter in those sessions. Cars which competed in the final session of qualifying were not allowed to refuel before the race, and as such carried more fuel than in the previous sessions.

Räikkönen clinched his first pole position of the season with a time of 1:21.813. Alonso would start alongside him on the grid, amid suspicions the Spaniard was fuelled light for the race. Massa, Kubica and Hamilton qualified next quickest; just 0.2 seconds separated Hamilton's time from that of Räikkönen. Kovalainen would line up on the third row of the grid next to his teammate; Webber and Trulli would start from the fourth row. Heidfeld was disappointed with his ninth place, after suffering from tyre problems on his final lap; Piquet, who made it into the final session for the first time in his career, qualified just ahead of Honda driver Rubens Barrichello and Nakajima. Honda driver Jenson Button and Timo Glock of Toyota would occupy the seventh row; Williams driver Nico Rosberg was outqualified by his teammate for the first time in the season, and would start from 15th, ahead of Bourdais. Coulthard failed to make it through the first session after failing to get sufficient heat into his tyres; Toro Rosso driver Sebastian Vettel and the two Force Indias of Giancarlo Fisichella and Adrian Sutil took positions 18 to 20. The Super Aguris of Anthony Davidson and Takuma Sato would line up on the back row of the grid in their final race.


=== Qualifying classification ===


== Race ==

The conditions on the grid were dry before the race. The air temperature was 23 °C (73 °F) and the track temperature was 38 °C (100 °F); weather forecasts indicated a light wind, but otherwise calm conditions. Räikkönen held his lead into the first corner, as Massa passed Alonso to take second; Hamilton passed Kubica to take fourth. However, an incident further down the field brought out the safety car. Sutil's car entered a spin after attempting to pass Coulthard; the resulting collision eliminated Sutil and Vettel from the Grand Prix. The race restarted on lap four when the safety car peeled off, Räikkönen quickly increased his lead over Massa to more than a second. The gap between the Ferraris increased as Räikkönen continued to lap the quickest on track; Hamilton began to close in on Alonso, only to see the Renault pit on lap 16, promoting the McLaren to third place.

Further down the field, several incidents reduced the field to 15 cars. Piquet, after running off the track on lap five, collided with Bourdais two laps later while attempting to pass at turn 10. The Renault retired from the race immediately; Bourdais struggled back to the pit lane before Toro Rosso decided to retire his car. The resulting debris ended Davidson's race when he retired on lap eight after sustaining radiator damage. On lap 22 Kovalainen's front left tyre suffered a rapid deflation, hurling his car into the barriers at an estimated 210 kilometres per hour (130 mph), with an impact of 26 g. As the track marshals extracted the McLaren from the barriers, the safety car was once again deployed. Heidfeld was forced to pit immediately as he was low on fuel, incurring a ten-second stop-go penalty for coming in before the pit-lane was officially re-opened. Barrichello and Fisichella then collided in the pit-lane on lap 26, heavily damaging the Honda's front wing, and requiring Barrichello to drive the whole lap with a disintegrating car, before retiring into his team's garage.

Räikkönen, Massa, Hamilton, Kubica and Alonso, having already made their pit stops, trailed the safety car until it peeled off on lap 29. As Räikkönen again increased his lead over Massa to more than two seconds, Alonso pulled over to the side of the track, smoke billowing from his engine, and retired. Rosberg's engine also suffered a failure, and the Williams retired on lap 42 from seventh place. Four laps later, Räikkönen set the fastest lap of the race, a 1:21.670, as Massa pitted from behind him. Räikkönen, Hamilton and Kubica followed into the pit-lane on lap 47. Coulthard and Glock collided on lap 53 after the Toyota driver attempted to pass the Red Bull at the first corner. Glock sustained front wing damage, and Coulthard suffered a puncture to his left rear tyre; both pitted soon after for repairs.
Räikkönen took his second win of the season when he crossed the line at the end of the 66th lap, 3.2 seconds ahead of the second-placed Massa. Hamilton took third, ahead of Kubica, Webber and Button, who scored Honda's first points for the season. Nakajima finished in seventh place, ahead of Trulli, who was running in sixth place before his team mistakenly called him into the pit-lane. Toyota had mistaken Glock's damaged car for Trulli, dropping the latter down the order after the stop. Heidfeld, recovering after his penalty, finished in ninth place ahead of Fisichella. Glock and Coulthard filled the next two positions after their late collision, ahead of Sato in 13th. Rosberg, Alonso, Barrichello, Kovalainen, Davidson, Bourdais, Piquet, Vettel and Sutil were the retirements from a punishing Spanish Grand Prix.


=== Post-race ===

The top three finishers appeared on the podium and in the subsequent press conference, where Räikkönen said his pole position start was an important factor in his victory: ""This circuit is very difficult to overtake. The start is the best place and when you have a lot of things going with the safety car you might be lucky or very unlucky, so the best place to try to win is always from the front. It was good yesterday and it really helped us today.""
Massa said that the result was a good one for his team, as they moved ahead of BMW Sauber in the Constructors' Championship: ""We did our homework and brought two Ferrari's in the front – first and second – which is very important for the Championship."" Although Ferrari had performed well, Massa said their speed was not significantly better than their opponents, so ""we need to keep working like crazy in the factory to improve the car in every area.""
Hamilton agreed that the start was the most important part of the race: ""Obviously when we qualified fifth we knew that it would be very difficult to beat the Ferraris. But the key was to get a good start and make as many places as possible and fortunately I was able to do that."" Apart from the start of the race, only two passing manoeuvres were recorded: Heidfeld's lap 55 pass on Fisichella and Coulthard's lap 61 pass on Sato.
Despite his accident, Kovalainen suffered no physical injuries, except for minor concussion. After spending the night under observation in a nearby hospital, the McLaren driver was cleared to race in the next Grand Prix, two weeks later. McLaren said that the wheel failure was due to a faulty wheel clamp which made it vulnerable to the rapid changes in load and pressure that a Formula One car endures, eventually leading to the deflated tyre and Kovalainen's accident. Kovalainen praised Formula One's safety procedures and medical staff:

It was a serious accident and I managed to walk away. I was a bit lucky, but the safety standards the FIA has been pushing worked very well, ... The chassis, the impact, all the barriers took the impact well, the FIA medical team plus the marshals and the team took the job very well and did a fantastic job to get me out of there quickly in a short period of time ... I was able to make a recovery without any injuries. I think it is something that we must still keep working on, but the work paid off that day.

However, Mark Webber, a director of the Grand Prix Drivers' Association, said that standards at the track should have been better. Speaking in his regular BBC Online column, Webber said the ""run-off on that corner is too tight and we need to have a look at it because any driver that has an error there is going to have a big crash. If Heikki's accident had happened two seconds later he would have been fine and controlled the car, but it probably happened on the worst section of that whole track.""
Räikkönen's win increased his points tally in the Drivers' Championship to 29 points, nine ahead of second-placed Hamilton. Kubica and Massa were one and two points behind Hamilton, respectively; Heidfeld was fifth on 16 points, after failing to score. In the Constructors' Championship, Ferrari took the lead with 47 points, 12 points ahead of BMW Sauber and 13 points ahead of McLaren, with 14 races remaining in the season.


=== Race classification ===


== Championship standings after the race ==

Note: Only the top five positions are included for both sets of standings.


== See also ==
2008 Catalunya GP2 Series round


== References ==


== External links ==

Official FIA results"
22,2008,5,5,Turkish Grand Prix,2008-05-11,http://en.wikipedia.org/wiki/2008_Turkish_Grand_Prix,"The 2008 Turkish Grand Prix (officially the 2008 Formula 1 Petrol Ofisi Turkish Grand Prix) was a Formula One motor race held on 11 May 2008 at the Istanbul Racing Circuit, Tuzla, Turkey. The 58-lap race, the fifth of the 2008 Formula One World Championship, was won by Felipe Massa for the Ferrari team from pole position. Lewis Hamilton finished second in a McLaren, with Kimi Räikkönen third in the second Ferrari.
Massa claimed pole, with teammate Räikkönen fourth, the two Ferrari cars sandwiching the McLarens of Heikki Kovalainen and Hamilton. At the first corner Räikkönen clipped Kovalainen's rear tyre and gave him a puncture. The safety car was deployed on the first lap, after a collision, but only remained out for one lap. During the course of the race, Hamilton, intending to make one more pit stop than both Ferrari drivers, was faster than Massa due to carrying a lighter fuel load and overtook him on lap 24. After Hamilton had made his third pit stop, he rejoined in second behind Massa but in front of the Championship leader, Räikkönen. Massa won the race, with Hamilton 3.779 seconds behind, and Räikkönen a further half-second behind. The two BMW Sauber cars of Robert Kubica and Nick Heidfeld took fourth and fifth.
In the week running up to the grand prix, the Super Aguri team had withdrawn from Formula One, due to financial problems, leaving the sport with only ten teams. Massa's victory was his third consecutive pole position and victory in Turkey, having also won the race from pole in 2006 and 2007. Rubens Barrichello celebrated his 257th Grand Prix start, breaking Riccardo Patrese's previous record of 256. Due to the race result, Räikkönen's lead in the Drivers' Championship was lowered to seven points. Massa rose to second from fourth, whilst Hamilton dropped to third, both drivers tying on 28 points but separated by Massa's two wins thus far to Hamilton's one. In the Constructors' Championship, Ferrari increased their lead to 22 points ahead of BMW Sauber, with McLaren a further two points behind in third.


== Background ==
The Grand Prix was contested by 20 drivers, in ten teams of two. The teams, also known as ""constructors"", were Ferrari, BMW Sauber, Renault, Williams, Red Bull Racing, Toyota, Toro Rosso, Honda, Force India and McLaren. This was two drivers fewer than in previous rounds of the 2008 season, due to the withdrawal of the Super Aguri team from the sport following the previous race.
Going into the race, Kimi Räikkönen was leading the Drivers' Championship, on 29 points; nine points ahead of Lewis Hamilton, with Räikkönen's teammate, Felipe Massa, in fourth 11 points behind. BMW Sauber drivers Robert Kubica and Nick Heidfeld were third and fifth, on 19 and 16 points respectively. In the Constructors' Championship Ferrari were leading on 47 points; 12 points ahead of BMW Sauber on 35 points, with McLaren just one further point behind them. The race was also Rubens Barrichello's 257th Grand Prix, which broke the record for the number of Grand Prix starts previously held by Riccardo Patrese. The particular Grand Prix at which he broke this record was disputed, as there was some disagreement about what constituted a ""start"", such as the 2002 Spanish Grand Prix, where Barrichello entered but did not actually take part in the race on Sunday. Barrichello and Honda decided to make Turkey the site for their celebrations, issuing a statement that said, ""In view of the lack of consensus regarding which specific race marks Rubens's 257th Grand Prix, Rubens will celebrate the milestone of 257 Grand Prix appearances at the Turkish Grand Prix"". His Honda team gave him a special anniversary livery and helmet, both of which prominently featured the number 257. Patrese said that he would feel some sadness at having his record broken.

The Super Aguri team had been in financial trouble since a proposed takeover deal backed by equity firm Dubai International Capital, under the ""Magma Group"" banner, failed to take effect. Early in the week before the Grand Prix, after team owner Aguri Suzuki revealed the extent of his difficulties, the team's trucks were blocked from entering the paddock by the Fédération Internationale de l'Automobile (FIA), Formula One's governing body. This decision was taken by the FIA after being informed by Honda's Formula One team CEO, Nick Fry, that Super Aguri, who used Honda engines and Honda-derived chassis, would not be racing at Istanbul Park. Suzuki then admitted that his financial troubles could not be solved by existing primary sponsor SS United Group Oil & Gas Company, leaving the team with no choice but to withdraw from Formula One as of May 6.
The Toro Rosso team's plan to introduce its new car, the STR3, at this race were postponed due to a lack of spare parts. This was due to an accident suffered by driver Sébastien Bourdais during testing prior to the previous race, which had resulted in the chassis sustaining heavy damage. Toro Rosso had already used an updated version of its 2007 car, the STR2, for the first four races of the season, and were now forced to race with it in Turkey as well. The team's other driver, Sebastian Vettel, said that he was ""disappointed"" that the new car was not ready. However, this was the last race in which the STR2 competed, as the STR3 subsequently made its début at the next race.
Ferrari decided not to use a new nose for their car that had made its début at the previous race due to the low-downforce nature of the Turkish circuit. According to team manager Luca Baldisserri, ""The cars used by Kimi [Räikkönen] and Felipe [Massa] are basically to the same specification as those that were used in Spain, with the exception that at Istanbul Park we will not use the slotted nose. This is because this solution is much more efficient at medium to high downforce levels, whereas Turkey requires less downforce. The new nose worked very well, but as we said when we gave it its race debut in Barcelona, we would only use it at circuits where we deem it will bring us an advantage over a more conventional component.""
McLaren's Heikki Kovalainen was passed fit to race in the days leading up to the race. At the previous race, Kovalainen had suffered a serious crash, although he escaped uninjured apart from minor concussion. Kovalainen said that he felt ready to race again: ""I arrived here today feeling confident that I would pass the FIA test as I feel 100% and if I had not felt 100% I would have told the team already and stayed at home. My preparation for this weekend has gone well and we have done a lot of fitness training.""


== Practice ==
Three practice sessions were held before the Sunday race – two on Friday, and a third on Saturday. The Friday morning and afternoon sessions each lasted 90 minutes. The third session was held on Saturday morning and lasted an hour. In the first free practice session, several large damp patches around the circuit – caused by late track cleaning rather than rain – dissuaded drivers from attempting laps and left the frustrated teams sitting in the pits waiting for the surface to dry as low track temperatures made the situation worse. When the cars did take to the track, many of the drivers either went off the road or spun. Räikkönen only did three laps, before retiring with a gearbox problem, causing him to finish last. Massa set the session's fastest time, ahead of McLaren duo Heikki Kovalainen and Hamilton. After the session had ended, Fisichella was given a three-place grid penalty by the stewards for exiting the pit lane whilst the light at its exit was still red.
The second free practice session was held in dry conditions, but the track was still damp from earlier drizzle. After 30 minutes, Red Bull's Mark Webber crashed at turn six, his car sustaining serious damage. Webber was unhurt, although the crash meant that he finished the session in 19th position as he was unable to complete any further laps. The session was briefly stopped as a result while the marshals cleared away the debris. In this session, Räikkönen set the fastest time, with Hamilton next up. Massa was third, while David Coulthard of Red Bull broke up the Ferrari-McLaren domination by setting the fourth-fastest time, ahead of Kovalainen. The third and final practice session was held on the Saturday morning in dry conditions, but with damp patches on the track from earlier rain. As was the pattern for the season, the championship contenders appeared to work on preparations for the final part of qualifying and the race in this session and thus carry heavier fuel loads. Webber set the fastest time in the session, with Renault's Fernando Alonso in second, and Coulthard in third. Massa was fifth, Hamilton seventh, Räikkönen 11th and Kovalainen 12th.


== Qualifying ==
Following the withdrawal of the Super Aguri team's two entries, minor changes were made to the qualifying procedure. In the first qualifying session, which would run for 20 minutes, the five slowest cars (a reduction from the previous number of six) would be eliminated, leaving 15 drivers to continue into the second session. In the second session, which would last 15 minutes, the five slowest runners (again reduced from six) were to once again be eliminated, leaving the ten fastest drivers to compete in session three, as had previously been the case. The time taken for each session remained the same. The third session would determine the positions from first to tenth, and would decide pole position. Cars which failed to make the final session could refuel before the race, so ran lighter in first and second sessions. Cars which competed in the final session of qualifying were not allowed to refuel before the race, and as such carried more fuel than in the previous sessions.

Qualifying was a two-way battle between Ferrari and McLaren, with BMW Sauber not showing as strong a pace as they had in previous qualifying sessions, and Alonso not on as light a fuel load as he had in Spain. Massa qualified on pole with a time of 1:27.617, ahead of Kovalainen and Hamilton. Hamilton elected not to run a lap on the softer option of the two tyre compounds, feeling that they were running low on grip in the later stages of the lap. He completed his final lap of the session on a ""scrubbed"" set of the harder tyre compound and it got him third place. Afterwards Hamilton said that he felt that his tyre choice had been incorrect. However, he changed his mind the following day, having made an examination of the relevant telemetry data. Championship leader Räikkönen qualified fourth, ahead of Kubica and Webber. Alonso, Trulli, Heidfeld and Coulthard completed the top 10. Nico Rosberg driving for Williams qualified 11th, ahead of Barrichello and his teammate Jenson Button. Vettel qualified 14th, followed by Timo Glock for Toyota. Nakajima qualified in 16th, ahead of Nelson Piquet Jr. (Renault) and Bourdais. Afterward Bourdais said that his low position was due to being held up by both Force India drivers: ""Bad traffic, basically the Force India guys, ruined my afternoon: on my first run I was held up by Sutil as early as Turn 3 and on the second, I came up behind Fisichella in Turn 8"". Fisichella qualified 19th but his three-place penalty saw him drop behind teammate Sutil to 20th and last place on the grid.


=== Qualifying classification ===

^1  – Giancarlo Fisichella got a three place grid penalty for exiting the pitlane whilst the red lights were still on during Friday's first practice session.


== Race ==

At the start, Hamilton immediately overtook Kovalainen to claim second behind Massa. Räikkönen had a bad start and was squeezed into the first corner by Kovalainen. The two cars made light contact, with Räikkönen's front wing touching Kovalainen's left rear tyre. This resulted in a puncture for the McLaren driver which forced him to make an unscheduled pit stop on the second lap, which dropped him to 18th and last position. Räikkönen damaged his front wing but continued the entire race distance without changing the nose section of his car. Meanwhile, Kubica took advantage to move up into third position, whilst Räikkönen was also passed by Alonso. Further back, Vettel collided with Sutil and both were forced to pit, Vettel with a puncture and Sutil for a new front wing. Sutil's teammate Fisichella and Nakajima collided at the first turn as well, after Fisichella braked too late and could not avoid the Williams driver. Fisichella retired on the spot but Nakajima, despite losing both his front and rear wing in the incident, was able to make it back to his pit box before retiring. The incident resulted in the safety car being deployed.

The safety car was withdrawn at the end of the second lap and the race got underway again with Massa in the lead. Räikkönen, meanwhile, overtook Alonso for fourth place. Between lap four and lap eleven, Massa and Hamilton exchanged fastest laps and the McLaren driver managed to hold the gap between him and the leader at one and a half seconds. The two drivers left third-placed Kubica behind, who in turn was being caught quickly by Räikkönen. Further back, Kovalainen passed Sutil on lap 12 and Vettel on lap 17. Hamilton then began to close the gap between himself and Massa, posting consecutive quick lap times and was within seven–tenths of a second by lap fifteen. Alonso was the first of the leading runners to make a pit stop on lap 15, dropping to tenth. Hamilton pitted one lap later and dropped to sixth, while Massa stayed out for another three laps. Both he and Kubica pitted at the same time, leaving Räikkönen temporarily in the lead. On lap 20, he set the fastest lap of the race, a 1:21.506, before he himself pitted at the end of lap 21, as did the then second-placed Heidfeld. Räikkönen rejoined ahead of Kubica, while Heidfeld came out ahead of both Alonso and Webber, to elevate himself to fifth. Massa was now back in the lead, but with Hamilton just 0.8 seconds behind. Running lighter on fuel with a view to making an additional pit stop to the Ferrari driver, Hamilton was able to close the gap on Massa and on lap 24, he overtook him at turn twelve. Hamilton now led, with Massa second and Räikkönen third.

Hamilton soon broke away from Massa, lapping over a second quicker than the Ferrari driver. Further back, Bourdais spun off at turn twelve, with a rear suspension failure that put him out of the race. The top five in the race were now Hamilton, Massa, Räikkönen, Kubica and Heidfeld. Over the next six laps, Hamilton stretched his lead to over six seconds before pitting on lap 32. He rejoined the race in third, 2.6 seconds behind second-placed Räikkönen. Further back, on lap 34, Kovalainen passed Glock, only to be immediately re-passed. He did succeed up the main straight, on the same lap. Two laps later, he passed Button.
Eight laps after Hamilton's pit stop, Ferrari called Massa in for his final stop of the afternoon, making Räikkönen the leader of the race once more. This lead, however, only lasted for a couple of laps as the Finn pitted on lap 43, also making his final stop of the afternoon. On lap 43, Hamilton led by 14.4 seconds from Massa with Räikkönen a further seven seconds behind. Two laps later Hamilton was forced to make his third and final pit stop. The McLaren driver rejoined the track behind Massa but crucially ahead of championship leader Räikkönen. The top three would remain this way for the remainder of the race.
Further back in fourth and fifth were the two BMW Saubers of Kubica and Heidfeld and behind them were Alonso, Trulli, Webber, Rosberg and Coulthard, with Kovalainen pursuing closely behind them. Kovalainen passed Coulthard on lap 48, and then on the next lap passed Rosberg. However, Rosberg immediately overtook Kovalainen to regain his position, and Kovalainen was forced to pit on lap 50. After his final pit stop, Kovalainen rejoined the circuit in 13th position. Felipe Massa won the race, making it his third consecutive win at the circuit, 3.7 seconds ahead of Hamilton, with Räikkönen a further half-second behind in third. The two BMWs of Kubica and Heidfeld finished fourth and fifth respectively while further back Alonso, Webber and Rosberg completed the top eight. Coulthard finished ninth, Trulli 10th and Button 11th. After his puncture at the start, Kovalainen had managed to recover to 12th by the end of the race, passing Glock in the closing stages. Glock, Barrichello, Piquet, Sutil and Vettel were the last of the classified finishers.


=== Post-race ===

The race victory was Massa's third win in Turkey in as many years, having won in both 2006 and 2007. The top three finishers appeared in the subsequent press conference. Massa said that: It was a very tough race but the team work magnificently, giving me a great car. When Hamilton came underneath me at an incredible pace, I preferred not to take too many risks: the pit wall informed me that he was clearly running a lighter fuel load even if we were not certain he was on a three stop strategy. When that became clear, we were calmer, knowing we had everything in place to go for the win.
Ron Dennis, McLaren's team principal, commented on Hamilton's drive: ""Today we saw a truly phenomenal drive from Lewis [Hamilton], in which he optimised a three-stop strategy that we were forced to adopt as a consequence of concerns we had with his tyres."" Hamilton said that he felt that McLaren had closed the gap on Ferrari, and that he was ""very excited"" about the next race in Monaco.
Räikkönen said: ""It was a difficult weekend for me but six points are definitely better than nothing. At the start, I was almost alongside Heikki but then he slowed and I had to brake too to avoid a heavy crash. We touched just enough to damage the end plate of the front wing on my car: it was not a very serious problem, but it definitely didn't help my race."" Räikkönen also said that he decided not to change his front wing, which was damaged after his collision with Kovalainen, the process would have taken too long.

Fisichella, who had collided with Nakajima on the first lap, which caused both drivers to retire, blamed Bourdais: ""I made a good start but then under braking Bourdais changed direction twice and I couldn't brake in time and went into the back of the Williams."" Nakajima said that, ""I don't know exactly what happened; I just went into the first corner following the guy in front. I didn't change my line and I was suddenly hit from behind.""
Bourdais commented on his retirement: ""Something broke at the back of the car... Going into Turn 12, I braked at the usual point and the car went sideways, I felt the right rear corner of the car drop and it spun me round.""
Räikkönen's lead in the Drivers' World Championship was reduced by two points to seven, ahead of Massa and Hamilton, the latter two on 28 points each. Kubica was in fourth, on 24 points, followed by his teammate Heidfeld on 20 points. In the Constructors' Championship, the Ferrari team increased its lead with a total of 66 points, whilst BMW Sauber were second with 44 points. McLaren were third with 42 points, Williams fourth with 13 points, and Red Bull were fifth, on ten.


=== Race classification ===


== Championship standings after the race ==

Note: Only the top five positions are included for both sets of standings.


== See also ==
2008 Istanbul Park GP2 Series round


== References ==


== External links ==

Official FIA results"
23,2008,6,6,Monaco Grand Prix,2008-05-25,http://en.wikipedia.org/wiki/2008_Monaco_Grand_Prix,"The 2008 Monaco Grand Prix (formally the Formula 1 Grand Prix de Monaco 2008) was a Formula One motor race held on 25 May 2008 at the Circuit de Monaco; contested over 76 laps, it was the sixth race of the 2008 Formula One World Championship. The race was won by the season's eventual Drivers' Champion, Lewis Hamilton, for the McLaren team. BMW Sauber driver Robert Kubica finished second, and Felipe Massa, who started from pole position, was third in a Ferrari.
Conditions were wet at the start of the race. Massa maintained his lead into the first corner, but his teammate Kimi Räikkönen was passed for second by Hamilton, who had started in third position on the grid. Hamilton suffered a punctured tyre on lap six, forcing him to make a pit stop from which he re-entered the race in fifth place. As the track dried and his rivals made their own pit stops Hamilton became the race leader, a position he held until the end of the race. Kubica's strategy allowed him to pass Massa during their second pit stops, after the latter's Ferrari was forced to change from wet to dry tyres. Räikkönen dropped back from fifth position to ninth after colliding with Adrian Sutil's Force India late in the race. Sutil had started from 18th on the grid and was in fourth position before the incident, which allowed Red Bull driver Mark Webber to finish fourth, ahead of Toro Rosso driver Sebastian Vettel in fifth.
The race was Hamilton's second win of the season, his first in Monaco, and the result meant that he led the Drivers' Championship, three points ahead of Räikkönen and four ahead of Massa. Ferrari maintained their lead in the Constructors' Championship, 16 points ahead of McLaren and 17 ahead of BMW Sauber, with 12 races of the season remaining.


== Background ==
The Grand Prix was contested by 20 drivers, in ten teams of two. The teams, also known as ""constructors"", were Ferrari, McLaren-Mercedes, Renault, Honda, Force India-Ferrari, BMW Sauber, Toyota, Red Bull-Renault, Williams-Toyota and Toro Rosso-Ferrari. Tyre supplier Bridgestone brought four different tyre types to the race: two dry-weather tyre compounds, the softer marked by a single white stripe down one of the grooves, and two wet-weather compounds, the extreme wet also marked by a single white stripe.

Before the race, Ferrari driver Kimi Räikkönen led the Drivers' Championship with 35 points, and his teammate Felipe Massa was second with 28 points. McLaren driver Lewis Hamilton was third, also on 28 points, with one win fewer than Massa; BMW driver Robert Kubica was fourth on 24 points, ahead of his teammate Nick Heidfeld on 20 points. In the Constructors' Championship, Ferrari were leading with 63 points, 19 points ahead of BMW Sauber, and 21 points ahead of McLaren-Mercedes.
Ferrari had responded to Hamilton's win in the opening round of the season in Australia by winning each of the subsequent four races, giving them a commanding lead in the Constructors' Championship. Ferrari's dominance had been highlighted by two one-two finishes: Massa ahead of Räikkönen in Bahrain and Räikkönen's win over Massa at the following round in Spain. A strong drive despite an unfavourable strategy had helped Hamilton to split the Ferrari drivers on the podium in Turkey, coming second, behind Massa but ahead of Räikkönen. Ferrari had not won in Monaco since 2001, and had been unable to match McLaren's pace in 2007. After tests at the Circuit Paul Ricard in mid-May, Räikkönen said his team had developed a strong car for the tight, low-speed Monaco circuit, but they still expected a challenge from McLaren and BMW Sauber. Hamilton claimed that McLaren would be competitive at Monaco, but Kubica played down his team's chances, saying ""I think a win will be very difficult.""
Toro Rosso's main 2008 car, the STR3, was also introduced that weekend; the team had used a modified version of their 2007 car, the STR2, for the opening five races. Originally due to be introduced at the previous race in Turkey, a crash in testing had left the team short of spare parts, delaying the car's race debut. As the STR3 used a different transmission than that used in the STR2, Toro Rosso driver Sebastian Vettel was forced to take a five-place penalty on the grid for an unscheduled change of gearbox. His teammate Sébastien Bourdais escaped a similar penalty because he had failed to finish the race in Turkey, allowing him a free gearbox change.


== Practice ==

Three practice sessions were held before the Sunday race – two on Thursday, and one on Saturday. The Thursday morning and afternoon sessions each lasted 90 minutes; the third session, on Saturday morning, lasted for an hour. One hour into the first session, officials noticed a loose drain cover in the run through Beau Rivage, and suspended practice. Ferrari and McLaren took the top four spots after the resumption – Räikkönen ahead of Hamilton, McLaren driver Heikki Kovalainen, and Massa. Behind Williams driver Nico Rosberg, Kubica was the best of the BMW Saubers in sixth; his teammate Heidfeld was forced to retire because of an engine failure, and stopped his car in Casino Square after just 13 laps. Despite further delays during the second session – both Renault drivers crashed in separate incidents at Sainte Devote, requiring the marshals to sweep the track of debris – Hamilton again proved strong, fastest ahead of Rosberg, Räikkönen, Massa, Kovalainen and Kubica. Apart from the Renault drivers, two more cars struck the barriers: Toyota driver Jarno Trulli scraped the wall out of Piscine; Adrian Sutil's Force India lost its front wing after tagging the barrier at Rascasse. While light rain fell on Saturday morning, Kovalainen set the fastest time in the final session, before losing control at Piscine and damaging the rear of his car. The rain increased as the marshals cleared the debris, and in the ensuing poor track conditions Kovalainen's time remained unbeaten. Hamilton managed second fastest, ahead of Räikkönen, Rosberg, Kubica and Massa.


== Qualifying ==
Saturday afternoon's qualifying session was divided into three parts. In the first 20-minute period, cars finishing 16th or lower were eliminated. The second qualifying period lasted for 15 minutes, at the end of which the fastest ten cars went into the final period, to determine their grid positions for the race. Cars failing to make the final period were allowed to be refuelled before the race but those competing in it were not, and so carried more fuel than they had done in the earlier qualifying sessions.

Massa clinched his third pole position of the season with a time of 1:15.787, and was joined on the front row by teammate Räikkönen. Hamilton took third place on the grid, with a qualifying time just 0.052 seconds slower than Massa's. Kovalainen edged out Kubica to take fourth, the latter struggling to get heat into his tyres for his final run. Rosberg's attacking style took him to sixth; Renault driver Fernando Alonso, Trulli and Red Bull driver Mark Webber occupied the next three places. Webber's teammate David Coulthard ended his second session in the barriers after the tunnel, after his car jerked sideways at the crest under braking. Although Coulthard was unhurt, the position of his stricken car and the subsequent caution flags surrounding it denied many drivers the opportunity to make their final flying laps in the session. Honda driver Jenson Button, who took 12th behind Timo Glock of Toyota, blamed the disruption for his performance, having prepared his car specifically for the final run. Heidfeld suffered from similar tyre problems to his teammate and managed 13th; Williams driver Kazuki Nakajima and Honda driver Rubens Barrichello took the next two places ahead of Bourdais in the new STR3. Renault driver Nelson Piquet Jr. lined up from 17th and Vettel managed 18th before his gearbox penalty demoted him to 19th. The Force Indias of Sutil and Giancarlo Fisichella qualified slowest; Fisichella's penalty for a change of gearbox after morning practice meant he started from 20th on the grid.


=== Qualifying classification ===

^1  – David Coulthard, Sebastian Vettel and Giancarlo Fisichella were each given five place grid penalties for changing their gearboxes.


== Race ==

On Sunday morning Coulthard became the third driver to incur a gearbox penalty, after changing his transmission following his crash during qualifying. The penalty moved him from 10th to 15th on the grid. In contrast to Saturday's dry qualifying session, frequent showers soaked the track on Sunday morning, making racing slippery and potentially hazardous. Although the showers subsided by early afternoon, they resumed 20 minutes before the start, the changeable conditions forcing teams to delay tyre choices for as long as possible. By the time of the three-minute warning most drivers had opted for the standard wet tyre; only Piquet started the race on the extreme wet. Kovalainen's engine stalled as the cars set off on their formation lap; his car was pushed back to the pit lane by his mechanics, where it was restarted and a new steering wheel fitted to solve the problem.
Massa held his lead into the first corner at Sainte Devote, while behind him Hamilton used the pit lane exit to pass Räikkönen down the inside. Kovalainen's vacated fourth position was filled by Kubica, as Alonso moved into fifth, passing Rosberg. The latter made a pit stop soon after for a new front wing after making contact with Alonso at the hairpin, promoting Trulli to sixth. These positions were maintained for several laps, but the distances between the cars increased, in part because the spray thrown up by their wheels made close racing difficult. The conditions proved to be crucial when Hamilton made contact with barriers on the outside of Tabac on lap six, necessitating his return to the pit lane for a new set of tyres. The McLaren mechanics fuelled the car for a longer second stint and Hamilton emerged in fifth, the distances between his competitors' cars resulting in him losing only three places during the pit stop. Alonso had a similar accident to Hamilton's at Massenet two laps later, and emerged in seventh after pitting and taking on extreme wets.
Massa's lead – 12 seconds over the second-placed Räikkönen by lap six – was reduced to nothing when the safety car was deployed on the eighth lap. Coulthard and Bourdais had crashed into the barriers at Massenet just seconds apart, requiring the marshals to separate the cars and lift them off the track. When the safety car pulled off after three laps, Massa consolidated his lead over his teammate. Räikkönen, however, was called into the pit lane for a drive-through penalty after to failing to have his tyres attached by the three-minute warning before the race, dropping him back to fourth. Kubica, now second, took the lead when Massa slid off down the escape road at Sainte Devote, the undamaged Ferrari rejoining in second as the rain eased. The two swapped positions again after their pit stops – Kubica on lap 26 and Massa on lap 33 – but Hamilton, carrying more fuel than his rivals, took the lead.

As a dry line appeared on the track, Hamilton extended his lead over Massa, from 13 to 37 seconds, by the time he made a pit stop for the second time on lap 54. His timing proved fortunate, as he changed to dry tyres just as such a strategy emerged as the strongest, and he emerged 13 seconds ahead of Massa. The Ferrari's own pit stop two laps later dropped Massa behind Kubica. Hamilton's lead was reduced when the safety car once again deployed on lap 62 after Rosberg crashed at Piscine, hitting both sides of the track and scattering debris. Rosberg was unhurt.
Of the 20 cars which started the race, Sutil had gained the most places by the second safety car period. The Force India started from 18th, rose one place after Kovalainen was pushed back to the pit lane, passed Piquet on the second lap and Bourdais a lap later. Sutil benefited as Button, Rosberg, Glock and Trulli made pit stops for repairs over the following laps, to sit in 11th by lap 14. Alonso, on extreme wet tyres behind Heidfeld, attempted to pass the BMW at the hairpin, but succeeded only in damaging his front wing and forming a stationary queue behind him. He also benefitted by overtaking three cars under yellow flags and would have been penalised if he had finished the race. Sutil took advantage of the situation and passed four cars to take seventh, behind Heidfeld and Webber. Running a long first stint until lap 53, he moved to fourth as the cars ahead of him made pit stops. Vettel gained 12 places from the start, battling with Barrichello and Nakajima early on before jumping several places on his first stint as his rivals made pit stops, eventually switching to dry tyres when he stopped on lap 52. Webber improved three places from the start to sit in sixth, ahead of Vettel, Barrichello and Nakajima.
The safety car was withdrawn on lap 68. Later on the same lap, Räikkönen lost control of his car under braking out of the tunnel, and by the time he regained control his speed was too great to avoid a collision with Sutil. The Ferrari damaged its front wing and made a pit stops for a replacement before resuming, but the damage to Sutil's rear suspension led to his retirement. Webber benefited from the incident and moved to fourth place, while Räikkönen dropped back to ninth.

The slow pace during the opening laps meant the race ended after two hours, or 76 laps, rather than the 78 laps originally scheduled. Hamilton, despite suffering a slow puncture on the final lap, crossed the finish line to take his first win in Monaco. Kubica followed in second, ahead of Massa and Webber. Vettel took the STR3 to its first points in its maiden race, coming fifth, ahead of Barrichello and Nakajima. Kovalainen recovered from his stall to finish eighth, one place ahead of Räikkönen, who set the fastest lap of the race on lap 74, a 1:16.689. He was followed by Alonso, Button, Glock and Trulli. Heidfeld was the last of the classified finishers, in 14th position, four laps behind Hamilton. Fisichella retired with a gearbox failure after 36 laps; Piquet – two laps after he switched to dry tyres on lap 46 – finished his race in the barriers at Sainte Devote. Sutil, Rosberg, Coulthard and Bourdais were the four other retirements.


=== Post-race ===

The top three finishers appeared in Prince Albert II of Monaco's Royal box to collect their trophies. In the subsequent press conference Hamilton said that conditions early in the race made driving difficult: ""When the weather is like this, when it starts to rain and we had an idea it was going to start to dry, the important thing is to keep it on the track but I can't explain how difficult it was for all of us. You were aquaplaning all the time and you were tip-toeing almost."" Hamilton also said that his crash at Tabac had been the result of a stream of water running over the track, causing his car to oversteer and resulting in a puncture to his right rear tyre. Nevertheless, he praised his team and strategy for helping him take the victory. Kubica said that tyre problems in his middle stint meant he was unable to overtake Massa, who was driving a heavier car. Noticing Glock's success on dry tyres, Kubica asked his team to make a similar change, resulting in his pass on Massa. During the post-race interview Massa said that although he was fuelled to the end of the race after his first pit stop, the drying track forced him to pit again for new tyres: ""It was a shame that we made a little mistake on the strategy but it is good to be on the podium.""
Sutil expressed his disappointment after being knocked out of the race when he was on course to record his team's first points:

I can't believe it, it was so close. It feels like a pain in my heart. It is like a dream gone to a nightmare – suddenly you are in the car and it looks all fantastic, then you have to accept it is not going to happen ... It was after the restart after the final safety car that Kimi had a problem under braking and crashed into the back of my car. The race was over and it was a real shock. A few tears came out as the adrenaline was high – I just can't explain it.

Räikkönen apologised to Sutil for their collision, blaming cold brakes for his loss of control. Mike Gascoyne, Force India's technical chief, called for the stewards to investigate the incident, but after deliberation no action was taken. ""The frustration is that if that was a Force India driver hitting a world champion we'd expect to get a one or two-race ban, but the other way round nothing ever seems to happen"" said Gascoyne. Sutil was called to the stewards' room and reprimanded for passing three cars under yellow flags on lap 13. Because he had retired, he was issued with merely a warning, but had he finished the race he would have been given a 25-second time penalty, which would have dropped him out of the point-scoring positions.
Hamilton's win was praised by Jackie Stewart, a three-time winner of the Monaco Grand Prix. ""At his age, Lewis can win this race many times,"" he said. ""This is the first, I hope, of many victories for him in Monaco so that he can join the greats of Formula One."" Damon Hill, the 1996 World Champion, said Hamilton ""did very well indeed. I was most impressed, and the race as a whole was also a great advertisement for what F1 should be about."" As of 2023 this was McLaren's most recent victory at this Grand Prix. The race result left Hamilton leading the Drivers' Championship with 38 points. Räikkönen, who failed to score in Monaco, was second on 35 points, one point ahead of Massa and three ahead of Kubica. Heidfeld was sixth on 20 points. In the Constructors' Championship, Ferrari maintained their lead with 69 points, McLaren jumped to second on 53 points, and BMW Sauber dropped to third on 52 points, with 12 races of the season remaining.


=== Race classification ===


== Championship standings after the race ==

Note: Only the top five positions are included for both sets of standings.


== See also ==
2008 Monaco GP2 Series round


== References ==


== External links ==

Official FIA results"
24,2008,7,7,Canadian Grand Prix,2008-06-08,http://en.wikipedia.org/wiki/2008_Canadian_Grand_Prix,"The 2008 Canadian Grand Prix (formally the Formula 1 Grand Prix du Canada 2008) was a Formula One motor race held on 8 June 2008 at the Circuit Gilles Villeneuve, Montreal, Quebec, Canada. It was the 7th race of the 2008 Formula One season. The 70-lap race was won by Robert Kubica for the BMW Sauber team after starting from second position. Kubica’s teammate  Nick Heidfeld finished second with David Coulthard third in a Red Bull; taking the final podium of his F1 career. Lewis Hamilton, who started from pole position, failed to finish the race, retiring on lap 19 after crashing into the back of Kimi Räikkönen's Ferrari car in the pit lane.
Kubica's win promoted him into the lead of the Drivers' Championship for the first time in his career, overtaking Hamilton, Räikkönen and Massa. Massa and Hamilton tied for second place, four points behind Kubica, while Räikkönen was fourth. In the Constructors Championship, BMW passed McLaren for second position, three points behind Ferrari. As of 2024, this is the last victory for a BMW-powered car and the only race to be won by a Polish driver in Formula One.


== Report ==


=== Background ===
The Grand Prix was contested by 20 drivers, in ten teams of two. The teams, also known as ""constructors"", were Ferrari, McLaren-Mercedes, Renault, BMW Sauber, Honda, Force India, Toyota, Red Bull Racing, Williams and Toro Rosso.
Before the race, McLaren driver Lewis Hamilton led the Drivers' Championship, with 38 points, ahead of Ferrari's Kimi Räikkönen, on 35 points and his teammate Felipe Massa on 34 points. BMW driver Robert Kubica was fourth, ahead of Kubica's teammate Nick Heidfeld in fifth. In the Constructors Championship, Ferrari were leading on 69 points; 16 points ahead of McLaren with 53 points; BMW were a further point behind them in third.
Ahead of the race, the organizers unveiled a new paddock and media center facilities at Circuit Gilles Villeneuve. Also the site where Robert Kubica crashed in the previous year's race was modified. The wall on which Kubica crashed was moved closer to the track to decrease angle of impact. Additionally, debris fencing was put on the wall to prevent any hazard to cars on the other side of the wall.


=== Practice and qualifying ===

Three practice sessions were held before the Sunday race—two on Friday, and a third on Saturday. The Friday morning and afternoon sessions each lasted 90 minutes. The third session was held on Saturday morning and lasted an hour.
The Friday practice session started in wet conditions which resulted in most of the drivers venturing out in the latter half of the hour, some of them, such as Lewis Hamilton, emerging only during final minutes of the session. Ferrari's Felipe Massa recorded the fastest lap in this session, followed by Robert Kubica and Heikki Kovalainen. In the second session of the day, Lewis Hamilton aced while Kubica continued to record good timings at number two. Kimi Räikkönen recorded third fastest lap time compared to his fifth fastest in the earlier session. Timo Glock suffered a minor accident after he hit the wall on turn four. Nico Rosberg, however, sprung a surprise by topping the Saturday session ahead of Räikkönen and Hamilton. The session was red flagged 45 minutes in when Toro Rosso's Sebastian Vettel hit the wall after losing control at turn nine, resulting in a number of drivers being unable to complete their flying laps. Further, Vettel's teammate Sébastien Bourdais suffered a crash at turn five.

Saturday afternoon's qualifying session was divided into three parts. In the first 20-minute period, cars finishing 16th or lower were eliminated. The second qualifying period lasted for 15 minutes, at the end of which the fastest ten cars went into the final period, to determine their grid positions for the race. Cars failing to make the final period were allowed to be refuelled before the race but those competing in it were not, and so carried more fuel than they had done in the earlier qualifying sessions.
Lewis Hamilton recorded the fastest time for the session, ahead of Felipe Massa and Heikki Kovalainen. Sebastian Vettel's poor season continued after he could not compete the qualifying following his crash in third practice session. Others eliminated in this session were Sébastien Bourdais, Adrian Sutil, Giancarlo Fisichella and Jenson Button. Bourdais received a five place grid penalty due to a gearbox change following the earlier practice session. Button too suffered a gearbox problem during his first lap run and clocked the slowest time for the session.

Qualifying conditions were hampered by a disintegrating track, which caused most drivers to record slower times than in Q1. Track officials were seen clearing the track of debris in between sessions. Toyota's Jarno Trulli suffered significantly from these conditions, his car spinning twice during the second session. Trulli, along with Timo Glock, Kazuki Nakajima, David Coulthard and Nelson Piquet Jr., was unable to progress to the next session.
Hamilton once again topped this session, with Massa and Räikkönen coming second and third respectively.
Hamilton recorded quick times during early laps of the session, which were only surpassed by Robert Kubica towards the end of the session. But Hamilton on his final flying lap overcame Kubica's time claiming his second pole position at Montreal. Räikkönen came in third with teammate Massa pushed down to sixth position. Fernando Alonso and Nico Rosberg exhibited remarkable performances, taking positions four and five respectively.
Mark Webber, who also became a victim of the breaking track surface, could not compete in Q3 after damaging his car at the end of second session.


=== Race ===

There was severe criticism from drivers about track conditions. The track was said to be breaking up on turn two, the exit of turn seven and also the apex and exit of turn 10. The authorities applied chemicals on turn 2 and carried out further resurfacing of track on turn 11 – the hairpin – following Saturday's qualifying session.
After overnight track work to fix problems with the track at turn 10, the race started with Hamilton holding his lead and all the cars making it through the first corner. Hamilton built up a lead of over 5 seconds over Robert Kubica before Adrian Sutil had a gearbox failure on the 16th lap and parked his car after turn 3. Sutil's car was off the track but after it caught fire the safety car was brought out, and there was a rush of drivers into the pits as all of the six lead drivers went in for their pit stops. Hamilton led Räikkönen and Kubica into the pitlane but Räikkönen took the lead as they left their garages, with Kubica alongside him and Hamilton behind.

Räikkönen came to a stop at the end of the pit lane as the exit was closed, with the red indicator light on. Räikkönen was alongside Kubica at the end of the pit lane when Hamilton sped towards them not noticing the red light at first. Hamilton slid into the back of Räikkönen's car, with Nico Rosberg further hitting the back of Hamilton. Both Hamilton and Räikkönen retired from the race, each leaving their vehicles at the exit of the pitlane. Rosberg continued the race, but stopped again for a new wing. Meanwhile, Massa had to make a second stop in the following lap, as his car had not been refuelled during his first stop due to technical problems. Hamilton later said that he saw the light too late and could not avoid hitting the Ferrari. It was Hamilton's only retirement of the 2008 season. 
There were seven different race leaders over the next section of the race until most of the drivers each took pit stops leaving Heidfeld in the lead. Kubica was in a much lighter and faster car and overtook Heidfeld after only his first lap out of the pits.

The remainder of the race had fewer incidents, despite the surface of the circuit severely degrading over the course of the race. Nelson Piquet Jr. suffered another retirement, his fifth of the year from seven races, on the 39th lap because of abnormal brake wear. Piquet had also spun off the circuit earlier in the race while running in a points-scoring position due to brake failure, but fell to the back of the field before he reversed his car to get back onto the track. Piquet's teammate at Renault F1 and former world champion Fernando Alonso was running in a strong third place and was pushing Nick Heidfeld for second place before spinning off and damaging his front wing and suspension. Kazuki Nakajima broke his front wing after hitting the back of Jenson Button in turn ten on the 46th lap, and was forced to retire when the front wing detached itself completely and was stuck under the chassis as he was about to enter pitlane. Giancarlo Fisichella was running last after his car engine stalled during his first pit stop, and later he spun and hit the wall after the chicane at turn nine.
Felipe Massa fought back towards the end of the race, after finding himself last since making three pit stops in total due to earlier incidents. Massa overtook both Barrichello and Kovalainen at the same time through the hairpin at turn ten as his rivals struggled for grip. With a few laps to spare the Brazilian overtook Jarno Trulli when the Italian got caught up behind Timo Glock, who was recovering from running wide at turn two.

Kubica had built up a substantial lead over the course of the race and was never threatened while he raced towards the finish. Heidfeld held onto second place leading to the first one-two finish for the BMW Sauber team. David Coulthard finished third to score his first points of the season and his first podium finish since the 2006 Monaco Grand Prix, but had to run to the podium after his car ran out of fuel 50 meters from where the podium finishers park. Toyota drivers finished fourth and sixth, with Massa between them in fifth. Barrichello kept the seventh position and Vettel defended eighth place from Kovalainen. Thus, no McLaren driver finished in the points for the first time since the 2006 United States Grand Prix, and neither Ferrari nor McLaren took a podium finish for the first time since the 2006 Malaysian Grand Prix. Kovalainen, Rosberg, Button, Webber and the lapped Bourdais were the last of the finishing drivers.
The win for BMW Sauber marked the first time a German constructor had won a Formula One Grand Prix since the 1962 French Grand Prix, as well as the first and only win for BMW engines since the 2004 Brazilian Grand Prix which Juan Pablo Montoya won for Williams.


=== Post-race ===
The top three finishers appeared on the podium and in the subsequent press conference. Kubica was delighted with his first race victory, saying, ""I'm very happy at having won the first race for the BMW Sauber F1 Team. I'm also happy for Poland and all my fans. It was a very difficult race for me. I started on the dirty side of the track and Kimi Raikkonen was nearly able to pass me, but I just managed to keep him behind."" After the race, Heidfeld said,

Congratulations to Robert for winning this race, which he really deserved! I made a poor start and lost a position to Rubens Barrichello. Fortunately I was able to pass him, and from this moment on I was one of the fastest cars on the track. I stayed out when most of the other cars pitted because I was on a long stint. I was pushing very hard at that stage. We then decided to switch to a one stop strategy, with a very high fuel load and with the soft option tyres which was a challenge.
Coulthard said, ""I'm delighted to get a podium for the team, they've had a lot of work on at the previous races and back at base. You can expect some unusual results here, so we fuelled it long; but we expected the incidents would occur on track, not in the pit lane.""
Hamilton and Rosberg were both given ten place grid penalties for the French Grand Prix, meaning that whatever their qualifying position, they could start no better than 11th. After the penalty was given, McLaren's CEO, Martin Whitmarsh, said that he thought the penalty was ""severe"", citing a similar incident at Monaco where Räikkönen had crashed into the back of Force India's Adrian Sutil. There, no penalty had been given. However, Rosberg said that the penalties were ""deserved"".
After the race, Kubica moved into the lead of the Drivers' Championship, on 42 points, taking the Championship lead for the first time in his Formula One career. Hamilton lost the lead of the Drivers' Championship, falling four points behind Kubica. Massa tied on points with Hamilton, while Räikkönen was three points further behind. Heidfeld remained fifth. Before the race, Ferrari had been 16 points ahead of McLaren in the Constructors' Championship; after the race, BMW moved up into second position and reduced Ferrari's lead to 3 points. McLaren fell down to third place, 17 points behind BMW.


== Classification ==


=== Qualifying ===

^1  – Mark Webber spun into the wall and damaged his right front suspension during the second part of qualifying, thus he was unable to compete in the third part.
^2  – Sébastien Bourdais incurred a five place grid penalty for a gearbox change.
^3  – Started from the pitlane.
^4  – Sebastian Vettel was unable to take part in qualifying due to damaging his car during third practice.


=== Race ===


== Championship standings after the race ==

Note: Only the top five positions are included for both sets of standings.


== References ==


== External links =="
25,2008,8,8,French Grand Prix,2008-06-22,http://en.wikipedia.org/wiki/2008_French_Grand_Prix,"The 2008 French Grand Prix (formally the Formula 1 Grand Prix de France 2008) was a Formula One motor race held on 22 June 2008 at the Circuit de Nevers Magny-Cours, France. This race would be the last French Grand Prix for a decade, before returning in 2018 at Circuit Paul Ricard. The 70-lap race event, the eighth of the 2008 Formula One World Championship, was won by Felipe Massa for the Ferrari team starting from second position. Kimi Räikkönen, who started from pole position, finished second in the other Ferrari car; Jarno Trulli was third in a Toyota.
Räikkönen and Massa both made a clean start. Renault's Fernando Alonso, who started third, was overtaken by Trulli and BMW Sauber driver Robert Kubica. The front three of Räikkönen, Massa and Trulli maintained their positions through the first round of pit stops. On lap 30, Räikkönen led Massa by six and a half seconds, and Trulli by 30 seconds. Just before half distance, Räikkönen's right exhaust pipe broke, which caused the engine to lose power. Massa, in second place, began lapping quicker than Räikkönen, and he caught and passed him on lap 39. Massa maintained his lead through the second round of pit stops, and won the race; Räikkönen finished almost 18 seconds behind. Trulli fended off McLaren's Heikki Kovalainen, who challenged him in the latter stages, to take third.
Massa's win promoted him into the lead of the Drivers' Championship for the first time in his career, overtaking Kubica. Kubica was second, two points behind Massa, while Räikkönen was third. In the Constructors' Championship, Ferrari increased their lead to 17 points ahead of BMW Sauber, McLaren a further 16 points behind in third.


== Background ==
The Grand Prix was contested by 20 drivers, in ten teams of two. The teams, also known as ""constructors"", were Ferrari, McLaren-Mercedes, Renault, Honda, Force India-Ferrari, BMW Sauber, Toyota, Red Bull-Renault, Williams-Toyota and Toro Rosso-Ferrari. Tyre supplier Bridgestone brought two different tyre compounds to the race; the softer of the two marked by a single white stripe down one of the grooves.
Before the race, Robert Kubica of BMW led the Drivers' Championship, with 42 points, ahead of McLaren's Lewis Hamilton and Ferrari's Felipe Massa, who each had 38 points. Massa's teammate Kimi Räikkönen was fourth, ahead of Kubica's teammate Nick Heidfeld in fifth. In the Constructors' Championship, Ferrari were leading with 73 points; three points ahead of BMW Sauber with 70 points; McLaren were a further 17 points behind them in third.
Ferrari came into the race with a long series of success at the track, having won seven of the last ten races held at Magny-Cours. In 2007, Ferrari had taken a one-two, Räikkönen ahead of Massa. Massa said that it was important not to discount McLaren and BMW:

In recent years, people would say that Canada and Monaco suited McLaren better than Ferrari, while it was the other way round in France and Britain, but I don't think that is really the case this year, as apart from any other factors, we have to consider the BMW team in this equation. This year in Monaco, Ferrari had the whole front row of the grid, even though I think we had more fuel than McLaren and in Canada our race pace was very good too. In other races we have all been very close.
In March 2007, the Fédération Française du Sport Automobile (FFSA) stated their intention to rest the Magny-Cours circuit from the Formula One world championship for the 2008 season. Despite this, the race was held in 2008, but the race was dropped from the Formula One calendar for 2009. The French Grand Prix would not return to the Formula One World Championship calendar until 2018.
At the previous race in Canada, Hamilton had crashed into Räikkönen in the pit lane, when Raikkönën braked to stop in front of the red light at the end of the pit lane. Williams driver Nico Rosberg then collided into the back of Hamilton. Hamilton later said that he saw the light too late and could not avoid hitting the Ferrari. Hamilton and Rosberg were both given ten place grid penalties for the French Grand Prix, meaning that whatever their qualifying position, they could start no better than 11th. After the penalty was given, McLaren's CEO, Martin Whitmarsh, said that he thought the penalty was ""severe"", citing a similar incident at Monaco where Raikkönën had crashed into the back of Force India's Adrian Sutil. There, no penalty had been given. However, Rosberg said that the penalties from Canada were ""deserved"". When Hamilton was asked whether the penalty would force him to change his approach, Hamilton said that ""it doesn't really. It's a race, I'm here to win and so I approach it the same."" ""It's going to be harder,"" he added, ""coming from the back, but I don't have any doubts or any worries, I think we're going to have a very strong package this weekend, and I think the car will be as good if not better than it was in the last race. With that pace, as long as we stay out of trouble we should be able to score some good points.""
Renault driver Nelson Piquet Jr., who was in his first year in Formula One and had scored no points prior to this race, said that he thought that the track suited him and the car much better than previous races. BMW Sauber had taken their first victory at the previous race, but team principal Mario Theissen said that a second win was unlikely at Magny-Cours.
In technical developments, BMW Sauber, Ferrari, McLaren and Toyota all revised their front wings. BMW brought both their new wing as well as the version they had used for the previous race to Magny-Cours, but decided to use the revised wing, as it offered better levels of downforce. Ferrari's wing changes aimed at improving the performance of the car's nose hole. The nose hole, which had been introduced at the Spanish Grand Prix, aimed at creating greater levels of downforce, by channelling the airflow. Williams changed their front sidepod winglets. At the previous race, Red Bull modified their RB4's bridge wing to prevent it from flexing, to comply with the latest rule clarifications. For Magny-Cours, the team revised the central section of this element, with the aim of generating greater downforce levels.


== Practice ==

Three practice sessions were held before the Sunday race—two on Friday, and a third on Saturday. The Friday morning and afternoon sessions each lasted 90 minutes. The third session was held on Saturday morning and lasted an hour. In the first practice session, which was held in dry conditions, Ferrari's Felipe Massa was quickest, ahead of the McLarens of Hamilton and Kovalainen in second and third. Massa's teammate, Räikkönen, was fourth quickest. The afternoon session, which was held in very hot conditions, saw Renault's Fernando Alonso record the fastest lap, ahead of the two Ferrari drivers. The hot weather conditions posed several problems for the drivers, as many of the cars ran off the road, sliding through the gravel or across the asphalt. At the end of the session, a new system—designed to limit the cars' speeds in potentially hazardous situations—was tested. In the third practice session, again held in dry conditions, Renault continued their strong practice performance with Piquet leading the final practice session. Red Bull's Mark Webber was next quickest while Sebastian Vettel of Toro Rosso was third. As was the pattern for the season, the McLaren and Ferrari drivers ran heavier fuel loads in this session in preparation for the final section of qualifying.


== Qualifying ==
Saturday afternoon's qualifying session was divided into three parts. In the first 20-minute period, cars finishing 16th or lower were eliminated. The second qualifying period lasted for 15 minutes, at the end of which the fastest ten cars went into the final period, to determine their grid positions for the race. Cars failing to make the final period were allowed to be refuelled before the race but those competing in it were not, and so carried more fuel than they had done in the earlier qualifying sessions.

Räikkönen clinched Ferrari's 200th pole position and his last until the 2017 Monaco Grand Prix 129 races later, with a time of 1:16.449. He was joined on the front row of the grid by teammate Massa. This would later prove to be Ferrari's last front-row lockout until the 2017 Russian Grand Prix. Alonso qualified third after Hamilton's penalty moved the quicker McLaren driver to 13th; Toyota's Jarno Trulli qualified fourth. Kovalainen would have started from fifth, but was given a five-place grid penalty for blocking Webber during qualifying and would start from 10th on the grid. Kubica, Webber, David Coulthard,  Timo Glock and Piquet rounded off the top ten. Heidfeld qualified 11th, with Vettel ahead of Hamilton in 12th, and Bourdais behind in 14th. Rosberg was next quickest, but after his penalty demoted him to the back of the grid his teammate Kazuki Nakajima took his place. The final four places went to the Honda and Force India teams, with Button qualifying ahead of Barrichello, Fisichella and Sutil. Barrichello, however, was given a penalty for changing his gearbox, meaning that he started 20th on the grid, one place behind Rosberg.


=== Qualifying classification ===

^1  – Nico Rosberg and Lewis Hamilton docked ten places on the grid for the race after causing a collision with Kimi Räikkönen in the previous round, the Canadian Grand Prix.
^2  – Heikki Kovalainen docked five places for blocking Mark Webber in qualifying.
^3  – Rubens Barrichello penalised five places on the grid for gearbox change.


== Race ==
The conditions on the grid were dry before the race, although the sky was overcast; weather forecasts predicted rain near the end of the race. Most of the frontrunners began the race on the harder compound tyre. Rain that had fallen earlier that morning had removed some of the rubber on the track, meaning that graining, when small grains of rubber come off a tyre, was likely to be a problem; out of the two tyre types, the harder would better cope with this. Räikkönen made a good start, retaining his first position; Massa behind him maintained his second place. Alonso, who started third, was passed by both Trulli and Kubica, but re-passed Kubica at the hairpin turn exit. Glock also made a good start, taking sixth after passing Webber. Going into the first corner, Button touched Bourdais, resulting in damage to the Honda's front wing. Hamilton, who started 13th, passed several drivers to move into 10th by the end of lap one.

At the end of the first lap, Räikkönen led from Massa, Trulli, Alonso, Kubica, Glock and Webber. On lap five, Hamilton overtook Kovalainen to move into ninth. On the same lap, Button was forced to make an unscheduled pit stop, due to the damage he had sustained in his first corner incident with Bourdais. This dropped him to the back of the field. By the end of lap 10, Räikkönen led Massa by 3.2 seconds, Trulli a further 8.5 seconds behind. On lap 13, Hamilton was given a drive-through penalty for cutting the corner of Turn Seven on lap one, and gaining an advantage. He took the penalty immediately, and re-emerged in 13th position. Over the next few laps, the Ferrari drivers continued to pull out a gap on Trulli in third, lapping at around a second per lap quicker than the Toyota. On lap 16, Räikkönen set the fastest lap of the race, a 1:16.630, stretching his lead over his teammate. Further back, Alonso, who had been running fourth, made the first scheduled pit stop, resuming 12th. Button was lapped by several drivers, due to the damage his car had sustained in his first corner incident with Bourdais, and eventually retired on lap 17.

On lap 20, Trulli and Kubica, then in fourth, pitted. Over the next two laps, both Räikkönen and Massa pitted. By lap 30, Räikkönen had opened his lead to 6.6 seconds over Massa, while Trulli was over half a minute behind him in third. Just before half distance, Räikkönen's pace became slower, and Massa behind him caught up, passing his teammate on lap 39. After the race, Räikkönen explained that his lack of pace was due to his car's right exhaust pipe breaking, causing the engine to lose power. Further back, Kovalainen, who was running seventh, passed Webber to take sixth.
By lap 46, Massa had a 10-second lead over his teammate. On the same lap, Kubica pitted from fourth, starting the next round of pit stops. Trulli pitted from third on lap 50, and Räikkönen and Kovalainen two laps later. Massa pitted on lap 54, and emerged 13.4 seconds ahead of Räikkönen. Trulli kept his third position, but Kovalainen, who made up several places through the pit stops to move to fourth, was closing behind him. On lap 55, light rain started to fall. Although it would continue to rain lightly for the next few laps, it was never heavy enough to be a problem to the drivers. By lap 58, Kovalainen was right behind Trulli. A few laps later, the exhaust pipe which had broken earlier on Räikkönen's car came off completely, but Räikkönen continued to race with similar lap times. Kovalainen, meanwhile, continued to try to find a way past Trulli. One lap before the end of the race, Kovalainen attempted to pass Trulli, but ran wide as Trulli defended his position.
Massa crossed the line to win the race, with Räikkönen nearly eighteen seconds behind. Trulli retained third, and took his first podium since the 2005 Spanish Grand Prix, and Toyota's first podium since the 2006 Australian Grand Prix. Kovalainen finished fourth, ahead of Kubica, Webber and Piquet, who took his first ever points in Formula One. Alonso, Coulthard, Hamilton, Glock, Vettel, Heidfeld and the lapped Barrichello, Nakajima, Rosberg, Bourdais, Fisichella and Sutil were the last of the finishing drivers.


=== Post-race ===

Massa was delighted with his race victory, saying, ""A great race, a fantastic result. The win came my way because Kimi had a problem with his car and at the pace he was running, it would have been hard for me to beat him on the track. I would have been happy with second place but of course, the win makes me even happier."" After the race, Räikkönen said,

Obviously I am a bit disappointed because I had hoped to win. Unfortunately, the right exhaust pipe broke just before half-distance and the engine lost a lot of power, especially on the straight after the slow corners. After a few laps, the situation seemed better, but towards the end of the race, I ran the risk of stopping. This sort of thing can happen in racing and I have to try and look on the bright side: eight points are still a good amount and the one-two finish is a great result for the team. Luckily, I had built up quite a good lead in the first part thanks to a car that was really very competitive.
Trulli said, ""Today was a great race, hard and tough. We had a good pace, even if we had to battle with some cars that were quicker than us. I had to fight really hard but that is what people should expect both from myself and from Toyota."" Hamilton commented on his drive-through penalty: ""My drive-through penalty was an extremely close call: I felt I'd got past Vettel fairly and was ahead going into the corner. But I was on the outside and couldn't turn-in in case we both crashed, then I lost the back-end and drove over the kerb.""

After BMW Sauber's victory at the previous race, their director, Mario Theissen, said that ""over the entire weekend here our package did not work perfectly"", while driver Heidfeld said that it was a ""disappointing result"". Alonso said that he felt disappointed after his poor start to the race. Red Bull's director, Christian Horner, said that their problems lay in the bad starts their drivers had made. Button, who retired during the race, commented on his collision: ""I got a good start and was alongside Bourdais. I thought he was going to turn in at turn one and close the door so I pulled in behind him and then unfortunately hit him in the rear as everything slowed down for the corner. I could feel that there was something broken at the front of the car as there was an air coming in from the front, but the car was driveable and I was staying with the back of the pack so I continued. We replaced the nose but the bargeboards had been pulled off and the car had become undriveable so I had to retire."" Piquet scored his first points in Formula One in the race, having failed to score up to that point. He said that he was happy, and hoped that the team could ""continue like this for the rest of the season"".

After the race, Massa moved into the lead of the Drivers' Championship, on 48 points, taking the Championship lead for the first time in his Formula One career (and becoming the first Brazilian driver to lead the championship since 1993, after Ayrton Senna won the Monaco Grand Prix that year). Kubica lost the lead of the Drivers' Championship, falling two points behind Massa. Räikkönen moved ahead of Hamilton, on 43 points, while Hamilton was five points further behind. Heidfeld remained fifth. Before the race, Ferrari had been just three points ahead of BMW in the Constructors' Championship; after the race, Ferrari moved into a comfortable 17 point advantage. McLaren made up one point on BMW, although they were still 16 points behind.


=== Race classification ===


== Championship standings after the race ==

Note: Only the top five positions are included for both sets of standings.


== See also ==
2008 Magny-Cours GP2 Series round


== References ==


== External links ==

Official FIA results"
26,2008,9,9,British Grand Prix,2008-07-06,http://en.wikipedia.org/wiki/2008_British_Grand_Prix,"The 2008 British Grand Prix (officially the 2008 Formula 1 Santander British Grand Prix) was a Formula One motor race held on 6 July 2008 at the Silverstone Circuit, Silverstone, England. It was the ninth race of the 2008 Formula One World Championship. The race was held over 60 laps with a practice and qualifying round preceding the race.
Heikki Kovalainen started from pole position alongside Mark Webber in second and Kimi Räikkönen in third on the grid. On the first corner, Lewis Hamilton rose from fourth on the grid to second overtaking Webber and Räikkönen. Hamilton shadowed Kovalainen for the early stages of the race, until he took the lead on lap five. The race was won by Hamilton, racing for McLaren Mercedes ahead of Nick Heidfeld for BMW Sauber in second and Rubens Barrichello third in a Honda. Räikkönen made the fastest lap of the race on lap 18. Hamilton's drive was widely acclaimed as one of Formula One's finest wet-weather drives.
Of the 20 drivers competing, 13 finished the race, with eight receiving world championship points. Hamilton's win tied him for the lead of the Drivers' Championship, alongside Felipe Massa and Räikkönen. In the Constructors Championship, Ferrari's lead was reduced to 14 points over BMW Sauber, with McLaren a further 10 behind.


== Background ==
The 2008 British Grand Prix was held on 6 July 2008 at the Silverstone Circuit, Silverstone, England. The grand prix was contested by 20 drivers, in 10 teams of two. The teams, also known as ""constructors"", were Scuderia Ferrari, McLaren Mercedes, Renault F1, Honda Racing F1, Force India-Ferrari, BMW Sauber, Toyota F1, Red Bull Racing-Renault, WilliamsF1-Toyota and Scuderia Toro Rosso-Ferrari.
Before the race, Ferrari driver Felipe Massa led the Drivers' Championship with 48 points, BMW driver Robert Kubica trailed by two points, and Massa's teammate Kimi Räikkönen was third on 43 points. McLaren driver Lewis Hamilton was fourth with 38 points, 10 points ahead of Kubica's teammate Nick Heidfeld. In the Constructors' Championship, Ferrari led with 91 points, BMW Sauber were second with 74 points, and McLaren were third with 58 points. Red Bull Renault were in fourth with 24 points, one point ahead of Toyota in fifth. Ferrari were the dominant team prior to the race: their drivers had won five out of eight races, including one-two finishes at the Bahrain, Spanish, and in the previous race, the French Grand Prix. Kubica had performed consistently for BMW Sauber, only failing to score once, and had won his first race four weeks earlier at the Canadian Grand Prix.

Despite wins for Hamilton at the Australian and Monaco Grand Prix, he was facing pressure approaching Silverstone. He had fallen from first to fourth in the Drivers' Championship after failing to score in the previous two races. At the Canadian Grand Prix, he had retired after making contact with a stationary Raikkonen who was waiting at a red light in the pit lane. This led to a ten-place grid penalty for the following race at the Circuit de Nevers Magny-Cours where he failed to score after receiving a drive-through penalty for overtaking Sebastian Vettel by missing a chicane. After the race he responded angrily and to the negative press coverage he had been receiving, saying: ""There's nothing you can do that can distract me. You can keep on giving me penalties, whatever you want. I'll keep battling, and trying to come back with a result."" However, he remained upbeat about his likelihood of winning the championship and was ""confident"" going into the weekend.
Three days of testing took place at the Silverstone circuit, from 25 to 27 June. Massa set the fastest time on the first day with a 1:20.188, 0.3 faster than Heikki Kovalainen, but was unable to escape the track after suffering a mechanical failure with 30 minutes to go which forced the session to be red-flagged. Kovalainen improved on the second day to go fastest with a 1:20.015. Strong winds caused Giancarlo Fisichella to crash heavily at Becketts corner; he was uninjured, although medical checks meant he was unable to do further testing in the afternoon. On the third and final day, Hamilton set the quickest time with a 1:19.170, over 0.6 seconds ahead of second-fastest Timo Glock.
Before the race, the FIA announced that Donington Park had been awarded a ten-year contract to host the British Grand Prix from 2010, providing major renovations were completed. The British Racing Drivers' Club, owners of the Silverstone circuit, were disappointed with the announcement stating that development plans for the circuit had been progressing well. They were also critical of the timing of the announcement, being made on the weekend the circuit celebrated its 60th anniversary of hosting the British Grand Prix. Also before the race, Red Bull driver David Coulthard announced he was to retire at the end of the season, saying: ""My decision was taken earlier this year and is based on a desire to stop while I am still competitive"". He also explained the timing of his retirement saying ""the decision to make this announcement at the British Grand Prix should be an obvious one for all to understand, as I have achieved two of my F1 victories at Silverstone and I am a member of the British Racing Drivers' Club, which hosts this event.""


== Practice and qualifying ==

Three practice sessions were held before the race held on Sunday. Two of the practice sessions were held on Friday, both lasting 90 minutes; and one on Saturday morning, lasting an hour. Massa was fastest in the first session, with a time of 1:19.575, despite a crash forcing him to miss the last 30 minutes. Fernando Alonso's Renault engine failed, leaving slippery oil on the racing line at Stowe corner. Massa approached the corner and lost control of his car, spinning off the circuit colliding with the barriers. He was unhurt, but his car was too damaged to continue. The session was stopped for 18 minutes to recover his car and cover the oil with cement dust. This left track conditions difficult, and nobody could beat Massa's time in the remainder of the session. It finished with Massa ahead of Kovalainen and Hamilton by less than one-tenth of a second; Raikkonen and Kubica were fourth and fifth-fastest, respectively.
In the second session, Kovalainen was fastest, over half a second ahead of Red Bull driver Mark Webber, Hamilton, and Webber's teammate David Coulthard. Massa missed the first half of the session as his car was still being repaired, and was eighth-fastest. Both Toyota drivers had problems: Timo Glock stopped on the track with a clutch problem; and Jarno Trulli crashed heavily at Stowe after a problem with his rear wing, although he was not hurt. Alonso set the fastest time in the final practice session, which took place in damp conditions following rain earlier in the morning. Early laps were attempted on extreme wet tyres, but the track dried throughout the session, prompting a move to intermediate wet tyres and, with around 20 minutes left, a further switch to dry tyres. Webber finished the session in second place, a quarter of a second slower than Alonso, and Kovalainen was third fastest ahead of Toro Rosso driver Sebastian Vettel.

The qualifying session on Saturday afternoon was split into three rounds. The first lasted 20 minutes and eliminated the cars which finished the session 16th or lower. The second lasted 15 minutes and eliminated cars which finished in positions 11 to 15. The final round of qualifying determined the order of the top ten drivers. Cars which competed in the final session of qualifying were not allowed to refuel before the race, and so they carried more fuel than in the previous sessions.
Kovalainen took his first Formula One pole position with a time of 1:21.049, half a second faster than anyone else. Webber would start alongside him on the front row, the Red Bull team's best qualifying result to date, and Räikkönen would start from third. Hamilton qualified fourth, opting for a more conservative approach to his second flying lap after he had pushed too hard on his first run and slid into the gravel. Nick Heidfeld was fifth quickest for BMW Sauber, ahead of Alonso, Alonso's teammate Nelson Piquet Jr., and Vettel. Championship leader Massa could only qualify ninth after a slow tyre change in the final session left him unable to record a second timed lap.
Kubica did not set a time in the final session due to a technical problem with his car, meaning he started from tenth; the first race all season he had qualified behind teammate Heidfeld. Webber's teammate David Coulthard qualified eleventh for his final British Grand Prix, narrowly missing out on the last part of qualifying, and blamed problems with his car earlier in the day which had reduced his practice time. Sébastien Bourdais was thirteenth splitting the two Toyota cars of Glock and Trulli. Kazuki Nakajima was the slowest of the cars to make the second round of qualifying, and would start the race fifteenth. Both Honda drivers failed to get past the first stage of qualifying, but were ahead of Rosberg in eighteenth, who had suspension problems. Adrian Sutil and Giancarlo Fisichella finished in the last two positions for Force India.


=== Qualifying classification ===


== Race ==

There was persistent rain in the morning, leaving standing water on the track, although it had abated by the time the race began. The track temperature was 16 °C (61 °F) and the air temperature was 15 °C (59 °F). All drivers chose to start on the intermediate wet tyres. Rosberg started from the pit lane after a number of set-up changes.
The front three drivers (Kovalainen, Webber and Räikkönen) all struggled for grip off the start, allowing Hamilton to edge ahead into the first corner. Kovalainen who had the better line, however, retook the lead after brushing tyres with Hamilton, who tucked in behind his teammate. A number of drivers struggled with the standing water on the first lap: Webber spun coming onto the Hangar straight, falling from fourth to last place; Massa spun going into Bridge, where he was passed by everyone except Webber; and Coulthard and Vettel ended up in a gravel trap after a collision, forcing them both to retire and bringing out the safety car, which was deployed for one lap and pulled off into pit-lane on lap two.
Alonso showed good early pace, passing Piquet and Heidfeld on laps two and three respectively, and setting the fastest time of any driver on laps four and five. Massa spun for the second time during his third lap, dropping him to the back of the field. Hamilton shadowed Kovalainen closely for several laps, and passed him going into Stowe on lap five. Hamilton quickly extended his lead over Kovalainen, and there was already a six-second gap by the tenth lap when Kovalainen spun and was passed by Räikkönen. However, as the track dried, Räikkönen showed the better pace—particularly in the last two sectors—and the gap was under a second by the time they both pitted on lap 21.

McLaren gave Hamilton a new set of intermediate wet tyres; in contrast, Ferrari gambled that the track would continue to dry and refuelled Räikkönen without changing his tyres. Despite his pit stop being longer by half a second, Hamilton exited just in front of Räikkönen (Heidfeld briefly took the lead until his pitstop the following lap). McLaren were vindicated in their decision almost immediately: the rain returned and Räikkönen was unable to find grip, falling back from Hamilton by up to eight seconds a lap. By lap 27, Kovalainen and Heidfeld had caught the struggling Räikkönen. As Kovalainen overtook Räikkönen, Heidfeld passed them both to take second place. On the same lap, Fisichella spun out and retired; his Force India teammate Sutil had already retired after a spin on lap 11. After being passed by Kubica and Piquet, Räikkönen finally pitted for fresh tyres on lap 30, dropping him to eleventh place.
Kubica overtook Kovalainen for third place, shortly before Kovalainen pitted for the second time. Despite the rain getting heavier he opted for a new set of intermediate tyres. Both Kubica and Glock left the track and rejoined; however Glock lost a place to his teammate Trulli. On lap 37, both Hondas elected to change onto the extreme wet-weather tyres, Button queuing behind his teammate in the pitlane while waiting to be serviced. Nelson Piquet Jr. spun off the track and beached his car in a gravel trap, ending his race, while in separate incidents within a few moments of each other Hamilton, Kubica, and Massa all lost control of their cars and travelled over the grass before rejoining the track, without any damage. Räikkönen also spun off on the same lap again rejoining the circuit without damaging the car. Hamilton, leading the race by around 30 seconds, made a pitstop to change tyres and take on fuel on lap 38, opting for a new set of the intermediate wet-weather tyres, as the weather forecast predicted the rain would ease. Second-placed driver Heidfeld pitted the following lap, opting for the same tyre choice as Hamilton. The gap between the two leaders was 36 seconds. Kimi Räikkönen spun off in his Ferrari for the second time in as many laps, again though he avoided contact with the barriers and was able to rejoin the track.

With 20 laps of the race remaining, Rubens Barrichello on the extreme wet weather tyres was around nine seconds a lap quicker than the majority of the field and quickly moved his way up to fourth place by passing Kovalainen and Alonso. Robert Kubica retired from the race after losing control of his car and ending up beached in a gravel trap. Nico Rosberg ran into the back of eighth-placed Timo Glock as he attempted to overtake. The collision damaged Rosberg's front wing, and he was forced to make a pit-stop to change it. By now the rain had stopped, but the track surface was still wet. Barrichello caught and passed Trulli and Heidfeld for second place, however a refuelling problem at his earlier pit stop meant that he would need to stop again. He built up a twenty-second gap over Heidfeld before making his pit stop on lap 47, opting to change to the intermediate wet weather tyres. He rejoined in third place, behind Heidfeld. Kovalainen passed Alonso for fifth place at the Bridge corner. Trulli then pitted, promoting Kovalainen to fourth. Felipe Massa spun on the exit of Woodcote corner, managing to recover without any damage. A few moments later Mark Webber made a similar error at the same location. The following lap saw a spin from Kovalainen, which allowed Alonso and Räikkönen to get past while he recovered to the circuit.
Massa, the last car on the road still running in 13th position, spun for the fifth time during the race. He continued without any damage, and made a pit stop the following lap for new tyres and fuel. The final few laps saw a battle for fourth place, as first Räikkönen and then Kovalainen passed Alonso. Hamilton crossed the finish line on lap 60 to win the Grand Prix by 68 seconds from Nick Heidfeld in second. The margin of victory was the largest since the 1995 Australian Grand Prix. Rubens Barrichello finished in third position for Honda's best finish of the 2008 season. Kimi Räikkönen finished in fourth ahead of Kovalainen and Alonso. Räikkönen had also set the fastest lap in the early stages of the race, the sixth consecutive race in which he had done so. Jarno Trulli finished in seventh position, and Kazuki Nakajima finished the race in eighth.


=== Race classification ===


== Post-race ==

The top three finishers appeared on the podium to receive trophies and took part in the subsequent press conference. Hamilton commented on the difficult conditions, comparing them to the 2007 Japanese Grand Prix, and the limited visibility: ""I couldn't see through my visor, so through turn one and two I had to clean visor, put it up and back down again. I had to do that on every lap especially when it was rained. I couldn't see anything. It was so extreme, so tough, a real mental challenge."" He also thanked the fans for their support.
Heidfeld said it was vital to make the correct tyre decisions, and also spoke about the challenging weather: ""The most difficult moments in the race were when cars were overtaking me who had been lapped, but were just on better tyres for the conditions at that time. There was so much water and I couldn't see where it was lying."" Barrichello, who took his first podium since the 2005 United States Grand Prix, described it as a ""perfect race"". He said that after he switched to extreme wet tyres, he was ""passing people from inside to outside, it was just magic"".
After the race, Hamilton tied with Massa and Räikkönen for the lead of the Drivers' Championship all on 48 points. Kubica dropped behind Räikkönen and Hamilton but remained two points behind the championship leaders, with Heidfeld remaining fifth. In the Constructors' Championship, BMW reduced Ferrari's lead to 14 points. McLaren made up six points on BMW, although they were still 10 points behind.


== Championship standings after the race ==

Note: Only the top five positions are included for both sets of standings.


== See also ==
2008 Silverstone GP2 Series round


== References ==


== External links ==

Official FIA results"
27,2008,10,10,German Grand Prix,2008-07-20,http://en.wikipedia.org/wiki/2008_German_Grand_Prix,"The 2008 German Grand Prix (formally the Formula 1 Grosser Preis Santander von Deutschland 2008) was a Formula One motor race held on 20 July 2008 at the Hockenheimring, Hockenheim, Germany. It was the 10th race of the 2008 Formula One World Championship and was contested over 67 laps. It was won by Lewis Hamilton for the McLaren team after starting from pole position. Nelson Piquet Jr. finished second for Renault, with Felipe Massa third for Ferrari.
Hamilton maintained his startline advantage and led until he made his first pit stop on lap 18. As other cars made their pit stops, Hamilton regained the lead on lap 22. On lap 36, Timo Glock crashed, and the race was neutralized by the deployment of the safety car. Hamilton, on a two-stop strategy, did not stop to get more fuel during this period, while all the cars around him did.  Thus, when he did eventually stop on lap 50, he rejoined the race in fifth position. In the closing stages of the race, Hamilton first overtook his teammate Heikki Kovalainen, then Massa, and finally Piquet, whilst also gaining a position due to Nick Heidfeld's late pit stop. This allowed him to take the lead again on lap 60, which he maintained to win the race.
The victory was Hamilton's second consecutive win, having won the preceding British Grand Prix at Silverstone. The win also put him ahead of his two main rivals in the Drivers' Championship, Kimi Räikkönen (who finished sixth) and Massa, who were on equal points with him before the race. After the race he was four points ahead of Massa, and seven ahead of Räikkönen. In the Constructors' Championship, McLaren drew closer to the two teams ahead of them, BMW Sauber and Ferrari. Ferrari still led by 15 points from McLaren, and 12 from BMW, whose drivers – Nick Heidfeld and Robert Kubica – finished fourth and seventh respectively.


== Background ==
The Grand Prix was contested by 20 drivers, in ten teams of two. The teams, also known as ""constructors"", were Ferrari, McLaren-Mercedes, Renault, BMW Sauber, Honda, Force India, Toyota, Red Bull Racing, Williams and Toro Rosso. Tyre supplier Bridgestone selected the hard and medium tyres for the Grand Prix weekend. Prior to the race, Lewis Hamilton, Kimi Räikkönen, and Felipe Massa led the Drivers' Championship jointly, all with 48 points. Behind them was Robert Kubica in fourth with 46 points for BMW Sauber, and his teammate Nick Heidfeld in fifth with 36 points. In the Constructors' Championship, Ferrari were leading with 96 points, 14 points ahead of BMW Sauber, who at this stage were ahead of McLaren, despite Hamilton tying for the lead of the Drivers' World Championship. This was due to Heikki Kovalainen's low point score of 24. Toyota were fourth, with 25 points, ahead of Red Bull by one point, who in turn were one further point ahead of Renault.
Hamilton had won the preceding British Grand Prix by 68 seconds from Heidfeld and Honda's Rubens Barrichello. Of his championship rivals, Räikkönen had finished fourth, Kubica had retired, and Massa had had a nightmare of a race, spinning five times and finishing 13th. In the run-up to the German Grand Prix, Hamilton had tested the McLaren MP4-23's new front wing – introduced at the British Grand Prix – extensively in the team's simulator, and then during a pre-race test session at the Hockenheim circuit. Having honed the car's setup to his liking after initially finding the handling difficult, he used it in the race. Kovalainen was not as comfortable with the car's handling and ran a greater front wing angle to produce more downforce, at the expense of having to run larger radiators due to the reduced airflow produced over the car. This led to a slight reduction in his car's overall performance.  In other technical developments, Ferrari introduced revised bargeboards, exhaust exits and an altered windscreen for its F2008 car. BMW Sauber added turning vanes to the top of its F1.08's nose, while Toyota removed some bodywork from its TF108's exhaust exits. Honda also introduced new bargeboards for its RA108 chassis.  All of these changes were carried out with the aim of improving each car's aerodynamic performance.


== Practice ==
Three practice sessions were held before the Sunday race – two on Friday, and a third on Saturday. The Friday morning and afternoon sessions each lasted 90 minutes. The third session was held on Saturday morning and lasted an hour. During the first practice session the track was wet following early-morning rain, and shortly after the session started, further precipitation made the track even wetter, although it did begin to dry out as the session progressed. Hamilton was fastest in this session ahead of his teammate Kovalainen. The Ferraris of Massa and Räikkönen came third and fifth respectively, with Renault's Fernando Alonso sandwiched between them in fourth place. Kubica spun off the track and Sébastien Bourdais had a mechanical problem with his flywheel sensor towards the end of the session. Both ended up at the bottom of the timesheets as a result of these problems.
Friday's second session was held in dry conditions. Hamilton again set the fastest time. Massa and Räikkönen improved to second and third positions, pushing Kovalainen down to fourth. Mark Webber set the fifth-fastest time, after earlier having electrical and clutch problems with the car. Alonso, Nico Rosberg, Kubica, Heidfeld and David Coulthard made up the rest of the top ten. In the final practice session on Saturday – which was held in dry conditions – Kovalainen was fastest, ahead of Massa and teammate Hamilton. Alonso continued his strong practice form, finishing fourth, with Toro Rosso's Sebastian Vettel making it to fifth position. Kubica once again was at the bottom of the table, this time due to a transmission problem.


== Qualifying ==

The qualifying session on Saturday afternoon was split into three parts. The first part ran for 20 minutes, and cars that finished the session 16th or lower were eliminated from qualifying. The second part of qualifying lasted 15 minutes and eliminated cars that finished in positions 11 to 15. The final part of qualifying determined the positions from first to tenth, and decided pole position. Cars which failed to make the final session could refuel before the race, so ran lighter in those sessions. Cars which competed in the final session of qualifying were not allowed to refuel before the race, and as such carried more fuel than in the previous sessions.
Hamilton took pole position for the ninth time in his career with a lap time of 1:15.666, having beaten Massa by two-tenths of a second in his final lap of the third session. Kovalainen, coming back after an error during his first run, qualified third, with Jarno Trulli taking fourth position. Alonso and Räikkönen were close together in fifth and sixth positions, with just 0.004 seconds separating them. Kubica took a comfortable seventh, half a second quicker in the third session than eighth-placed Webber. Vettel and Coulthard completed the top ten. Timo Glock took 11th place on the grid for Toyota, seven places behind his teammate Trulli. He was immediately in front of compatriots Heidfeld and Rosberg. Jenson Button and Bourdais took 14th and 15th positions respectively. Both Heidfeld and Button later said that they suffered from tyre problems during the session.
Completing the field, Kazuki Nakajima was 16th, Nelson Piquet Jr. 17th, Rubens Barrichello 18th, whilst the Force Indias of Adrian Sutil and Giancarlo Fisichella brought up the rear of the grid in 19th and 20th positions. Piquet later complained that he was blocked during his first-session run by Vettel: ""During my lap, Vettel was in front of me, which unsettled me a little, although the FIA felt that he did not impede me."" Kovalainen was, however, penalized by the stewards and fined €5,000 for using a refuelling system during qualifying which had not been approved by the FIA.


=== Qualifying classification ===


== Race ==

At the start, Hamilton, Massa and Kovalainen all maintained their grid positions. Hamilton quickly began to pull away from the other cars, at the rate of about half a second per lap. Behind the leading trio, Kubica passed Räikkönen off the grid, and went on to pass both Alonso and Trulli at the hairpin (turn 4), when Alonso's own attempted pass on Trulli delayed both drivers. The fight for fourth position continued in the early stages of the race. Kubica ran wide at the final corner on lap four, impeding Trulli and therefore allowing Alonso to attempt an overtaking manoeuvre on the Toyota down the main straight. However, Trulli held on to his position, and Alonso was instead passed by Räikkönen, moving him down to sixth position. At the back of the field, Nakajima spun his Williams but recovered back onto the track and continued in the race.
At the first round of pit stops, Hamilton had a lead of nearly 20 seconds over Massa, and fuelled longer than all the other drivers in the points-scoring positions when he pitted on lap 18. Coming out of the pits, Hamilton made an error and was passed by Trulli. The two drivers then nearly collided at the hairpin, with Hamilton holding back for the rest of the lap waiting for Trulli to pit. Trulli's teammate Glock stayed out on the track longer than all of the other drivers except Barrichello and Piquet, meaning that when he pitted, he was actually in third position and rejoined the race in eighth. Hamilton regained the lead by lap 22 after Massa, Kovalainen, Trulli and Räikkönen made their pit stops, and had in the region of an 11-second lead over Massa at the half-way stage of the race. Behind the leaders, fourth-placed Kubica was beginning to catch Kovalainen in third, while Trulli, Räikkönen, Alonso and Vettel battled over the final four point-scoring places.
On the 36th lap, Glock's right-rear suspension failed coming out of the final corner. He spun through 180 degrees before hitting the pit wall with a strong rearward impact, with debris flying across the track. The car, pointing the wrong way, rolled to a stop on the grass. A dazed Glock extracted himself before being treated at the medical centre. The safety car was deployed after the accident. When the pit lane opened on lap 38, most drivers headed in, including all of the leaders except Hamilton. McLaren believed that Hamilton had enough fuel to stay out, the plan being for him to then rapidly pull away from his heavily fuelled rivals, after the safety car went in. Hamilton needed to build up enough of a lead to rejoin still in first position, following his final pit stop. This would prove to be very risky, as Massa rejoined in fourth position, fuelled to the finish.
Piquet, on a one-stop strategy after his poor qualifying performance, had fortuitously pitted immediately prior to the safety car's deployment and was also fuelled to the end of the race. Promoted to third place from 14th beforehand following the pit stops, he was set to take the lead once Hamilton and Heidfeld (who also had not pitted under the safety car conditions) pitted for their final stops. Further back, Vettel squeezed past Alonso at the pit exit, pushing him over the white line separating the pit lane exit from the track. Alonso complained over his radio but no action was taken against either driver. Meanwhile, Räikkönen dropped several places to 11th, having had to queue behind Massa at the second pit stops.

When the safety car came in on lap 42, Hamilton led, while Heidfeld and Piquet were running second and third. Behind them were Massa, Kubica, Kovalainen, Trulli, Vettel, Alonso, Webber, Rosberg and Räikkönen. Webber's Red Bull had been dripping oil for a couple of laps after picking up debris from Glock's crash, and on lap 40 he pulled out of the race. Räikkönen quickly passed Rosberg, and then overtook the squabbling Vettel and Alonso on the way down to the hairpin, while Hamilton desperately tried to pull away at the front. Räikkönen passed Trulli two laps later, while Kovalainen overtook Kubica for fifth place. Coulthard and Barrichello collided on the 48th lap with both cars pitting for repairs. Barrichello retired three laps later due to damage sustained as a result of the incident. Hamilton pitted on lap 50, coming out behind Heidfeld, Piquet, Massa and Kovalainen. Kovalainen let his teammate past at the hairpin one lap later, meaning that Hamilton was now fourth. On lap 52, Heidfeld set a new fastest lap time of 1:15.987. He was the only driver to go under one minute 16 seconds during the Grand Prix. At the end of the following lap, Heidfeld entered the pits with a sizeable gap over Piquet, returning to the field comfortably ahead of Kovalainen, but behind Hamilton.
Hamilton's speed allowed him to quickly catch Massa in second position, with Piquet in the lead by a further three seconds. On lap 57, Hamilton passed Massa at the hairpin. Massa appeared to have the inside line covered, but he was not fully committed to the line into the braking zone, giving Hamilton the chance to take second position. Three laps later, he used a similar overtaking move to overtake Piquet, although the Renault driver put up a greater fight than Massa had. Hamilton led easily to the finish, although Piquet kept within six seconds of him. Heidfeld  threatened a slowing Massa in the last laps, while Räikkönen was able to pass Kubica for sixth place on lap 60.
Hamilton took the chequered flag first, while Piquet enthusiastically celebrated his drive from 17th to second, just 5.5 seconds behind. Massa held on to take third ahead of Heidfeld, Kovalainen, Räikkönen, and Kubica. Vettel secured eighth – the last points-scoring position – for Toro Rosso, ahead of Trulli in ninth, and Rosberg in 10th. Alonso finished 11th, ahead of Bourdais. Coulthard was 13th, Fisichella 14th, Nakajima 15th, Sutil 16th and Button was last of the classified finishers in 17th. A record of sixteen drivers finished on the lead lap, beating the previous highest number of fourteen at the 1999 Belgian Grand Prix.


=== Post-race ===
Following the podium ceremony, in which two Brazilian drivers participated for the first time since the 1991 Belgian Grand Prix, the top three finishers appeared in the obligatory press conference. Hamilton said that the decision to not make a pit stop during the safety car period was the team's decision: ""We had two very comfortable, two very decent stints and the team opted for me to stay out. I guess they thought I could pull out a gap but it was a 23 second gap I needed and I only had seven laps or something, so I don't know how that worked out."" Hamilton added that he felt that things looked good for the rest of the season, stating that ""if we [McLaren] can continue with this momentum we have got we are looking very good"".
Ron Dennis, McLaren's team principal, also commented on the pit stop decision:

The deployment of the Safety Car presented us with a difficult decision: should we or should we not bring Lewis in for a pitstop? We decided that, since he still had quite a lot of fuel on board, we would leave him out until lap 50. We'd expected the track to be cleared of debris a little faster than it was, which would have allowed the Safety Car to come in a bit earlier. As a result, Lewis was unable to rejoin the race in the lead.
Piquet was delighted with his drive to second after qualifying 17th, saying:

I am obviously very happy! After qualifying yesterday I was thinking that my weekend was over, but we opted for an aggressive strategy in the race and the team made some great decisions when the safety car came out. Then I had to concentrate to keep my pace up and look after my tyres as much as possible towards the end of the race. I knew that Lewis was much faster than me, so I did not want to take any pointless risks. This second place today is a great reward for the whole team.

Although Piquet's result was fortuitous, Renault Engineering Director, Pat Symonds, subsequently praised him for stepping up to the job of staying with the leaders in the final stint of the race. Meanwhile, Massa commented that his car was not in good order during the race: ""It was just slow with difficult stability and also on braking I think I had a little problem as well and lost a lot of performance. I didn’t have the car to fight. I tried but it was not possible."" Teammate Räikkönen also struggled with low grip and hot brakes for the duration of the race, while Kovalainen and Kubica had problems with their tyres.
Fisichella was penalised 25 seconds for unlapping lead cars during the safety car period, which dropped him from 14th to 16th position. The stewards issued the following statement about the decision: ""While the safety car was deployed, the driver of car 21 [Fisichella] chose to enter the pits before 'Lapped cars may now overtake' was shown on the timing monitors. Having done so the driver of car 21 on leaving the pitlane should then not have unlapped himself.""
The treatment of Glock after his crash caused Toyota some concern. Toyota did not think that normal FIA procedure had been followed. After crashes, drivers are normally taken out of the car in their seat, whereas Glock was unstrapped and then hauled out by the marshals. Glock stayed in hospital overnight for observation, but was released the next day with no injuries.  Toyota subsequently confirmed that the failed suspension component had already completed a full race distance at the previous Grand Prix, and resolved to adjust its checking procedures.
The new gap between Hamilton and Massa in the Drivers' Championship after the race stood at four points in Hamilton's favour. In the Constructors' Championship, McLaren somewhat caught up on Ferrari, although the gap between the two teams was still sizeable at 19 points. McLaren were ten points behind BMW coming into the race and the deficit was reduced to three due to the race result.


=== Race classification ===


== Championship standings after the race ==

Note: Only the top five positions are included for both sets of standings.


== See also ==
2008 Hockenheimring GP2 Series round


== References ==


== External links ==

Official FIA results"
28,2008,11,11,Hungarian Grand Prix,2008-08-03,http://en.wikipedia.org/wiki/2008_Hungarian_Grand_Prix,"The 2008 Hungarian Grand Prix (formally the Formula 1 ING Magyar Nagydíj 2008) was a Formula One motor race held on 3 August 2008, at the Hungaroring in Mogyoród, near Budapest. It was the 11th race of the 2008 Formula One World Championship. Contested over 70 laps, the race was won by Heikki Kovalainen for the McLaren team, from a second position start. Timo Glock finished second in a Toyota car, with Kimi Räikkönen third in a Ferrari. It was Kovalainen's first Formula One victory, which made him the sport's 100th driver to win a World Championship race, and it was Glock's first podium finish. It also turned out to be the only F1 race Kovalainen ever won.
The majority of the race consisted of a duel between Lewis Hamilton and Felipe Massa, who drove for McLaren and Ferrari, respectively. Hamilton started from pole position but was beaten at the first corner by Massa, who passed him around the outside. The two championship rivals began a battle for the lead that was resolved when Hamilton sustained a punctured tyre just over halfway through the race, giving Massa a lead of more than 20 seconds over Kovalainen. The Ferrari's engine, however, failed with three laps remaining, allowing the McLaren driver to win. Räikkönen set the race's fastest lap in the other Ferrari, but was hampered by a poor qualifying performance and was stuck behind Fernando Alonso (Renault) and Glock in turn for almost all of the race.
As a consequence of the race, Hamilton extended his lead in the World Drivers' Championship to five points over Räikkönen, with Massa a further three behind. Robert Kubica, who finished eighth after finding his BMW Sauber car uncompetitive at the Hungaroring, slipped to 13 points behind Hamilton, ahead of teammate Nick Heidfeld and Kovalainen. In the World Constructors' Championship, McLaren passed BMW Sauber for second position, 11 points behind Ferrari.


== Background ==
The 2008 Hungarian Grand Prix was the 11th of the 18th rounds of the 2008 Formula One World Championship and occurred at the 4.381 km (2.722 mi) Hungaroring circuit, in Mogyoród, Hungary, on 3 August 2008. The Grand Prix was contested by 20 drivers in ten teams of two. The teams, also known as ""constructors"", were Ferrari, McLaren-Mercedes, Renault, Honda, Force India-Ferrari, BMW Sauber, Toyota, Red Bull-Renault, Williams-Toyota and Toro Rosso-Ferrari. Before the race, Ferrari was in the lead of the Constructors' Championship with 105 points, 16 ahead of BMW Sauber and a further three in front of McLaren. Vying for fourth place were Toyota, Red Bull and Renault, all within two points of each other but more than 60 points behind McLaren. In the Drivers' Championship, Lewis Hamilton (McLaren) led with 58 points, ahead of Ferrari teammates Felipe Massa and Kimi Räikkönen, who were on 54 and 51 points respectively. BMW drivers Robert Kubica (48) and Nick Heidfeld (41) were fourth and fifth in the championship, followed by Heikki Kovalainen, who had scored 28 points in the second McLaren.
Following the German Grand Prix on July 20, the teams conducted testing sessions at the Jerez circuit from July 22–25. Each team was limited to 30,000 km (19,000 mi) of testing during the 2008 calendar year, a reduction compared with previous seasons. Sebastian Vettel (Toro Rosso) set the fastest time of the first and second days, while Mark Webber (Red Bull) topped the third day's running, and Heikki Kovalainen was fastest on the final day of testing. Several teams tested using Bridgestone slick tyres, as preparation for the switch from grooved to slick tyres for the 2009 season, and BMW Sauber tested a Kinetic Energy Recovery System, also for the following year. Among the other teams, Force India's test driver, Vitantonio Liuzzi, tested the team's new ""seamless-shift"" gearbox ahead of the system's race début later in the year, while Timo Glock of Toyota took part after a heavy crash at the German Grand Prix.

In the week leading up to the race, a meeting between the teams at Ferrari's headquarters in Maranello resulted in the formation of a new representative body, the Formula One Teams Association (FOTA), which was led by Ferrari president Luca di Montezemolo. McLaren team principal Ron Dennis said the establishment of FOTA was intended to encourage greater co-operation between the teams, particularly in framing new sporting and technical regulations, and to act as a counterweight to the sport's existing governing body, the Fédération Internationale de l'Automobile (FIA) and the company responsible for its commercial management, Formula One Management (FOM).
On July 31, the day before the event's first free practice sessions took place, McLaren confirmed the team would retain Kovalainen for 2009 alongside Hamilton, while the organisers of the Hungarian Grand Prix signed a deal with Bernie Ecclestone, the president of FOM, to continue hosting the race until 2016.
Several teams made technical changes to their cars for the Grand Prix. Ferrari altered the F2008 chassis's cooling system and bodywork following high brake wear and engine water temperatures at the German Grand Prix. McLaren and Force India introduced revised aerodynamic packages for their MP4-23 and VJM01 chassis, aimed at increasing the amount of downforce, and therefore grip, produced by the bodywork. Force India also brought its seamless-shift gearbox to the event. Ferrari, Honda and Toyota also débuted raised engine covers, nicknamed ""shark-fins"" for the way they stretched toward the rear wing, and Honda introduced a new rear suspension package.
The sport's sole tyre supplier, Bridgestone, provided two specifications of grooved dry tyres for the race, designated Soft (also referred to as the ""prime"" tyre) and Super Soft (also referred to as the ""option"" tyre). The Super Soft compound was distinguished by a white stripe in one of the tyre's grooves. As was the case for all of the 2008 Grands Prix, the rules stipulated that all cars should use both types of tyre during the course of the race, and each driver was limited to seven sets of dry tyres for the weekend.


== Practice ==
Three practice sessions were held before the Sunday race—two on Friday from 10:00 to 11:30 and 14:00 to 15:30 local time, and a third on Saturday morning between 11:00 and 12:00. The first practice session took place in dry conditions. The ambient temperature was between 27–28 °C (81–82 °F), and the track temperature ranged from 31–34 °C (88–93 °F) during the hour-long period. Massa set the session's fastest time with a lap of 1 minute and 20.981 seconds, almost four-tenths of a second ahead of his teammate Räikkönen. The two McLaren drivers were third and fourth, Kovalainen ahead of Hamilton. Fernando Alonso and Nelson Piquet Jr. set the fifth and eighth-fastest times respectively for Renault; they were separated by Glock and Kubica. Their teammates, Heidfeld and Toyota driver Jarno Trulli, completed the top ten. Vettel's Toro Rosso car was afflicted by a hydraulics problem; this restricted him to completing only four timed laps, and he was slowest overall.

The second practice session was held in similar weather to the first; the only difference was a slightly higher peak track temperature of 37 °C (99 °F). During this session, Hamilton set the quickest lap time of the day, a 1:20.554; Kovalainen finished with the third-fastest time. The Renault drivers were again quick—Piquet in second and Alonso fourth—although the team's Executive Director of Engineering, Pat Symonds, admitted both cars were running with slightly lower fuel loads than normal, improving their performance. Räikkönen and Massa slipped to fifth and sixth respectively, their best times one-thousandth of a second apart. They were ahead of Heidfeld, Kubica, Trulli and Williams driver Nico Rosberg. Vettel's car was still suffering from the hydraulics problem and he completed just five laps, again setting the slowest time of the session.
Saturday's weather was again dry for the third and final practice session, with ambient temperature between 27–29 °C (81–84 °F) and track temperature from 32–36 °C (90–97 °F). Hamilton again set the fastest time, a 1:20.228, quicker than his best on Friday. This put him immediately ahead of Massa, Glock, Kovalainen and Piquet. Heidfeld was much happier with the setup of his car and set the sixth-fastest time, but Kubica suffered a mechanical problem that restricted him to 18th position. Vettel had a trouble-free session and set the eighth-fastest time, one position behind teammate Sébastien Bourdais. Räikkönen and Rosberg completed the top ten ahead of qualifying.


== Qualifying ==
Saturday afternoon's qualifying session was divided into three parts. In the first 20-minute period, cars finishing 16th or lower were eliminated. The second qualifying period lasted 15 minutes, at the end of which the fastest 10 cars went into the final period to determine their grid positions for the race. Cars failing to make the final period were allowed to be refuelled before the race, but those competing in it were not and carried more fuel than they had done in the earlier qualifying sessions to see them through the first part of the race. The session was held in dry weather slightly hotter than any of the free practice sessions; the ambient temperature ranged between 30 and 31 °C (86 and 88 °F), while track temperature ranged between 38 and 41 °C (100 and 106 °F).

Hamilton set the fastest time in the first and final parts of the session, which clinched him pole position with a lap of 1:20.899. Although he was pleased with the handling of his McLaren—he said that he had never been more comfortable in the car—he believed that he could have recorded a faster lap, as he made a slight mistake going into Turn Five. Hamilton was joined on the front row by his teammate Kovalainen, who recorded a lap time 0.241 seconds slower and was fuelled for an additional two laps in the race. Massa set the session's fastest time of 1:19.068 during its second part, but was delayed by other cars, which prevented him from heating his tyres sufficiently to achieve the maximum grip possible. He dropped to third overall in the final part of qualifying. Räikkönen was on a heavier fuel load than his teammate but made a mistake on his final flying lap that restricted him to sixth place. That left him behind Kubica and Glock on the grid. Kubica achieved his competitive time despite handling problems, which led him to describe his lap as his best so far of the season, while Glock recorded the best qualifying result of his career thus far. Alonso qualified in seventh position with Piquet in tenth on a heavy fuel load; the Renault teammates were split by Webber and Trulli. As the Soft tyres were expected to perform better in the race than the Super Softs, the McLaren drivers' use of one fewer set of the Soft tyres than their Ferrari counterparts during the qualifying session suggested Hamilton and Kovalainen might have had a tyre performance advantage in the race. This was because the Soft tyre was the fastest tyre choice over the course of a single lap, despite the theoretical performance advantage of the Super Soft; Ferrari used one more set of Soft tyres than McLaren before realising this was the case.
Vettel was the fastest driver not to advance into the final session, qualifying 11th; his best time of 1:20.131 was just over a second slower than Massa's pace in the second session. His teammate, Bourdais, set the 14th-fastest lap, but was penalised five positions on the grid for impeding Heidfeld during the first part of qualifying, a delay which limited the BMW Sauber driver to the 16th-fastest time. The Toro Rosso drivers were split before Bourdais' penalty by Jenson Button—who found his Honda's revised suspension a significant improvement—and David Coulthard, who believed the Hungaroring did not suit the handling characteristics of his Red Bull RB4 chassis. Rosberg made it into the second part of qualifying, but did not complete any laps thereafter after his Williams car developed a hydraulics problem. Kazuki Nakajima (Williams), Rubens Barrichello (Honda) and Force India drivers Giancarlo Fisichella and Adrian Sutil failed to advance beyond the first part of qualifying, and thus completed the final rows of the grid. In the first part of qualifying (the only section in which all drivers took part), the entire field was covered by just under three seconds.


=== Qualifying classification ===

^1  – Sébastien Bourdais was penalised five places on the grid for impeding Nick Heidfeld during first qualifying.


== Race ==
The race took place in the afternoon from 14:00 local time, in dry and sunny weather, with an ambient temperature of between 30 and 31 °C (86 and 88 °F), and a track temperature ranging from 40 to 43 °C (104 to 109 °F). The race-day attendance was 84,000. As usual, the race was broadcast worldwide, with the ""World Feed"" coverage being produced by FOM. Every driver except Coulthard started on the Soft compound tyres. Massa made a good start on his only remaining new set of Soft tyres, moving ahead of Kovalainen from the grid and drawing alongside Hamilton into the first corner. Hamilton held the inside line for the turn, but Massa braked later than the McLaren driver and passed him around the outside. Behind the leading three in the run down to the first corner, Glock moved ahead of Kubica, while Alonso overtook Räikkönen. Barrichello made the best start in the field, moving from 17th to 13th place at the end of the first lap, while Vettel made a poor start and lost four places over the same distance. At the completion of the first lap, Massa led from Hamilton, Kovalainen, Glock, Kubica, Alonso, Räikkönen, Webber, Trulli, Piquet, Coulthard, Heidfeld, Barrichello, Button, Vettel, Bourdais, Rosberg, Nakajima, Fisichella and Sutil.

Massa and Hamilton immediately began to pull clear of Kovalainen. On lap 3, Button overtook his teammate Barrichello for 13th position, but both Honda drivers were stuck behind Heidfeld, who was carrying a heavier fuel load than them. As the race progressed, Massa began to open a small lead over Hamilton, who put his McLaren into a ""fuel-saving mode"", attempting to jump ahead of Massa later in the race by making a pit stop after the Ferrari driver. In addition, the high track temperature was to the Ferrari chassis's advantage, as it was easier on its tyres than the McLaren and was able to run them at an operating temperature of up to 10 °C (18 °F) lower, resulting in less tyre wear. By lap 18, Massa had a lead of 3.5 seconds over Hamilton, who in turn was almost 8 seconds ahead of Kovalainen. Glock was a further 3 seconds behind the second McLaren driver, but was drawing ahead of Kubica in fifth, who was finding his BMW Sauber difficult to drive in race conditions with a lack of grip and stability under braking, and was holding up a group of cars behind him.
Massa, Kubica and Webber were the first three drivers to make pit stops by coming in on lap 18. The McLaren mechanics timed Massa's stop to estimate the amount of fuel he received, and when Hamilton made his own first stop on the next lap, they fuelled him to run for three laps longer than the Ferrari in the second stint of the race. Kovalainen took over the lead of the race for two laps before his pit stop on lap 21 returned it to Massa. Piquet was the last of the leading runners to make a pit stop, on lap 25, allowing him to jump ahead of Kubica, Trulli and Webber. Further down the order, Vettel made an unscheduled pit stop on lap 20 and retired two laps later with an overheating engine. By the end of lap 26, all of the leading drivers on two-stop strategies had taken their pit stops. The race order was Massa leading from Hamilton, Kovalainen, Glock, Coulthard (who was yet to pit), Alonso, Räikkönen, Piquet, Trulli, Kubica, Webber, Heidfeld, Button, Barrichello, Bourdais, Rosberg, Nakajima, Fisichella and Sutil.

Hamilton rejoined the race following his first pit stop 2.6 seconds behind Massa, and needed to stay within approximately 3.5 seconds of the Ferrari driver to gain track position after the second round of pit stops. Massa began to pull away again, easing the gap open to 4 seconds by lap 32, while Hamilton locked his front-left wheel as he tried to keep up with the Ferrari, flat-spotting the tyre in the process. The two continued to set fastest laps as they pulled away from the rest of the field. On lap 29, Coulthard made his first pit stop, dropping to 12th place as a result. Button, Barrichello, Bourdais, Rosberg, Nakajima, Fisichella and Sutil also made their first pit stops at this stage of the race. Three of these drivers experienced delays during their pit stops which dropped them down the running order: Barrichello and Bourdais suffered flash fires, while Rosberg's fuel hose jammed, losing him time.
At the front of the field, Massa continued to pull away gradually from Hamilton; the gap between the two had risen to 5 seconds by the end of lap 40. On the following lap, Hamilton's front-left tyre deflated approaching Turn Two; the resultant slow lap back to the pit lane and stop for a replacement tyre dropped him to tenth place. Massa now had a 23-second lead over Kovalainen and slowed his pace accordingly, adjusting the performance of the engine to place it under less mechanical stress. He made his final pit stop on lap 44, allowing Kovalainen to take the lead until his own stop four laps later, handing Massa back his lead. On lap 41, Heidfeld made his only pit stop, dropping from 11th to 12th position. In the following laps, the other drivers made their second stops, except Nakajima, who switched to a one-stop strategy at his first visit to his pit box. Behind the leading trio of Massa, Kovalainen and Glock, Räikkönen moved ahead of Alonso despite running off the road just before his pit stop; after he exited the pit lane, Piquet fended off Trulli as they battled for position. The pit stop sequence allowed Hamilton to move back up the order, to sixth place behind Alonso. Further back, Bourdais suffered another flash fire on lap 45, and made another visit to the pit lane one lap later to have fire extinguisher foam cleaned off his helmet visor. Rosberg was the final scheduled driver to make a pit stop, on lap 58. The majority of the drivers ran with Soft tyres for the first two stints of the race, then switched to the Super Soft compound for the final stint.

At the conclusion of lap 59, with the scheduled pit stops completed, the running order was Massa leading from Kovalainen, Glock, Räikkönen, Alonso, Hamilton, Piquet, Trulli, Kubica, Webber, Heidfeld, Coulthard, Button, Nakajima, Rosberg, Fisichella, Sutil, Barrichello and Bourdais. Running in clean air without a car immediately in front of him for the first time, Räikkönen set the fastest lap of the race at 1:21.195, on lap 61, as he closed the nine-second gap to Glock at a rate of one second per lap. Hamilton caught Alonso at a similar rate, but his rear Super Soft tyres began to overheat and he was unable to make any further impression after closing the gap to 1.5 seconds. On lap 62, Sutil suffered a puncture caused by a brake failure and became the second retirement of the race. In the closing laps, Kovalainen reduced his deficit to Massa to 15 seconds, but the Ferrari driver appeared to be in command of the race. However, as Massa started lap 68, his engine failed without warning, forcing him to retire from the lead with three laps remaining. Kovalainen was thus promoted into the lead, which he held to take the first victory of his Formula One career in a time of 1'37:27.067, at an average speed of 117.309 mph (188.791 km/h). Kovalainen was the 100th driver to win a Formula One World Championship race. Glock likewise claimed the best result of his career, and first podium finish, with second position. Räikkönen took the final place on the podium despite a failure in his car's rear suspension during the final few laps. Alonso and Piquet finished on either side of Hamilton, who was in fifth position, leading Symonds to describe the race as his team's best of the year so far. Trulli finished seventh, ahead of Kubica, who was extremely disappointed with the uncompetitive performance of his car at the Grand Prix closest to his home country of Poland. His teammate, Heidfeld, finished in tenth place between the two Red Bull drivers, both of whom were also disappointed by their team's performance. Button, Nakajima, Rosberg and Fisichella filled the next places, a lap behind the leader, while Barrichello was two laps down in 16th position after the delay at his first pit stop. Massa was classified in 17th place, ahead of Bourdais, who was the final finisher.


=== Post-race ===

Although Kovalainen was delighted with his first Formula One victory, he attributed much of the credit for his win to luck. After the race he said, ""I feel a bit sorry for Felipe and Lewis. They both drove great races, but I know how it feels when things go wrong—I've had a few similar moments this year. I tried to put pressure on Felipe, especially during the last stint. I felt something might happen if I did that, you never know, but I still found it hard to believe when I saw his Ferrari on fire."" The victory proved to be Kovalainen's only Formula One win. Glock was pleased with second position and spoke of how he had dedicated extra training to improve his race starts. He said he had focussed on not making any mistakes in the closing laps as Räikkönen closed, instead of maintaining the gap. Räikkönen described his race as ""frustrating and boring"" due to the amount of time he spent stuck behind slower cars.
The podium finishers were overshadowed in the media by coverage of the ill fortune of both the weekend's pace-setters, Hamilton and Massa. Massa in particular was praised for his performance. The Ferrari team principal, Stefano Domenicali, said it was, ""the best race of his career. It was fantastic the way he managed the race."" Journalist Mark Hughes described it as ""almost certainly his best race to date"", and colleague Simon Arron termed it as ""one of the finest afternoons of his F1 career"". Both drew attention to his controlled aggression at the first corner of the race, followed by his relentless, mistake-free pace. Arron, in particular, noted that Massa's first-corner passing move was more typical of Hamilton's attacking style than his own, and was a ""defining moment"" in Massa's championship campaign. Hamilton himself later expressed surprise that Massa had been able to overtake him in such a manner, and warned his rival that ""it won't happen again"". Hughes described the Grand Prix as ""a throwback race"", in that the leaders had suffered from unreliability, and the winner had not been in contention on speed alone; It was a situation reminiscent of earlier times in the sport, when the cars were generally less reliable.
Bridgestone director of motorsport Hirohide Hamashima said Hamilton's puncture was probably caused by debris, although as a result of the damage the tyre had sustained, the precise nature of the failure was impossible to determine. He also stated that Hamilton's tyre was more vulnerable to debris damage because he had flat-spotted it earlier in the race. Massa said he had no prior indication of his engine failure. The problem was later traced to a connecting rod failure caused by an impurity in the component material. An identical problem caused Räikkönen to retire from the following race, the European Grand Prix.
As a consequence of the race, Hamilton extended his lead in the Drivers' Championship to five points ahead of Räikkönen, who moved ahead of Massa in the standings. Kubica maintained fourth place; Kovalainen's win moved him to within three points of Heidfeld in fifth. In the Constructors' Championship, Ferrari continued to lead, but McLaren jumped ahead of BMW Sauber for second position. Behind Toyota, Renault moved ahead of Red Bull. Despite his increased lead, Hamilton acknowledged that he expected the Ferrari drivers to be formidable opponents in the season's seven remaining races. After the eventual conclusion of the championship in Hamilton's favour by one point, the Hungarian Grand Prix was highlighted as one of Massa's most obvious lost opportunities in his bid to win the title.


=== Race classification ===


== Championship standings after the race ==

Note: Only the top five positions are included for both sets of standings.


== See also ==
2008 Hungaroring GP2 Series round


== References ==


== External links ==

 Media related to 2008 Hungarian Grand Prix at Wikimedia Commons
""Official FIA results"". Archived from the original on 2008-08-22. Retrieved 2008-08-04.{{cite web}}:  CS1 maint: bot: original URL status unknown (link)"
29,2008,12,12,European Grand Prix,2008-08-24,http://en.wikipedia.org/wiki/2008_European_Grand_Prix,"The 2008 European Grand Prix (formally the 2008 Formula 1 Telefónica Grand Prix of Europe) was a Formula One motor race held on 24 August 2008 at the Valencia Street Circuit in Valencia, Spain. It was the 12th race of the 2008 Formula One World Championship. Felipe Massa for the Ferrari team won the 57-lap race from pole position. Lewis Hamilton finished second in a McLaren car, with Robert Kubica third in a BMW Sauber.
Massa started on pole position, with Hamilton second, and Kubica third. Massa got cleanly away, while Hamilton fought hard to fend off Kubica, but managing to keep second. The top three remained the same through the first round of pit stops, and after the first stop, Massa took a large lead over Hamilton. In Massa's second pit stop he was released straight into the path of Force India driver Adrian Sutil, and had to back off to avoid a collision. The stewards announced that they would investigate the incident after the race. They later ruled that Ferrari would be fined €10,000 for the pit lane incident, but that Massa would keep his victory, as although the release was unsafe, no sporting advantage had been gained. Massa went on to take the victory, with Hamilton second and Kubica third. Hamilton's closest rival in the Drivers' Championship going into the race, Kimi Räikkönen, failed to finish, after having an engine failure.
Massa's victory in the race enabled him to overtake his teammate, Räikkönen, in the Drivers' Championship, moving him into second. He was now Hamilton's closest rival, behind by six points. Räikkönen moved eight points further behind Hamilton, due to his non-finish, with a deficit of 13 points now separating the two. In the Constructors' Championship McLaren caught up two points on Ferrari; Ferrari led, eight points ahead of McLaren, with BMW Sauber a further 17 points behind.


== Report ==


=== Background ===
The Grand Prix was contested by 20 drivers, in ten teams of two. The teams, also known as ""constructors"", were Ferrari, McLaren-Mercedes, Renault, Honda, Force India, BMW Sauber, Toyota, Red Bull Racing, Williams and Toro Rosso. Tyre supplier Bridgestone brought two different tyre compounds to the race; the softer of the two marked by a single white stripe down one of the grooves.
Prior to the race, McLaren driver Lewis Hamilton led the Drivers' Championship with 62 points, and Ferrari driver Kimi Räikkönen was second with 57 points. Behind them in the Drivers' Championship, Felipe Massa was third with 54 points also in a Ferrari, and the two BMW Sauber cars of Robert Kubica and Nick Heidfeld were fourth and fifth, with 49 and 41 points respectively. In the Constructors' Championship, Ferrari were leading with 111 points, 11 points ahead of their rivals McLaren. BMW Sauber were third with 90 points. Toyota were fourth with 35 points, and Renault were fifth with 31 points.

The Grand Prix was the first to be held at the new Valencia street circuit. After seeing the track for the first time, four days before the race, the drivers were positive about the track. Formula One tyre supplier, Bridgestone, celebrated their 200th Formula One grand prix at the race, having now supplied Formula One tyres since 1997. Celebrations included a special ""golden tyre"" which was displayed at the track, as well as two hoardings, inscribed with ""Bridgestone 200"".
In technical developments, McLaren and Ferrari modified their front winglets, to make sure that the maximum amount of air flow was diverted. Ferrari also revised their sidepod chimneys and winglets, with the aim of making sure the engine remained cool in hot conditions.


=== Practice and qualifying ===
Three practice sessions were held before the Sunday race—two on Friday, and a third on Saturday. The Friday morning and afternoon sessions each lasted 90 minutes. The third session was held on Saturday morning and lasted an hour. The very first practice session on the newly opened Valencia Street Circuit was held on a dusty and slippery track, but despite the drivers' relative unfamiliarity with the circuit there were no major incidents (though David Coulthard did hit the barriers late in the session). Sébastien Bourdais went fastest early on, but it was his Toro Rosso teammate Sebastian Vettel who posted the quickest time of the session. Massa and Hamilton finished second and third, with Bourdais just behind them. Following the session, the drivers and personnel observed a minute's silence for those killed in the plane crash in Madrid two days previously. Kimi Räikkönen topped the timesheets in second practice, having traded fastest times with teammate Massa for the majority of the session. Fernando Alonso had the set the quickest time late, but was surpassed by Räikkönen in his final flying lap. A notable incident in the session involved Nico Rosberg spinning under brakes in the final corners, and narrowly missing Mark Webber on the inside, before rejoining the track with no damage done. Surprsingly, usual back-runner Jenson Button, driving for Honda, finished third. After the session, Fernando Alonso, driving for Renault, was reprimanded and fined €10,000, after crossing the pitlane entry line early on in the second session. Rain overnight meant that the Valencia track began with almost no rubber on the surface, but Robert Kubica was still able to carry enough speed to become the first man of the weekend to break into the 1:38s, with Rosberg and Bourdais close behind. There were minimal mishaps, with only Hamilton and Timo Glock spinning. Jarno Trulli spent the majority of the session in the pits with gearbox problems, completing only two laps.

After the third practice, but before the qualifying session, the Fédération Internationale de l'Automobile safety delegate, Charlie Whiting, announced that he had moved the pole position slot on the grid to the right side, after observing the cars' behaviour during the practice sessions. Saturday afternoon's qualifying session was divided into three parts. In the first 20-minute period, cars finishing 16th or lower were eliminated. The second qualifying period lasted for 15 minutes, at the end of which the fastest ten cars went into the final period, to determine their grid positions for the race. Cars failing to make the final period were allowed to be refuelled before the race but those competing in it were not, and so carried more fuel than they had done in the earlier qualifying sessions.
Massa clinched pole position with a time of 1:38.989, and was joined on the front row by championship leader, Hamilton. Kubica took third place on the grid, with Massa's teammate Räikkönen taking fourth. Hamilton's teammate, Kovalainen, took fifth; Vettel, Trulli and Nick Heidfeld occupied the next three spots. The two Williams cars of Nico Rosberg and Kazuki Nakajima finished ninth and 11th, with Bourdais in between. Alonso qualified 12th, with Timo Glock of Toyota behind him. Mark Webber of Red Bull was 14th, with Nelson Piquet Jr. of Renault 15th. Jenson Button of Honda qualified 16th, and the other Red Bull car, driven by Coulthard, qualified 17th. The two Force India cars driven by Giancarlo Fisichella and Adrian Sutil finished 18th and 20th, with the other Honda car driven by Rubens Barrichello qualifying 19th. Later, both Barrichello and Sutil were forced to change their gearboxes; as a result, both drivers started from the pit lane.


=== Race ===
The conditions on the grid were dry before the race. The air temperature was 28 °C (82 °F) and the track temperature was 44 °C (111 °F).
The front-runners of the race started the race cleanly, but at turn four Alonso and Nakajima collided; Alonso retired from, what was in effect, his home race, while Nakajima had a new nose, and rejoined.
At his final stop, Felipe Massa's Ferrari was released from its pit stop into the path of Adrian Sutil's oncoming Force India car. There was no collision as Massa backed off as soon as he realised what had happened. This incident was deemed ""unsafe"" and was being investigated by the stewards. Shortly afterwards it was announced the incident would be investigated fully after the race. Ferrari was subsequently reprimanded by the stewards and fined €10,000, but the Brazilian kept his victory.
To add to Ferrari's pit stop blunders, Kimi Räikkönen left his pit box with his car's fuel hose still attached. The incident left a Ferrari mechanic Pietro Timpini with a minor fractures. Räikkönen also lost a place.
Nico Rosberg scored a ""rare"" point for his Williams Team by finishing eighth.


== Classification ==


=== Qualifying ===

^1  – Rubens Barrichello and Adrian Sutil both made late gearbox changes, and consequently started from the pit lane.


=== Race ===


== Championship standings after the race ==

Note: Only the top five positions are included for both sets of standings.


== See also ==
2008 Valencia GP2 Series round


== References ==


== External links ==

Detailed European Grand Prix results
Official FIA results"
30,2008,13,13,Belgian Grand Prix,2008-09-07,http://en.wikipedia.org/wiki/2008_Belgian_Grand_Prix,"The 2008 Belgian Grand Prix (officially the 2008 Formula 1 ING Belgian Grand Prix) was a Formula One motor race held on 7 September 2008 at the Circuit de Spa-Francorchamps near the village of Francorchamps, Wallonia, Belgium. It was the 13th race of the 2008 Formula One World Championship. Felipe Massa for the Ferrari team won the 44-lap race, after the initial winner, McLaren driver Lewis Hamilton, was penalised for cutting a chicane and gaining an advantage over Ferrari's Kimi Räikkönen.
Hamilton started from pole position alongside title rival Massa. Hamilton's McLaren teammate Heikki Kovalainen started from third next to the 2007 winner Kimi Räikkönen. Following a spin by Hamilton on the second lap, Räikkönen led most of the race, until rain fell on lap 41 and Hamilton performed the penalised pass. Räikkönen crashed on the following lap as the rain became heavier. Massa finished second on the road after Hamilton, followed by Nick Heidfeld of BMW Sauber.
Hamilton received a 25-second penalty, which demoted him to third place and advanced Massa and Heidfeld to first and second positions. McLaren appealed the decision at the Fédération Internationale de l'Automobile (FIA) International Court of Appeal. Their case, however, was declared inadmissible, with the Court ruling that 25-second penalties cannot be challenged. The penalty prompted global press discussion, primarily from the United Kingdom and Italy, with several former drivers questioning the decision. Massa's retroactive victory, with Hamilton, demoted to third, narrowed the gap in the Championship from six points to just two.


== Background ==

Heading into the 13th race of the season, McLaren driver Lewis Hamilton was leading the Drivers' Championship with 70 points; Ferrari driver Felipe Massa was in second place with 64 points. With 57 points, Ferrari's Kimi Räikkönen was third, followed by Robert Kubica with 55 points. In the Constructors' Championship, Ferrari led 121 points to McLaren's 113.
Following the European Grand Prix on 24 August, mid-season testing took place at Italy's Autodromo Nazionale Monza. Ferrari concentrated on their aerodynamic set-up during tests on Monza's long straights. Massa set the quickest times on the first day, ahead of McLaren driver Heikki Kovalainen. BMW Sauber's Nick Heidfeld was quickest on the second day. Massa spun off into the gravel at the Ascari chicane, bringing a brief halt to testing. Hamilton was fastest on the third day.
Kubica lost control of his car and drove off the track, limiting BMW's testing time as minor repairs were performed on the underside of his car.


== Practice ==
Three practice sessions were held before the Sunday race – two on Friday, and one on Saturday. The Friday morning and afternoon sessions each lasted 90 minutes; the third session, on Saturday morning, lasted for an hour. The first session was held on a dry track under cloudy skies; Massa was fastest with a time of 1:47.284, just quicker than his Ferrari teammate Räikkönen. The McLarens of Hamilton and Kovalainen, Alonso, Webber, Bourdais and Vettel completed the top eight. Light rain during the second session grew momentarily heavier halfway through, forcing the teams to switch to their wet set-ups. Hamilton led for most of the running, before Alonso, Massa and Kovalainen set faster times late in the session on a drying track. Räikkönen, Piquet, Coulthard, Bourdais and Webber all had off-track excursions with little damage done; a Fisichella spin at Stavelot forced the session to be halted for ten minutes while the debris was removed and water was cleared from the track. Conditions had not improved by the following morning for the start of the final period of practice, but a drying track late in the session allowed Heidfeld to record the best time, a 1:47.876, ahead of Kovalainen, Alonso, Hamilton, Massa, Vettel and Räikkönen.


== Qualifying ==
Saturday afternoon's qualifying session was divided into three  parts. In the first 20-minute period, cars finishing 16th or lower were eliminated. The second qualifying period lasted for 15 minutes, at the end of which the fastest ten cars went into the final period, to determine their grid positions for the race. Cars failing to make the final period were allowed to be refuelled before the race but those competing in it were not, and so carried more fuel than they had done in the earlier qualifying sessions.

Hamilton clinched his fifth pole position of the season with a time of 1:47.338, ahead of Felipe Massa, who qualified second 0.34 seconds behind his McLaren rival. A mistake-free run allowed Kovalainen to take third place on the grid, alongside Räikkönen in fourth. Heidfeld took fifth, ahead of Alonso, Webber and Kubica. Bourdais – after setting the quickest time in the first session – took ninth, one place ahead of his Toro Rosso teammate Vettel. Toyota driver Jarno Trulli qualified 11th after he experienced problems generating heat into his tyres; his teammate Timo Glock experienced similar problems and lined up from 13th behind Piquet. Coulthard and Rosberg took the next two grid spots, ahead of the Honda pair of Rubens Barrichello and Jenson Button, who both believed they had maximised the performance of their cars. Force India driver Adrian Sutil, Williams driver Kazuki Nakajima and Fisichella took the final three positions.


=== Qualifying classification ===


== Race ==

Nelson Piquet was the only driver not to start with the softer compound dry-weather tyres on a track which was still drying from morning rain, with the Brazilian opting for the harder tyre available. There was a strong chance of showers predicted during the race. Several cars were slow away on the slippery track, most notably Kovalainen. The main beneficiaries off the line were Piquet and Trulli, who each gained five places. Trulli was hit from behind at the first corner by Bourdais, who also had a quick start. The Toyota suffered diffuser and gearbox damage from the incident, spinning later in the lap. Kovalainen and Heidfeld also collided at the start. This allowed Alonso to gain several places. Sebastian Vettel locked his brakes and ran wide, losing two places. Fisichella collided with Nakajima on the first lap and had to pit to fix a broken front wing and punctures. Hamilton led from Räikkönen who managed to pass his Ferrari teammate Felipe Massa on the Kemmel straight.
On the second lap, Hamilton spun at La Source and lost his lead to Räikkönen on the next straight. Glock lost several places over the first few laps due to a lack of grip from his tyres. On lap ten, Heikki Kovalainen attempted to pass Webber at the Bus Stop chicane, but hit Webber on the side, causing the Australian to spin. Although the McLaren driver later dismissed the contact as ""a racing accident"", he was given a drive-through penalty, which he took on lap 14, dropping him to 15th place.

By the ten-lap mark, Räikkönen had opened a three-second lead over Hamilton. Hamilton was the first of the leaders to pit, on lap 11, followed by Räikkönen a lap later. Massa and Alonso pitted on lap 13, with Heidfeld a lap after them. Heidfeld's BMW teammate Robert Kubica pitted on lap 15, along with Bourdais. Räikkönen maintained his lead over Hamilton after the round of pit stops, followed by Massa, Alonso and Bourdais.
Piquet retired on lap 13, after spinning off and colliding with a wall. Following the race, the Renault driver blamed damp patches on the track for the incident, adding that ""It's a shame because I'm sure we could have done something today."" On lap 17, Rubens Barrichello retired with a gearbox problem, suffering from a failing sixth gear and engine over-revving.
The first nine runners continued in the same order until Räikkönen and Hamilton both took their second pit stops on lap 25, with Alonso pitting on lap 27, Massa on lap 28, and Heidfeld on lap 31. Bourdais and Kubica pitted on laps 32 and 33, respectively.

Following the second round of pit stops, Räikkönen was five seconds ahead of Hamilton, but Hamilton began to close in on Räikkönen during the last stint as a result of the tyres better suiting his McLaren Mercedes. Heavy rain began to fall on lap 41. Hamilton closed the gap on Räikkönen to under a second, still six seconds ahead of Massa. Hamilton attempted to pass Räikkönen at the Bus Stop chicane, but was forced off and had to cut across the chicane to avoid a collision. Consequently, Hamilton led out of the chicane but allowed Räikkönen to re-pass him halfway down the straight. Hamilton then passed him again at the La Source hairpin under braking. Räikkönen tried to double-back on Hamilton to regain the position but the line was defended, resulting in Räikkönen touching his front wing on Hamilton's rear tyre. The rain started coming down more heavily and Nico Rosberg spun at Fagnes corner, rejoining in front of the two frontrunners and causing Hamilton to run onto the grass. At the next corner, Räikkönen spun and gave the lead back to Hamilton. Räikkönen then lost control of his Ferrari through the Blanchimont corner and collided with the barrier, ending his race.
Hamilton was first to finish the race, having cautiously driven his car to the line in very wet conditions, followed by Massa and Heidfeld. Heidfeld rose from ninth position during the final laps due to the superior grip of the intermediate tyres put on during a pit stop two laps prior to the end of the race. Fernando Alonso and Timo Glock similarly benefited from intermediate tyres, Alonso finishing fourth and Glock eighth, having passed Webber on the final corner. Conversely, Toro Rosso drivers Bourdais and Vettel, who were third and fourth with one lap to go, were pushed down to seventh and fifth positions due to the lack of grip of their dry-weather tyres.


=== Post-race ===
Timo Glock was handed a 25-second penalty for overtaking Mark Webber under yellow flags during the final lap of the race. The penalty pushed Glock from eighth to ninth place.

Hamilton appeared on the podium and subsequent press conference in the winner's position. When questioned on the incident at the press conference, Hamilton defended his actions:

[Räikkönen] pushed me to the point where I would either have been on the kerb and crashed into him or have to go on the escape route, so I went on the escape route. I understood I had to let him past, so I did. I got in his tow and he was ducking and diving left and right and I did the same and managed to get back to the inside of him. But then he hit me at the apex of the corner but I think I was pretty much gone from there.
Two hours after the race, the FIA stewards for the race issued a statement announcing that Hamilton was guilty of contravening Article 30.3 (a) of the 2008 FIA Formula One Sporting Regulations and Appendix L, Chapter 4, Article 2 (g) of the International Sporting Code, which both state that cutting a chicane and gaining an advantage is subject to a drive-through penalty. As the race had finished, a 25-second penalty was added to Hamilton's time instead. As a result of this penalty, Massa was promoted to winner of the Grand Prix, and Hamilton was dropped down to third position.
On 9 September, McLaren lodged an official complaint with the FIA about the incident. In the appeal hearing on 22 September, McLaren alleged that they had twice been advised by race director Charlie Whiting that Hamilton had correctly returned the position to Räikkönen. Furthermore, they presented telemetry evidence suggesting that Hamilton had not only crossed the finish line after Räikkönen, but that he was travelling 6.7 km/h (4.2 mph) slower at the time. McLaren's lawyer Mark Phillips QC attempted to convince the court that since the penalty was in the form of time added on, the case was valid. They presented the previous case of Vitantonio Liuzzi at the 2007 Japanese Grand Prix, specifically the FIA's claim that the presiding chief steward at the race, Tony Scott Andrews, had admitted fault in awarding the penalty to Liuzzi. Andrews denied the FIA's allegation. McLaren went on to use the case as a precedent for the Spa incident. The Court stated that this analogy was invalid, since in Liuzzi's case the admissibility of his appeal was not contested.
On 23 September, the Court of Appeal issued its decision, ruling that the appeal was inadmissible.


== Reaction ==

Some Formula One drivers focussed more on Hamilton gaining an advantage, rather than a penalty of 25 seconds over-punishing him for the fact that Räikkönen later crashed out having already re-passed Hamilton. Sébastien Bourdais of Toro Rosso said that ""the penalty is really rough but in the end it's up to you to give the position back (which he did) or not. Pretty straightforward"". The view was reiterated by his fellow drivers Nico Rosberg and Jarno Trulli. Trulli believed that ""Hamilton got an advantage by cutting the chicane"", saying, ""Had he stayed on the road, he wouldn't have had the speed to overtake the Ferrari. In the same way at Monza someone could cut the first chicane, catch a rival's draft, and overtake him under braking at Roggia"".
Former world champion Niki Lauda said that he did ""not understand this completely wrong decision"", adding ""It's unbelievable how the best driver in yesterday's race makes no mistakes and only gets six points"". He called for the formation of permanent race stewards, instead of the temporary steward system currently in place. He called it ""the worst judgement in the history of F1"", saying, ""It's absolutely unacceptable when three [stewards] influence the championship like this"". Three-time world champion Jackie Stewart said that ""F1 attracts the largest capital investment in sport, but it's being overseen by people who are not doing it full-time and we get inconsistent decisions"".
The original penalty received mixed reactions in the world press. Byron Young in Britain's Daily Mirror said that it was the stewards' decision ""that mars sport and turns fans away, that ruins the efforts of even the best competitors, taints the day and leaves fans wondering what exactly they are 'fans' of"". The Finnish daily newspaper Helsingin Sanomat noted that though the Grand Prix had ""crushed"" Räikkönen's championship dreams, Hamilton had adhered ""with the rules of racing"" in giving the position back. The newspaper put Räikkönen's disappointment down to his crash, rather than the chicane incident. In Italy, La Gazzetta dello Sport declared that the decision was justified, stating that Hamilton ""should have waited at least another turn rather than attacking so soon"".
The incident and subsequent court hearing led to a clarification by the FIA, saying that drivers must wait one further corner after cutting a chicane before attempting another overtaking manoeuvre. Formula One driver and a director of the Grand Prix Drivers' Association Mark Webber said that the clarification had made the issue much clearer:

Lewis would probably never ever have had a crack at Kimi around the outside at the first part of the Bus Stop without knowing he had the option of going onto the asphalt part. I think we've got to get on top of the chicanes going forward, and we're not too far away from that at the moment, where drivers know that if you gain a position or gain an advantage, you have to give it back a bit more.


=== Race classification ===

^1  – Lewis Hamilton was given a 25-second penalty for cutting a chicane and gaining an advantage despite giving back the position, losing first place.
^2  – Timo Glock was given a 25-second penalty for overtaking Webber under yellow-flags, losing eighth place.
^3  – Heikki Kovalainen and Kimi Räikkönen were classified because they completed over 90% of the race distance.


== Championship standings after the race ==

Note: Only the top five positions are included for both sets of standings.
Bold text and an asterisk indicates competitors who still had a theoretical chance of becoming World Champion.


== See also ==
2008 Spa-Francorchamps GP2 Series round


== Notes ==


== References ==


== External links ==

Official FIA results"
31,2008,14,14,Italian Grand Prix,2008-09-14,http://en.wikipedia.org/wiki/2008_Italian_Grand_Prix,"The 2008 Italian Grand Prix (formally the Formula 1 Gran Premio Santander D'Italia 2008) was a Formula One motor race held on 14 September 2008 at the Autodromo Nazionale di Monza, Monza, Italy. It was the 14th race of the 2008 Formula One World Championship. Future four-time World Champion Sebastian Vettel for the Toro Rosso team took a maiden victory, winning the 53-lap race from a maiden pole position. Heikki Kovalainen finished second in a McLaren, and Robert Kubica third in a BMW Sauber.
Vettel began the race, started under the safety car, ahead of Kovalainen in second. Red Bull's Mark Webber started from third. Rain early in the race allowed Vettel to establish a solid lead over Kovalainen, which he extended as the track dried. Kubica and Fernando Alonso finished in the top four after starting from 11th and eighth, respectively. McLaren driver and Drivers' Championship leader Lewis Hamilton was able to move through the field after qualifying in 15th, finishing in seventh, one place behind rival Felipe Massa, of Ferrari.
Vettel's victory made him the youngest driver to win a Formula One race, at 21 years 73 days in addition to giving Toro Rosso (which was formerly Minardi team) its maiden Formula One win despite using a 2007-spec engine, and also became the first German driver to win a race since Michael Schumacher at the 2006 Chinese Grand Prix. Vettel's record was broken by Max Verstappen aged 18 years and 228 days at the 2016 Spanish Grand Prix. Massa scored one point more than Hamilton, narrowing the McLaren driver's lead in the Championship once more with four races remaining. However, Kovalainen's second-placed finish put McLaren closer to catching Ferrari in the Constructors' Championship.
This race marked Toro Rosso's first and only podium until the 2019 German Grand Prix as well as first and only victory until the 2020 Italian Grand Prix when Pierre Gasly won in the pseudo-successor Scuderia AlphaTauri team. This was also Kovalainen's last podium in Formula One.


== Background ==
Heading into the 14th race of the season, McLaren driver Lewis Hamilton led the Drivers' Championship with 76 points; Ferrari driver Felipe Massa was second on 74 points, two points behind Hamilton. Behind Hamilton and Massa in the Drivers' Championship, Robert Kubica was third on 58 points in a BMW Sauber, and Massa's Ferrari teammate Kimi Räikkönen fourth on 57 points. Kubica's teammate Nick Heidfeld was fifth on 49 points. In the Constructors' Championship, Ferrari were leading on 131 points and McLaren were second on 119 points, 12 points behind. BMW Sauber were third with 107 points. In the battle for fourth-place Toyota had 41 points, ahead of Renault with 36 points.
After the previous race, Hamilton was penalised for cutting a chicane and gaining an advantage over Räikkönen in the closing laps. This meant that Hamilton was demoted from first to third position, giving victory to Massa. While McLaren had lodged an appeal against the decision, the result would not be heard until September 23. Reflecting on the controversy, Norbert Haug, Vice President of Mercedes-Benz Motorsport, said:

Our disappointment was big, when the stewards took away victory from him [Hamilton] and the team. However, we are fighters. If we would have needed a better motivation for the last five races of the season we have it now. When we went to the airport last Sunday evening, Lewis said to me - preferably we now want to win all remaining races, don't we? I have no objection.
Following the rain-soaked Belgian Grand Prix, Massa expressed his hope that the Italian Grand Prix would be held on a dry track, saying ""it would be nice not to have the rain here and not have any opportunity to have a consistent race."" The close nature of the Championship meant that Ferrari's home race had the potential to be a turning point in the season. Testing at the Monza circuit in early September had indicated that the performance gap between McLaren and Ferrari had narrowed. Despite this, Ferrari were hoping that their straight-line speed would be better suited to Monza's long straights. Ferrari confirmed on September 12 that Räikkönen would continue to drive for the team until at least 2010, ending media speculation that he could be about to retire.


== Practice ==

Three practice sessions were held before the race: the first was held on Friday morning and the second on Friday afternoon. Both sessions lasted 90 minutes. The third session was held on Saturday morning and lasted an hour. All three sessions were affected by rain, with only the second giving teams any chance to run dry-weather tyres. Adrian Sutil was quickest with a time of 1:32.842 in the first session, more than half a second quicker than the next fastest drivers Rubens Barrichello and Giancarlo Fisichella. Timo Glock was the next quickest, almost four seconds behind Sutil. Conditions were so poor that six drivers, including both McLarens, failed to set times. The session was stopped four minutes early, though by that time no cars had entered the track for at least ten minutes. The track dried out in the second session; Räikkönen adapted best to the changed conditions with a lap of 1:23.861, significantly quicker than his morning time. Kubica was the next fastest, with his BMW teammate Heidfeld in third. Hamilton, Nico Rosberg and Massa rounded out the top six. Glock was fastest in the final session with a time of 1:35.464, followed by Sebastian Vettel, Rosberg, Jarno Trulli, Kazuki Nakajima and Heidfeld. Hamilton only completed eight laps, and finished last with a time almost 11 seconds behind Glock.


== Qualifying ==
The qualifying session on Saturday afternoon was split into three parts. The first part ran for 20 minutes and eliminated the cars from qualifying that finished the session 16th or lower. The second part of qualifying lasted 15 minutes and eliminated cars that finished in positions 11 to 15. The final part of qualifying determined the positions from first to tenth, and decided pole position. Cars which competed in the final session of qualifying were not allowed to refuel before the race, and as such carried more fuel than in the previous sessions.

Vettel became the youngest driver in the history of Formula One to take pole position, with a time of 1:37.555 in very wet conditions. He was joined on the front row of the grid by Kovalainen. Mark Webber qualified third after his final lap pushed Sébastien Bourdais into fourth position. Massa took sixth position behind Rosberg. Trulli, Fernando Alonso, Glock and Heidfeld rounded out the top ten. Kubica qualified 11th, blaming late rain in the second qualifying session for his position. Fisichella qualified 12th to give Force India its best grid position of the season. Both Räikkönen and Hamilton blamed a late entry into the second session for their poor qualifying times, which saw them eliminated in 14th and 15th positions, respectively. Hamilton originally ran on the standard wet-weather tyres, and by the time he had changed to extreme wet-weather tyres the rain had intensified. This was McLaren's only result outside the top ten in qualifying all season and the first time in Hamilton's career that he had failed to progress into the final qualifying session.


=== Qualifying classification ===


== Race ==

Heavy rain prior to the race made the track very slippery, with more rain expected throughout the day. The air temperature at the track was 14 °C (57 °F). Jenson Button and Kazuki Nakajima started the race from the pit-lane, their teams choosing to make adjustments from qualifying to the set-ups of their cars. All cars were using extreme wet-weather tyres. The race began at 14:00 local time (UTC+1) behind the safety car because of the rain, meaning that there would be a rolling start. Bourdais' car stalled on the grid, and was pushed back to the pits. By the time his team restarted the car, he was in last position and one lap down.
The safety car pulled into the pit-lane at the end of the second lap. Vettel retained his lead into the first corner, followed by Kovalainen, Webber, Rosberg and Massa. Kubica passed Heidfeld at the first chicane; Glock passed Alonso later in the lap. Vettel immediately opened a lead of two seconds over Kovalainen; the McLaren driver experienced visibility problems as a result of the spray off the back of the Toro Rosso. Alonso regained seventh from Glock when he passed him at the first chicane on lap four as the track began to dry. Räikkönen and Hamilton passed Coulthard on the same lap to take 12th and 13th positions, respectively. The next lap, Hamilton attempted to pass Räikkönen at the third corner, but overshot, cutting the chicane. Emerging ahead of the Ferrari, he gave the place back, returning the advantage and avoiding a penalty. Glock spun on lap seven, losing one place to Kubica.

Vettel continued to open his lead on Kovalainen; by lap eight it stood at 6.3 seconds. Both Räikkönen and Hamilton passed Fisichella in separate manoeuvres over the next two laps. Hamilton took 11th position from Räikkönen on lap 11, outbraking the Ferrari at turn four. Fisichella collided with Coulthard two laps later. As a result of the contact, the Force India's front wing broke loose and lodged under the car. Consequently, Fisichella lost control at turn nine, spinning into the gravel trap and retiring. Massa overtook Rosberg for fourth on the same lap, beginning a close fight where both drivers repeatedly exchanged positions over the next three laps. Massa eventually consolidated fourth position on lap 15. Hamilton passed Heidfeld, Glock, Kubica and Alonso in separate manoeuvres, to sit in seventh by lap 19.
Vettel pitted from first position on lap 18. Kovalainen, Webber and Massa pitted four laps later. Light rain began to fall on lap 26, though only lasted five minutes. Glock, Trulli, Räikkönen and Hamilton completed their first pit stops over the following laps. Coulthard was the first driver to try intermediate wet-weather tyres when he pitted on lap 28. He lost grip in the wet and went straight through the first chicane. Alonso, Heidfeld, Kubica and Piquet took their only pit stops for the race soon after, all changing to intermediate tyres. By lap 36 the majority of the field were running on intermediate tyres. Webber was passed at turn eight by Massa on lap 35. The Australian spun after the corner, though managed to retain seventh position. A lap later, however, Hamilton outbraked Webber at turn three and demoted the Red Bull driver to eighth.

Hamilton began lapping fastest, recording a 1:32.869 on lap 38, more than a second faster than first-placed Vettel. Lap 45 saw three drivers set consecutive new fastest laps; Kubica's 1:32.366 was beaten by Webber with a 1:32.014s. They were then superseded by Räikkönen, who set a 1:31.691. On lap 49 Webber attempted to pass Hamilton at the first chicane, but the two cars touched wheels. Webber was forced down the escape road, and when he emerged in front of Hamilton, he returned the position. Räikkönen continued to move through the field; he passed Coulthard and Piquet in separate manoeuvres to take ninth position. Nakajima attempted to pass Coulthard into turn nine, but succeeded only in turning into the Red Bull RB4, sending it into the gravel trap. Coulthard pitted for a new front wing, which dropped him to 17th. Vettel crossed the finish line on lap 53 by 12.5 seconds over Kovalainen, becoming the youngest driver in Formula One history to win a Grand Prix. The one-stop strategies used by Kubica and Alonso paid off as they finished in third and fourth, respectively. Heidfeld, Massa, Hamilton and Webber rounded out the top eight. Räikkönen finished in ninth position, setting the fastest laptime of 1:28.047 on the final lap.


=== Post-race ===

The top three finishers appeared on the podium and in the subsequent press conference. Vettel acknowledged the support of his team, saying the set-up of the car perfectly suited the way the race developed. Other drivers congratulated Vettel; Hamilton said that ""with all that pressure it is easier to make mistakes, and he obviously didn't, so congratulations to him. He did a good job."" The Grand Prix also marked the first win by Toro Rosso, the first non-Ferrari Italian-based team to win since 1957. Many of the Toro Rosso team had been there when the outfit competed as Minardi, a team that rarely scored points, let alone won a race, but were always very popular, adding an emotional aspect to the victory. Ferrari team principal Stefano Domenicali paid tribute to the team, who use Ferrari engines, saying ""They deserve it, they are close to us, and we are happy to work with them because we are giving them our engine.""
Kovalainen expressed his disappointment in finishing second, saying:

Clearly not possible to win today. Sebastian and Toro Rosso have been strong all weekend. I had a little bit of a problem earlier on in the race, in the first couple of stints, especially with the extreme wet tyre and some problems also to warm up my brakes, so I was just struggling to find more time and trying to go faster. We kept pushing and towards the end it got a little bit better but I think it was the maximum we could do today. We picked up some good points and we can look forward to the next grand prix.

Hamilton was satisfied with his performance in the race, saying ""today was all about damage control: I came away with some points and kept my lead in the world Drivers' Championship."" Massa said that he had hoped to do better, but added ""I've managed to make up a point on my nearest rival so this is absolutely not a negative result."" Massa took three points from the race, compared to Hamilton's two, and narrowed the gap in the Drivers' Championship to one point with four races remaining. Kovalainen's second-placed finish closed the gap in the Constructors' Championship between Ferrari and McLaren from twelve to five points.
Third-placed Kubica said that his strategy allowed him to capitalise on the changing track conditions, as his only stop seemed the best time to change to intermediate tyres. The Polish driver said that racing in Italy was particularly special for him, having lived in the country for five years: ""That is why we divided the helmet into two pieces. One was Italian colours, one was Polish colours."" Alonso, who used a similar strategy, said ""the result today is very good because Monza was supposed to be the race that we were looking forward to the least."" Toyota's failure to score at the race meant that they were tied with Renault on 41 points.


=== Race classification ===


== Championship standings after the race ==

Note: Only the top five positions are included for both sets of standings.
Bold text and an asterisk indicates competitors who still had a theoretical chance of becoming World Champion.


== See also ==
2008 Monza GP2 Series round


== References ==


== External links ==

Official FIA results"
32,2008,15,15,Singapore Grand Prix,2008-09-28,http://en.wikipedia.org/wiki/2008_Singapore_Grand_Prix,"The 2008 Singapore Grand Prix, formally known as the 2008 Formula 1 SingTel Singapore Grand Prix, was a Formula One race held on 28 September 2008 at 20:00 SST at the newly built Marina Bay Street Circuit in Marina Bay, Singapore. It was the 15th race of the 2008 Formula One World Championship, the 800th Formula One World Championship race overall, and the first ever Formula One race held at night. This was also the first time Singapore hosted a Formula One race, as the last Singapore Grand Prix was a Formula Libre event in 1973.
The 61-lap race was won by Fernando Alonso for the Renault team from 15th on the grid after his teammate deliberately crashed on lap 14 to bring out the safety car after his first pit stop. Nico Rosberg claimed second in his Williams followed by McLaren's Lewis Hamilton. Felipe Massa of Ferrari started from pole position, but finished out of the points. Drivers' Championship leader Hamilton was second while reigning world champion Kimi Räikkönen qualified third. They continued in this order until Renault's Nelson Piquet Jr. deliberately crashed on lap 14, bringing out the safety car as planned after Alonso's pit stop. The leading drivers all pitted when the pit lane was opened. Massa prematurely left the pit box with his fuel hose still attached and dropped to last place.
Alonso, who had pitted before the safety car was deployed, subsequently took the lead and won the race. Nico Rosberg managed to finish second despite incurring a stop-go penalty and Hamilton completed the podium in third. Red Bull Racing's David Coulthard finished 7th, scoring the final points of his career. Kazuki Nakajima also scored his final points. The result saw Hamilton extend his lead in the Driver's standings to 7 points over Massa, who failed to score. McLaren also took over the lead in the Constructors' Championship by one point from Ferrari.
In September 2009, Renault F1 admitted in an FIA World Motor Sport Council meeting that Piquet had deliberately crashed per instructions from Renault team principal Flavio Briatore and chief engineer Pat Symonds in the hope of helping Alonso win. The Renault team were handed a disqualification from Formula One, which was suspended for two years pending any further rule infringements. Briatore was banned from all FIA-sanctioned events for life, while Symonds was banned for five years.  Briatore and Symonds sued the FIA in French courts; on 5 January 2010, the Tribunal de Grande Instance overturned the ban which had been put in place on both men. Briatore would return to F1 in May 2024, again working for the Renault team, now re-branded as Alpine. 


== Report ==


=== Background ===
In early 2007, talks of staging a Formula One Grand Prix in Singapore began, with the focus on arranging this to be a night race in order to cater Formula One's audience in Europe. The race was approved in May and construction for the grand prix complex began in August 2007. The lighting system consisted of nearly 1600 light projectors, separated by four meters and suspended 10 meters above the track. The system generated a total of 3000 lux intensity, approximately four times the intensity used in a standard  football stadium. The whole system required total of 108,423 meter cables and was connected to twelve twin-powered generators, generating estimated power of three megawatts.
At the previous race in Italy, Sebastian Vettel took his and Toro Rosso's maiden win in the wet race. Vettel became the youngest driver to win a Formula One race, aged 21 years and 73 days. Ferrari's Felipe Massa finished in sixth place, narrowing Lewis Hamilton's lead in the Drivers' Championship to a single point. They were followed by BMW Sauber's Robert Kubica and Massa's teammate Kimi Räikkönen. In the Constructors' Championship, Ferrari were in the lead with 134 points, followed by McLaren-Mercedes and BMW Sauber.
Due to the unusual time of the race, teams and drivers had to adapt their working hours by waking up at around midday local time, starting work around late afternoon, and staying up until 4am. Most drivers and teams praised the track after carrying out track inspections as well as arrangements undertaken by the track authorities. Concerns were raised about high bumps on kerbs of the Turn 10 chicane. Concerns were also expressed on safety measures needed in case of rain during the race.


=== Practice ===

Hamilton set the fastest time in the first practice session on 26 September. He was followed by the Ferraris of Massa and Räikkönen and Hamilton's teammate Kovalainen. Red Bull's Mark Webber suffered a crash at Turn 18, damaging his front suspension. A number of drivers faced problems at the final corner of the circuit, including Honda's Rubens Barrichello who crashed backwards into the barriers. Toyota's Jarno Trulli also spun at this corner and subsequently made his way into the pits by driving in the wrong direction. Trulli was fined €10,000 for his misconduct.
Renault's Fernando Alonso was fastest in the second practice session, displacing Hamilton to second position with his final flying lap. The two were followed by Kovalainen, Massa and Nico Rosberg. During the session, Toro Rosso's Sébastien Bourdais almost collided with Nick Heidfeld's BMW Sauber as he exited from the pit lane into the first corner. In separate incidents, Timo Glock lost his front wing when he crashed into wall at Turn 7, Giancarlo Fisichella faced gearbox problems and Massa mistakenly took a wrong turn towards the escape road off the track.
Alonso was again the fastest man on the track in the final practice session, with Hamilton and Massa second and third respectively. Numerous drivers faced problems with bumps on the track, narrowly avoiding accidents. Fisichella damaged his Force India VJM01's front wing and suspension after it launched off the kerbs at the Turn 10 chicane.


=== Qualifying ===

Räikkönen topped the first qualifying session, ahead of Kovalainen and Hamilton. Nelson Piquet Jr., Sébastien Bourdais, Rubens Barrichello, Adrian Sutil and Giancarlo Fisichella were eliminated in this session. Fisichella was unable to record a time during the session after he crashed into barriers at Turn 3 due to a punctured tyre. During his flying lap, Barrichello was impeded by Nick Heidfeld and subsequently entered the pits to abandon his lap. Heidfeld was dropped three grid places for blocking and Barrichello was fined €10,000 for an unsafe pit lane entry as he did not use the deceleration zone.
The second qualifying session was led by Felipe Massa, with Kovalainen and Räikkönen in second and third place. Hamilton barely managed to reach the third session, after a driving mistake during his penultimate run. Fernando Alonso was eliminated early in this session when his car suffered a fuel feed problem before he could set a lap time. The other drivers who failed to reach the top ten were Jarno Trulli, Jenson Button and both Red Bulls of Mark Webber and David Coulthard.
Massa took the pole position in the final session, with Hamilton, Räikkönen and Kubica completing first two rows of the grid. Massa secured his position by clocking lap time six-tenths faster than Hamilton, describing it as his best qualifying result of the season. Kovalainen, managing fifth position, rued his tyre selections in the final session. Kovalainen, Heidfeld, Vettel and Glock occupied the third and fourth rows of the grid while the Williams' of Rosberg and Nakajima completed the top ten.


=== Race ===

The race began at 20:00 SST. During the warm-up lap, Piquet spun out at Turn 23, but immediately recovered and took his position on the grid. At the start, Massa, championship rival Hamilton and Räikkönen all got through the first sequence of corners safely and retained their positions. Kubica and Kovalainen made contact at Turn 3, causing Kovalainen to lose two places to Vettel and Glock. Heidfeld and Alonso cut the first corner but they did not receive any penalty. Massa began to edge away from Hamilton, who in turn was pulling away from Räikkönen. Jarno Trulli had begun the race on a heavy fuel load, and soon was holding up a number of cars with Williams's Nico Rosberg immediately behind him. It was not until the seventh lap that Rosberg finally passed Trulli's Toyota, and soon Nakajima and Alonso got through as well.

After ten laps, Massa had built up a lead of over three seconds to Hamilton and Räikkönen was a further seven seconds behind Hamilton. On lap twelve, Alonso was the first driver who came into the pits. He switched his super-soft tyres for the soft compound tyres and rejoined at the back of the field. Two laps later, teammate Piquet lost control of his car and hit the wall at Turn 17, blaming his hard tyres for the accident. This resulted in the first safety car period of the race. The two Red Bull cars and Rubens Barrichello managed to come into the pits before it was closed. With very little fuel left, Rosberg and Kubica had no choice but to pit despite the pit lane being closed. Barrichello's Honda then had a mechanical failure and became the second retirement of the race. After all the cars were behind the safety car, the pit lane was opened and nearly all the drivers pitted.
In the pits, Ferrari prematurely released Massa with the fuel hose still attached to the car. The Brazilian was also released into the path of Adrian Sutil, who narrowly avoided the Ferrari. Massa went the full length of the pitlane before stopping just before the exit. Massa rejoined at the back of the field after the Ferrari mechanics ran down the pitlane and removed the hose from the car. Cars who had either pitted before the safety car or were on one stop strategies were now in front. Rosberg now led from Trulli, Fisichella, Kubica, Alonso, Webber, Coulthard and Hamilton.

Rosberg started to pull away from the heavily fuelled Trulli and Fisichella's Force India, who held up most of the field behind him. In the next few laps, Felipe Massa was given a drive through penalty for an unsafe release from the pits while Rosberg and Kubica were given 10 second stop-go penalties for refuelling when the pitlane was closed. The Ferrari driver served his penalty and rejoined the track still in last place. Kubica came into the pits from fourth and dropped behind Massa. After building a lead of over fifteen seconds to Trulli, Rosberg served his penalty a lap later but only lost three positions. He rejoined the circuit in fourth behind Alonso and Jarno Trulli took over the lead.

A lap later, Fisichella came in from second to make his only pit stop, moving Alonso and Rosberg into second and third. Trulli led the race for four more laps before making his only stop of the night, handing the lead to Alonso. He soon pulled away from Rosberg who pitted from second on lap 41, rejoining in seventh. Alonso made his final stop a lap later but still rejoined in the lead, just ahead of second and third placed Coulthard and Hamilton. Coulthard lost momentum and the McLaren overtook the Red Bull at turn seven. At the end of the lap, both cars pitted and Coulthard nearly left with his fuel hose attached.
Mark Webber retired on lap 29 with a gearbox issue. His team Red Bull Racing later claimed that a momentary electrical surge caused by a passing underground tram made the gearbox select two gears at once. The incident occurred in Turn 13. A tram line goes right underneath that section of the race track. These allegations were later denied by the city-state's railway operator.
After 45 laps, Alonso led Timo Glock by just over six seconds and Rosberg by a further eleven seconds in third. The Toyota driver pitted two laps later, rejoining in fifth. Four laps later, Trulli began to slow down and soon retired after a mechanical failure. On the same lap, Räikkönen made his second and final stop of the race and rejoined in fifth. A lap later, Massa spun at Turn 18 and lightly tapped the tyre wall without sustaining much damage. Moments later, Sutil fell victim to the same corner and damaged his front suspension, becoming the fifth retirement of the night. The incident brought out the second safety car period of the race.
The safety car withdrew from the circuit with nine laps remaining and Alonso pulled away from Rosberg and Hamilton. Glock, Räikkönen, Vettel, Heidfeld and Coulthard (ultimately, claiming points for the final time) were in the remaining points positions. Rosberg was coming under pressure from Hamilton, who was looking to capitalize on Massa's incidents. With four laps remaining, Räikkönen bounced off the kerbs at the Turn 10 chicane and crashed into the barriers while chasing Glock, promoting Nakajima into the points. Alonso maintained his lead over Rosberg and took his first win for Renault since his return to the team. Rosberg held on to second and Hamilton settled for third. Massa finished in 13th place and the points difference between himself and Hamilton increased to seven points and McLaren took over the lead in the Constructors' Championship. With teammate Räikkönen failing to finish, this was the first time the Ferrari team had failed to score any points in a race since the 2006 Australian Grand Prix. Räikkönen recorded his tenth fastest lap of the season during the race, tying his own record that he shared with Michael Schumacher. Heidfeld broke Schumacher's record, being classified for the 25th consecutive race.


=== Post-race ===

Fernando Alonso credited his success to the team's strategy and bit of luck. He said that the team chose a two-stop strategy with a short initial stint as opposed to a one-stop strategy, considering the difficulties of overtaking on the track and possibility of brake problems. Nico Rosberg was pleased with his career best result, although he recalled when he thought his efforts for a good finish might have been in vain after being given a stop-and-go penalty. He mentioned that he had to come in for the pit stops on the same lap that the safety car came out, and admitted that he was annoyed with the penalty. Hamilton said that he tried to get close to Rosberg towards the final laps, after the second safety car period; however, seeing that overtaking was extremely risky, he decided against it, considering that neither of the Ferraris was going to score.
Ferrari team principal Stefano Domenicali said that the reason for Massa's pit incident was not the electronic signalling system but a human error. He defended the electronic system saying that the system saves any reaction time for the driver as opposed to a standard ""lollipop"" system, and considering it was a human error, the incident may have happened with a lollipop as well.
Toyota filed a protest against Toro Rosso for releasing Sebastian Vettel in Timo Glock's path during their first pit stops under the safety car; however, the stewards rejected Toyota's plea.
In the Drivers' Championship, Lewis Hamilton's third place moved him seven points clear of Felipe Massa on 84 points. With both Ferrari drivers failing to score, McLaren took over the lead in the Constructors' Championship on 135 points. Fernando Alonso's victory meant that Renault overtook Toyota for fourth place in the constructors standings.


== Reactions ==
The international media and many of those directly involved in Formula One praised the staging of the SingTel Singapore Grand Prix highly. Fears which were previously expressed about the weather, visibility, and narrow nature of the circuit itself all proved unfounded. Organisation of the event itself was widely deemed to be impeccable as the ushering, transport, and security services all ran like clockwork. The drivers complained about how bumpy the track was, particularly off the racing line, which made overtaking difficult on a street circuit hemmed in by barriers.
Formula One's then-commercial rights holder Bernie Ecclestone heralded the Singapore Grand Prix as the ""new jewel in the Formula One sports crown"", a phrase often used to describe the Monaco Grand Prix circuit. He described Singapore as an example to follow and would make people reconsider their opinions of Asia.

For years I've been saying go East, not West. When you think about it, most parts of Asia where people have visited, they sort of put everything in one basket – 'Singapore is the same as India, Malaysia and Thailand'. That's how they feel because they don't know any better. Hopefully this will open people's eyes and they'll say, my God, Singapore really is alive and well.
Several other prominent Formula One personalities were quoted as saying:

The guys here have done an absolutely unbelievable job. The effort that has gone into this circuit in the last 12 months is nothing short of phenomenal. I think of the spectacle of a night race, but not only have we got a night race, we have also got a great circuit, a really challenging circuit. They have just raised the bar considerably for a new circuit and the spectacle of racing at night in a big city such as Singapore is really exciting.
It has a good chance of challenging Monaco for being the jewel in the crown of Formula One. That is the most accurate thing to say. They have great weather, a very good track and the grandstands packed. I think there is a lot of enthusiasm out there.
It is not just a new experience, it is a real big step in the history of grand prix racing because it has been done so well. Everything has been proven now and we can take this model and apply it to anywhere in the world – either to bring to Europe the race at a time when people watch it, or even within Europe to make it more spectacular.
I think it is a big, big step forward for Formula One. The pictures, the atmosphere is really one of a kind and this gives a completely new experience to all the viewers worldwide but also to the spectators. That is very positive and the whole scenery I think is unreal. It is like in a movie and I think it is a big, big step. I think Bernie pushed very hard, so thanks to him.
The most impressive thing for me is what an amazing job they have done here in Singapore to prepare the circuit. I cannot particularly fault it. I think they did a tremendous job, so I feel everyone deserves a real pat on the back because it is really impressive.
Of course, when you race on a track that would work better as a circus rink or something along those lines, anything can happen, because the real show was put on yesterday by the safety car. This is humiliating for the F1 world. During the next few weeks, I would like discuss this with all the other teams.
Locally, Sunday's Formula One night race on the local MediaCorp TV Channel 5 drew more viewers than the Beijing Olympics opening ceremony in the previous month, becoming the highest-rated programme for the year. The average ratings for Sunday's race were 17.8 per cent, or 789,000 viewers, as compared to 17.3 per cent (765,000 viewers) for the opening of the Beijing Games. The world's inaugural Formula One race under floodlights is reported to have been watched by an estimated global TV audience of about 400 million.


== FIA investigation and aftermath ==

During the race, Renault F1 driver Nelson Piquet Jr. crashed on lap 15, which at the time he attributed to how difficult the car was to drive on heavy fuel. At the time, his Renault teammate Fernando Alonso was one of four drivers to have pitted for fuel (the other three being the Honda of Rubens Barrichello, and the two Red Bulls of Mark Webber and David Coulthard), hindering all others who have not, thus facilitating Fernando Alonso's victory at the end of the race. After Piquet, Jr. left Renault in August 2009, allegations surfaced that this crash had been deliberate, to give an advantage to Alonso. Following a Fédération Internationale de l'Automobile (FIA) investigation in which Piquet, Jr. stated he had been ordered by Renault team principal Flavio Briatore and engineer Pat Symonds to stage the crash, on 4 September 2009 Renault were charged with conspiracy and race fixing, and were due to face the FIA World Motor Sport Council in Paris on 21 September 2009. Initially, Renault and Briatore stated they would take legal action against Piquet, Jr. for making false allegations; before the 21 September meeting, Renault announced they would not contest the charges and that Briatore and Symonds had left the team.


== Classification ==


=== Qualifying ===

^1  – Nick Heidfeld was penalised three grid positions for impeding Rubens Barrichello during first qualifying session.
^2  – Giancarlo Fisichella started the race from the pit lane.


=== Race ===


== Championship standings after the race ==

Note: Only the top five positions are included for both sets of standings.
Bold text and an asterisk indicates competitors who still had a theoretical chance of becoming World Champion.


== References ==


== External links ==

Official results from FIA"
33,2008,16,16,Japanese Grand Prix,2008-10-12,http://en.wikipedia.org/wiki/2008_Japanese_Grand_Prix,"The 2008 Japanese Grand Prix (officially the 2008 Formula 1 Fuji Television Japanese Grand Prix) was a Formula One motor race held on 12 October 2008, at the Fuji Speedway, Oyama, Japan. It was the 16th race of the 2008 Formula One World Championship. Fernando Alonso for the Renault team won the 67-lap race from fourth position on the starting grid. Robert Kubica finished second for BMW Sauber, and Kimi Räikkönen third for Ferrari.
Lewis Hamilton, the eventual Drivers' Champion, led the Championship going into the race, and started from pole position alongside Räikkönen. Hamilton's McLaren teammate Heikki Kovalainen began from third, next to Alonso. At the first corner Hamilton braked late, forcing Räikkönen wide. Hamilton was later given a penalty, and was criticised by the British racing press for overaggressive driving. Ferrari driver Felipe Massa, Hamilton's principal Championship rival, was penalised after an incident on lap two in which he touched Hamilton's car, causing it to spin. The incident dropped Hamilton to the back of the field, from where he was unable to regain a points scoring position. Massa later collided with Sébastien Bourdais of Toro Rosso. Bourdais was penalised after the race, and demoted from sixth to tenth position. The penalty prompted widespread criticism from the racing media and ex-drivers.
The victory was Alonso's second consecutive win; he started from 15th on the grid to win the Singapore Grand Prix two weeks prior. Kubica held off a determined attack from Räikkönen in the closing laps to take second place. Massa's seventh place narrowed his gap to Hamilton in the Drivers' Championship to five points. Ferrari established a seven-point lead over the McLaren team in the Constructors' Championship, with two races of the season remaining.


== Background ==
The 2008 Japanese Grand Prix was the 16th round in the 2008 Formula One World Championship and took place on 12 October 2008, at the 2.835 mi (4.562 km) Fuji Speedway, in Oyama, Japan. The Grand Prix was contested by 20 drivers, in ten teams of two. The teams, also known as ""constructors"", were Ferrari, McLaren-Mercedes, Renault, Honda, Force India, BMW Sauber, Toyota, Red Bull Racing, Williams and Toro Rosso.
Prior to the race, McLaren driver Lewis Hamilton led the Drivers' Championship with 84 points, and Ferrari driver Felipe Massa was second with 77 points. Behind them in the Drivers' Championship, Robert Kubica was third with 64 points in a BMW Sauber, and Massa's Ferrari teammate Kimi Räikkönen was fourth with 57 points. Kubica's teammate Nick Heidfeld was fifth with 56 points. In the Constructors' Championship, McLaren–Mercedes were leading with 135 points, one point ahead of their rivals Ferrari, whom they had overtaken at the previous race. BMW Sauber were third with 120 points. In the battle for fourth place, Renault had 51 points, five points ahead of Toyota.
A botched pit stop at the Singapore Grand Prix had demoted Massa from first position to the back of field. Ferrari decided to give up pitstop light system and revert to the commonly used lollipop man. With three races remaining in the Championship and a seven-point deficit, Massa remained confident about his title chances: ""If you look at what happened to me in Singapore where my gap went from one point to seven so suddenly, then you have to consider it could easily go the other way as well."" Hamilton emphasised the value that a conservative racing strategy could hold for his title chances:

I actually think Singapore was a good learning experience: there was less pressure to achieve a victory because of the unusual circumstances, which meant I was actually able to start thinking of the world championship. I hate driving for points, but I think we can all see the benefit of that approach at the moment.

Fernando Alonso's victory at the Singapore Grand Prix was his first Formula One win since rejoining the Renault team, after driving for McLaren in 2007. After qualifying in 15th and making an early pit stop, Alonso had managed to jump to the front of the race when his teammate Nelson Piquet Jr. crashed. Left with no opportunity to pit, the frontrunners had to delay their stops until the damage was cleared, allowing the heavily fuelled Alonso to move to the front once they did so. Though Alonso questioned whether his Renault team could match the pace of Ferrari and McLaren at Fuji, he said ""We must remain focussed and try to repeat our level of performance from Singapore to fight at the front."" Renault's technical director Bob Bell said that the team's improvement from the start of the season was encouraging, but ""we recognise that we're not going to overhaul McLaren and Ferrari this season"". Bell said that the objective for the last races was to win more Grands Prix and, importantly, secure fourth position in the Constructors' Championship from Toyota.
The Fédération Internationale de l'Automobile (FIA), the sport's governing body, launched the Formula One component of their Make Cars Green campaign at the Japanese Grand Prix. For the weekend, the grooves in the tyres were painted green to promote environmentally friendly driving. FIA president Max Mosley said ""The FIA is determined to ensure that future investment in motor sport will also help drive the development of technologies that will benefit the public at large."" As is normal for a Formula One race, Bridgestone brought two different tyre compounds to the race; the softer of the two marked by a single white stripe down one of the grooves.


== Practice ==

Three practice sessions were held before the Sunday race—two on Friday, and a third on Saturday. The Friday morning and afternoon sessions each lasted 90 minutes. The third session was held on Saturday morning and lasted an hour. The Friday sessions were held in dry and sunny conditions. Hamilton was quickest in the first session, with a time of 1:18.910 that was less than two-tenths of a second faster than Massa. McLaren driver Heikki Kovalainen was just off Massa's pace; Räikkönen, Alonso and Piquet rounded out the top six, still within a second of Hamilton's time. In the second practice session, Timo Glock, of Toyota, was fastest with a time of 1:18.383, ahead of Alonso, Hamilton, Massa, Räikkönen and Red Bull driver Mark Webber. The top seventeen drivers set times within a second of Glock's fastest lap, indicating a competitive field. Honda tried the new traffic light system, to inform the driver when to pull away from their pitstop, for the first time. The Saturday morning session was held on a damp track, where grip was poor and many drivers were forced to use the run-off areas after sliding off the track. Kubica was quickest with his final lap of the session at 1:25.087; Glock, Piquet, Nick Heidfeld of BMW, Kazuki Nakajima of Williams, Red Bull driver David Coulthard, and Massa rounded out the top seven positions. Hamilton managed only eleventh, but was ahead of Kovalainen and Räikkönen, in 16th and 17th positions, respectively. Both Adrian Sutil and Giancarlo Fisichella of Force India spent most of the session in their garage, suffering numerous mechanical problems.


== Qualifying ==
The qualifying session on Saturday afternoon was split into three parts. The first part ran for 20 minutes, and cars that finished the session 16th or lower were eliminated from qualifying. The second part of qualifying lasted 15 minutes and eliminated cars that finished in positions 11 to 15. The final part of qualifying determined the positions from first to tenth, and decided pole position. Cars which failed to make the final session could refuel before the race, so ran lighter in those sessions. Cars which competed in the final session of qualifying were not allowed to refuel before the race, and as such carried more fuel than in the previous sessions.

Hamilton clinched his sixth pole position of the season with a lap time of 1:18.404. He was joined on the front row by Räikkönen, who was fastest for most of the final session. Provisionally sitting in third as the session drew to a close, Massa was pushed back to fifth as Kovalainen and Alonso put in last-minute laps to fill the second row of the grid. Kubica took sixth place, ahead of both Toyota cars of Jarno Trulli and Glock and the Toro Rossos of Sebastian Vettel and Sébastien Bourdais. Coulthard bettered teammate Webber when he qualified 11th; Piquet split the Red Bull drivers in 12th. The only Japanese driver in the field, Nakajima, managed 14th ahead of his Williams teammate Nico Rosberg. Heidfeld could only achieve 16th place, ten places behind his BMW teammate Kubica. Heidfeld spent the majority of the first session struggling with the set-up of his car. The Honda cars of Rubens Barrichello and Jenson Button filled the ninth row in front of the constructor's home crowd. The Force Indias qualified last; Sutil comfortably outqualified his teammate Fisichella by 0.8 seconds, to sit in 19th place.


=== Qualifying classification ===


== Race ==

The conditions on the grid were dry before the race. The air temperature was 16 °C (61 °F) and the track temperature was 21 °C (70 °F); conditions were expected to remain consistent throughout the race. Most of the frontrunners began the race on the harder compound tyre; only Massa was using the softer option. The attendance on the day of the Grand Prix was 105,000 people. Räikkönen accelerated faster than Hamilton off the line, getting ahead of him down the first straight, but the McLaren driver pulled into the Ferrari's slipstream, before swerving to overtake Räikkönen in the inside of the corner. Going into the first corner, Hamilton badly locked-up his front wheels while braking and ran wide; although there was no contact, Räikkönen was also forced wide in avoidance. This was then followed by contact with Kovalainen, which  finally forced  Räikkönen off the track. All three drivers dropped back down the field as a result of the incident. Kubica took the lead ahead of Alonso and Kovalainen after the corner, avoiding collisions as other cars locked their tyres on the cold track. Fisichella drove into the back of Barrichello, scattering carbon fibre over the track. Coulthard collided with Bourdais and then Piquet, sustaining suspension damage and sliding into the barriers after turn two. Nakajima left the track trying to avoid Coulthard, although he managed to rejoin after losing his front wing. The Japanese driver made a pit stop at the end of the lap for a new wing.

At the end of the first lap, Kubica led from Alonso, Kovalainen, Trulli, Massa, Hamilton and Räikkönen. On lap two, Massa braked late into the chicane at turn 10, briefly letting Hamilton past, before running over the kerbs on the exit from the corner and hitting the McLaren driver's car. Hamilton was spun round by the contact and made a pit stop at the end of the lap for new tyres and more fuel, which dropped him to 18th place. Massa continued in seventh place. On lap eight Räikkönen passed Trulli into turn 10 to take fourth position. In third place, more than a second ahead of the Ferrari driver, Kovalainen set a new fastest lap of 1:19.258 on lap 12 to which Räikkönen responded with a 1:19.193 four laps later. Two more drivers joined Coulthard in retirement before the first round of fuel stops: Glock made a pit stop on lap five and again on lap six, before retiring because of handling difficulties resulting from a broken seat fixing; Sutil retired on lap nine with a puncture caused by running over carbon fibre shards.
On lap 17, Massa and Hamilton were given drive-through penalties, Massa for colliding with Hamilton and Hamilton for forcing Räikkönen off the track into turn one. Hamilton took his penalty immediately. Massa made a pit stop for fuel and tyres on the next lap, before coming into the pit lane again on lap 20 to serve his penalty, which dropped him to 14th place, one place ahead of Hamilton. Meanwhile, Kubica and Räikkönen made pit stops on lap 17 for tyres and fuel. On the same lap, Kovalainen pulled over to the side of the track with engine problems and retired from the race. Alonso made a pit stop on lap 18, emerging ahead of Kubica to take the provisional lead, with cars in front still to pit. Trulli, Vettel and Bourdais made pit stops over the following six laps. Fisichella retired from the race with gearbox problems on lap 21. Piquet took his first pit stop on lap 28, emerging ahead of Bourdais as Alonso opened the gap on Kubica to 7.8 seconds. Massa overtook Button to take 12th position one lap later.

Alonso lapped consistently in the low 1:19 range, setting the new fastest lap of the race on lap 41, a 1:19.101, to extend his lead over Kubica to more than 12 seconds. Räikkönen was five seconds behind Kubica in third. Alonso made a pit stop for the second time on lap 43 and changed to the softer compound tyre. Kubica, complaining of understeer over the team radio, made his second stop on lap 46, two laps ahead of Räikkönen. Trulli, Bourdais, Vettel and Piquet made pit stops over the next five laps, their teams giving them sufficient fuel to finish the race. As Bourdais exited the pit-lane in seventh place on lap 51, Massa, who was eighth, but yet to make his final pit stop, attempted to pass him and the two cars collided at the first corner. Massa spun, but rejoined the race behind Bourdais. Three laps later, the stewards announced that they were investigating the incident, and would make their decision after the race. On lap 52, Räikkönen attempted to pass Kubica on the approach to turn one after drafting behind him up the straight, but Kubica drove right as a blocking manoeuvre, braked late, and defended his position. On the following lap Kubica attempted to replicate his block, but Räikkönen out-braked him into turn one, and the two drew alongside. Kubica held the inside line on the turn three left-hander, and drove the racing line as Räikkönen left the track at the run-off area. Räikkönen then rejoined behind the BMW driver. Kubica faced similar challenges from Räikkönen over the next two laps into turn one, but he successfully defended his position.

Massa made a pit stop on lap 53, and rejoined behind Heidfeld in tenth. He subsequently set the fastest lap of the race on lap 55, a 1:18.426. Meanwhile, Piquet was able to close the gap on Räikkönen to under a second, before losing time by running wide at turn five on lap 60. Massa passed Heidfeld for ninth on the same lap, and began closing in on Webber. On lap 65, Massa drafted down the straight and attempted to pass Webber, who defended his position by driving to the right. Crossing the track boundary into the end of the pit-lane, Massa managed to pass Webber, and out-braked him into turn one, to take eighth place. Alonso crossed the finish line on lap 67 to take his second win of the season, five seconds ahead of Kubica. Räikkönen was third, ahead of Piquet, Trulli, Bourdais, Vettel and Massa. Webber took ninth on the line, ahead of Heidfeld, who struggled with a heavy car and failed to improve on a poor qualifying performance. Rosberg finished in front of Hamilton, in 11th. Barrichello and Button took the next two positions; both drivers blamed their Honda cars for their uncompetitive performance at the Fuji circuit. Nakajima finished last, in 15th, unable to recover after his forced pit-stop early in the race.


=== Post-race ===

The top three finishers appeared in the subsequent press conference where Alonso said that the decision to run a shorter second stint than Kubica (between the first and second pit stops) was his decision: ""Sometimes you can do it, sometimes you can't but today the car was perfect and I was able to do it."" Alonso added that he had confidence in the car to perform at the remaining Grands Prix: ""The feeling I have now is that we can do anything"". Kubica said that his second-placed finish was better than his win at the Canadian Grand Prix earlier in the season. He added that to finish on the podium after BMW Sauber's failure to improve the car from the beginning of the season was a ""great result for the team in, I think, a very difficult moment"". Räikkönen said that he was ""a bit disappointed because being in first place in the first corner but then being pushed out didn't help and being in the front could have given us a better result but anyhow, that's racing"". He added that Kovalainen's impact with him at the first corner had caused handling difficulties in his car, which left him unable to improve on his third-placed finish.
Forty minutes after the race, Bourdais received a 25-second penalty from the stewards for his collision with Massa on lap 50. This demoted him from sixth to tenth, and promoted Massa to seventh, giving him one more Championship point. Bourdais blamed Massa for the incident:

I did everything I could not to run into him and he just squeezed and turned and behaved like I didn't exist, like I wasn't there. What am I supposed to do? ... It's just a little bit of respect, you give each other room and then everything goes right, but if you don't for sure it's going to be an incident.

Massa denied responsibility, and agreed with the stewards' decision: ""I think there's little to say: I had already entered the turn and he hit me from behind, spinning me round."" The penalty was largely criticized in the media. GrandPrix.com called the penalty ""bizarre"", saying that Bourdais ""could not just disappear"". James Allen of ITV said that in light of FIA race director Charlie Whiting's announcement prior to the race, which indicated that cars exiting the pit-lane would have right of way, the penalty was ""ridiculous"". French sporting newspaper L'Équipe criticized the stewards for their intervention, saying that both drivers held their lines and the collision was just a racing incident. Mark Blundell, who drove in Formula One for five years, called for former drivers to be part of the stewards meetings which award penalties: ""You can examine pieces of paper, graphs, telemetry, but you don't know what's going on in a driver's brain until you've experienced it."" Blundell's suggestion eventually became fact – the 2010 season introduced a system whereby a former Formula One driver acted as a steward during each Grand Prix.
Lewis Hamilton was criticized for his aggressive drive into the first corner by much of the British press. Edward Gorman of The Times described Hamilton's move as ""impetuosity and untamed aggression"", adding that Hamilton ""gambled with a kamikaze attempt to get past Räikkönen"". The BBC's Andrew Benson said that ""Hamilton is still in a strong position but the Englishman will have to cut out the mistakes that have characterised his season if he is not to lose the championship for the second year in a row."" In Italy, La Gazzetta dello Sport said that Hamilton's start suffered from ""his usual excessive aggression"". Hamilton said ""I made a mistake and I paid for it.""
Massa's touch on Hamilton's car on lap two was labelled by the McLaren driver ""as deliberate as it could be"". Massa rejected the allegation, saying ""I had two wheels on the gravel. I could not stop the car and I was on the gravel because he pushed me into the gravel."" Media coverage of the incident suggested that though the contact was Massa's fault, it was unintentional. Simon Arron, writing for The Daily Telegraph, said Hamilton's accusation of deliberate contact was ""unworthy and unwise"", adding that the contact was simply a racing incident. The gap between the drivers in the Drivers' Championship after the race stood at five points, in Hamilton's favour, with two races remaining. In the Constructors' Championship, McLaren's failure to score points, combined with Ferrari's third and seventh, moved Ferrari to a seven-point lead.


=== Race classification ===

^1  – Sébastien Bourdais was given a 25-second penalty for colliding with Massa.


== Championship standings after the race ==

Note: Only the top five positions are included for both sets of standings.
Bold text and an asterisk indicates competitors who still had a theoretical chance of becoming World Champion.


== References ==


== External links ==

Official FIA results"
34,2008,17,17,Chinese Grand Prix,2008-10-19,http://en.wikipedia.org/wiki/2008_Chinese_Grand_Prix,"The 2008 Chinese Grand Prix (officially the 2008 Formula 1 Sinopec Chinese Grand Prix) was a Formula One motor race held on 19 October 2008 at the Shanghai International Circuit. It was the 17th and penultimate race of the 2008 Formula One World Championship. Lewis Hamilton for the McLaren team won the 56-lap race from pole position. Ferrari driver Felipe Massa finished second, and Kimi Räikkönen was third in the other Ferrari.
Hamilton, the eventual Drivers' Champion, led the Championship going into the race, and started from pole position alongside Räikkönen. Second in the Drivers' Championship, Massa began from third, next to Fernando Alonso of Renault. The first three drivers retained their positions into the first corner, but Alonso was passed by Hamilton's McLaren teammate Heikki Kovalainen.  Alonso, however, was able to regain the place midway through the first lap. Over the course of the race, Hamilton extended a considerable lead over the two Ferraris. Massa passed Räikkönen with seven laps remaining, to improve his chances of surpassing Hamilton's points tally at the final race in Brazil.
The result extended Ferrari's lead over McLaren in the Constructors' Championship from seven to 11 points. Third-placed in the Drivers' Championship, Robert Kubica's sixth place at the Grand Prix eliminated his hopes of winning the Championship, and reduced his lead over fourth-placed Räikkönen to six points. Nelson Piquet Jr. scored his last world championship points at this race.


== Background ==
The Grand Prix was contested by 20 drivers, in ten teams of two. The teams, also known as ""constructors"", were Ferrari, McLaren-Mercedes, Renault, Honda, Force India, BMW Sauber, Toyota, Red Bull Racing, Williams and Toro Rosso. As is normal for a Formula One race, Bridgestone brought two different tyre compounds to the race; the softer of the two marked by a single white stripe down one of the grooves.
Prior to the race, McLaren driver Lewis Hamilton led the Drivers' Championship with 84 points, and Ferrari driver Felipe Massa was second with 79 points. Behind them in the Drivers' Championship, Robert Kubica was third with 72 points in a BMW Sauber, and Massa's Ferrari teammate Kimi Räikkönen was fourth with 63 points. Kubica's teammate Nick Heidfeld was fifth with 56 points. In the Constructors' Championship, Ferrari were leading with 142 points, seven points ahead of their rivals McLaren–Mercedes, whom they had overtaken at the previous race. BMW Sauber were third with 128 points. In the battle for fourth place, Renault had 66 points, now 16 points ahead of Toyota.
At the previous race in Japan, the gap between Hamilton and Massa had closed by two points. Hamilton had started from pole position ahead of Räikkönen, but had a poor start. At the first corner he braked late, and forced Räikkönen wide. He was later given a penalty, which dropped him down the field from where he was unable to recover to a points scoring position. Massa also received a penalty for a collision with Hamilton on the second lap, but was able to finish in seventh position. The British press described Hamilton's move as ""impetuosity and untamed aggression"", saying that the McLaren driver would have to adopt a more conservative race strategy in China. For his part, Hamilton said that he would be taking no risks:

We will approach it the same as always. We won't be taking risks, but we will be attacking as much as we can to win the race. If I'm in a position where we are looking to gain good points, and it's an unnecessary risk to make a manoeuvre, then I won't be doing that. It's always important to be fast, but it's not necessarily the fastest car that wins. Being fast is great for positioning, and maybe getting out in front, and then afterwards trying to stay calm.
With ten points on offer for the winner of the Grand Prix, it was possible that Hamilton would clinch the Championship in Shanghai. Massa remained confident, saying that the race was just like any other: ""You have a pressure but it is a different pressure, but you have always the pressure on your side.""
Renault driver and two-time Championship winner Fernando Alonso created controversy when he said ""if I can help, I will help Massa."" Alonso's departure from McLaren after driving for the British team in 2007 had been acrimonious, and Alonso's dislike for the rookie Hamilton was well documented. Talking about Hamilton's penalty in Japan, Alonso said ""I don't know what he did, but it's good he's punished anyway."" Hamilton refused to be drawn into the controversy: ""I don't particularly have an opinion on it,"" he said, adding that he was interested only in his own race.


== Practice ==

Three practice sessions were held before the Sunday race—two on Friday, and a third on Saturday. The Friday morning and afternoon sessions each lasted 90 minutes. The third session was held on Saturday morning and lasted an hour. All three sessions were held on a dry track. Hamilton was fastest in the first session with a time of 1:35.630, 0.39 of a second ahead of Massa, who was next quickest. Räikkönen, Heikki Kovalainen of McLaren, Kubica, Alonso and Heidfeld rounded out the top seven. Sébastien Bourdais of Toro Rosso was eighth, having been quickest early in the session. Renault driver Nelson Piquet drove into the gravel beside the pit-lane entry, though managed to rejoin. Hamilton was again quickest in the second session; his early time of 1:35.750 was the fastest of the afternoon. The Renaults were next quickest, ahead of Jarno Trulli of Toyota, Red Bull driver Mark Webber, Massa, Bourdais and Räikkönen. Bourdais spun off at turn two late in the session and beached his car in the gravel. Heidfeld was fastest in the final session with a time of 1:36.061, ahead of Hamilton, Kubica and Kovalainen. Massa, Räikkönen and Alonso lacked pace, and failed to make the top ten. Webber stopped late in the session when his engine failed on the back straight, requiring an engine change before qualifying. This would give him a ten-place penalty on the grid.


== Qualifying ==
The qualifying session on Saturday afternoon was split into three parts. The first part ran for 20 minutes, and  cars that finished the session 16th or lower were eliminated from qualifying. The second part of qualifying lasted 15 minutes and eliminated cars that finished in positions 11 to 15. The final part of qualifying determined the positions from first to tenth, and decided pole position. Cars which failed to make the final session could refuel before the race, so ran lighter in those sessions. Cars which competed in the final session of qualifying were not allowed to refuel before the race, and as such carried more fuel than in the previous sessions.

Hamilton clinched his seventh pole position of the season with a time of 1:36.303. He was joined on the front row of the grid by Räikkönen, who qualified 0.342 seconds behind Hamilton's time. Massa took third place, needing a good result to retain the possibility of a Championship victory. Alonso qualified in fourth ahead of Kovalainen, who took fifth after struggling for tyre grip during the final session. Webber was sixth fastest in the final session, but was demoted to 16th on the grid as a result of his penalty. Heidfeld originally qualified sixth, but was penalised three positions for impeding Red Bull driver David Coulthard in the first session. As a result, Toro Rosso driver Sebastian Vettel inherited sixth position, ahead of Trulli and Bourdais. Piquet took tenth position. Kubica's eleventh placing was his worst qualifying result to that point in the season, struggling with his car's set-up throughout his two sessions. Rubens Barrichello of Honda took 13th behind Timo Glock of Toyota, to reach the top 15 for the first time in ten races. Williams driver Nico Rosberg took 14th on the grid. Coulthard failed to move beyond the first session; the Red Bull driver qualified in 15th and blamed Heidfeld for his poor performance. Kazuki Nakajima of Williams, Jenson Button of Honda and the Force Indias of Adrian Sutil and Giancarlo Fisichella would line up on the back two rows of the grid.


=== Qualifying classification ===

^1  – Mark Webber dropped 10 places on the grid after an unscheduled engine change.
^2  – Nick Heidfeld penalised three grid positions for impeding David Coulthard during first qualifying session.


== Race ==

The conditions on the grid were dry before the race. The air temperature was 27 °C (81 °F) and the track temperature was 30 °C (86 °F); weather forecasts suggested a small possibility of rain. Hamilton and Alonso began the race on harder compound tyre; both Ferraris opted for the softer compound. Hamilton accelerated faster than the Ferraris off the line, and retained his lead into the first corner. Kovalainen overtook Alonso to take fourth in the opening corners. However, Alonso pushed Kovalainen hard through the middle sector of the lap, and passed him at the turn 14 hairpin after drafting the McLaren along the back straight. At the end of the first lap, Hamilton led from Räikkönen, Massa, Alonso and Kovalainen. Heidfeld was able to move from ninth on the grid to take sixth, after Bourdais drove into the back of Trulli at the first corner. Bourdais dropped back to 18th; Trulli pitted at the next opportunity as a result of the damage and retired after the second lap.

Webber was able to climb from 16th on the grid to take 12th behind Glock, and passed the Toyota on the second lap. Kubica, further up the field, improved on his grid position, moving from 11th to take eighth behind Vettel. However, Hamilton was the quickest on track, as he set new fastest laps on laps three, six and eight, to extend his lead over Räikkönen to more than four seconds. This trend continued until lap 10 when Räikkönen fought back and closed the gap. However, Hamilton extended his lead when he set the fastest lap of the race, a 1:36.325 on lap 13. In the other McLaren, Kovalainen was struggling, running two seconds a lap slower than Hamilton, and dropping back from Alonso to Heidfeld.
The Red Bull of Mark Webber was the first to pit, on lap 12. Webber had passed Barrichello and Piquet in separate manoeuvres to take ninth, but his pit stop dropped him back down to 18th position. Massa and Alonso came in to pit on lap 14, from third and fourth. Kovalainen took the lead of the Grand Prix when Hamilton and Räikkönen paused their battle to take harder tyres and fuel on lap 15. By the time Kovalainen and Heidfeld had pitted on laps 17 and 18, Hamilton had established a commanding lead: 6.9 seconds over Räikkönen and 14.1 seconds over Massa. Räikkönen began to pull back Hamilton's lead over the next ten laps, before losing 1.4 seconds on lap 30.

At the back of the race, Bourdais began a slow climb back up the field. The Toro Rosso driver passed Sutil (who later spun out and retired with a gearbox problem), Nakajima and Coulthard, to sit in 15th by lap 30. Rosberg fought Glock for 12th, until he passed the Toyota at the turn 14 hairpin on lap 12. Rosberg's pit stop relegated him to 18th, dropping six places. Kubica pitted late, on lap 25, dropping from third to ninth, one position outside of the points.

Kovalainen suffered a puncture on lap 35. The McLaren limped around the track back to the pit lane on the disintegrating tyre, rejoining in 17th on a replacement. Alonso, Massa, Hamilton and Räikkönen all pitted for the final time over laps 36 to 38. Coming out of the second round of pit stops, Hamilton led Räikkönen by 13 seconds, Räikkönen more than 2.5 seconds ahead of Massa. The gap between the Ferraris began to close, and Massa eased past Räikkönen on the back straight on lap 49, to take second place on the track. Meanwhile, Kovalainen parked his car in the McLaren garage and retired from the race, his team not taking any chances with a problem which had developed with the engine's hydraulics.
Hamilton took his fifth win of the season when he crossed the line at the end of the 56th lap, almost 15 seconds ahead of the second-placed Massa. Räikkönen took third ahead of Alonso. Heidfeld managed to jump from ninth on the grid to finish in fifth place, just ahead of his teammate Kubica, who climbed from eleventh on the grid. A one-stop pit strategy worked well for Glock as he finished seventh; Piquet took eighth. Vettel, Coulthard, Barrichello and Nakajima took the next four places; Bourdais recovered from his early contact with Trulli to take 13th. Webber's initial success with a two-stop strategy faded as he finished 14th. Rosberg took 15th, ahead of Button and Fisichella. Trulli, Sutil and Kovalainen were the three retirements from the 56 lap race.


=== Post-race ===

The top three finishers appeared on the podium and in the subsequent press conference, where Hamilton praised his team: ""they have done a phenomenal job and the car is really a dream to drive."" Looking ahead to the next race in Brazil, where Hamilton would enter with a seven-point advantage, the Championship leader seemed confident: ""It will be tough and [Ferrari] will be pushing us hard but hopefully as a team we can pull through."" Massa admitted that McLaren had the stronger car on the day:

For us we were completely driving on the limit trying to reduce the gap but it was not possible. I was trying to push as Kimi was trying to push to get closer to Lewis but it was not possible. So today unfortunately Lewis had the better car for the whole weekend.
Asked about his pass on Räikkönen in the closing laps, Massa said that ""it was the best time for me in the race, I was quite strong and then I caught him and I passed him."" Since the 2002 Austrian Grand Prix, where Barrichello ceded the lead to Michael Schumacher, team orders have been banned in Formula One. Räikkönen appeared unbothered when asked about Massa's pass: ""I mean we know what we want as a team and that's what we did it. It is normal in these situations."" No investigation was undertaken by the stewards at the race. GrandPrix.com played down the incident, saying ""Anyone who understands racing understood what was going on and only the silly people objected.""

Kovalainen's car had apparently been fitted with mismatched tyres at the front of the car during the first stint, meaning that the tyres spun in the opposite direction to which they were designed, causing his understeer. At his first pit stop his team, not realising the cause of the problem, had adjusted his front wing to compensate for the understeer and replaced the tyres correctly. This caused further handling problems, and eventually led to his retirement.
Kovalainen's failure to score, combined with the two Ferraris making the top three, meant that Ferrari extended their lead over McLaren in the Constructors' Championship from seven to 11 points. Massa said Ferrari had succeeded in the race: ""I think for the Drivers' Championship it was not fantastic but for the Constructors' it was very good."" Kubica's sixth place at the Grand Prix ruled out any chance of claiming the Drivers' Championship. The BMW driver said his focus would now be on getting as good a result as possible in Brazil, saying ""There is now one race left, and I shall try hard to defend my third place.""


=== Race classification ===


== Championship standings after the race ==

Note: Only the top five positions are included for both sets of standings.
Bold text and an asterisk indicates competitors who still had a theoretical chance of becoming World Champion.


== See also ==
2008 Chinese GP2 Asia Series round


== References ==


== External links ==

Official FIA results"
35,2008,18,18,Brazilian Grand Prix,2008-11-02,http://en.wikipedia.org/wiki/2008_Brazilian_Grand_Prix,"The 2008 Brazilian Grand Prix (formally the Formula 1 Grande Prêmio do Brasil 2008) was a Formula One motor race held on 2 November 2008 at the Autódromo José Carlos Pace, Interlagos, in São Paulo, Brazil. It was the eighteenth and final race of the 2008 Formula One World Championship. Ferrari driver Felipe Massa won the 71-lap race from pole position; this was the last of Massa's 11 Grand Prix wins. Fernando Alonso finished second in a Renault, and Massa's teammate Kimi Räikkönen finished third.
Massa started the race alongside Toyota driver Jarno Trulli. Massa's teammate Räikkönen began from third next to McLaren driver Lewis Hamilton. Rain fell minutes before the race, delaying the start, and as the track dried Massa established a lead of several seconds. More rain late in the race made the last few laps treacherous for the drivers, but could not prevent Massa from winning the Grand Prix. Sebastian Vettel of Toro Rosso finished in fourth place behind Alonso and Räikkönen. Hamilton passed Toyota's Timo Glock in the final corners of the race to finish fifth, securing him the points needed to take the Drivers' Championship.
Hamilton received praise from many in the Formula One community, including former champions Damon Hill and Michael Schumacher. The McLaren driver also received official congratulations from Queen Elizabeth II and British prime minister Gordon Brown. Massa's win and Räikkönen's third place helped Ferrari win the Constructors' Championship. The Grand Prix was 13-time Grand Prix winner David Coulthard's final race; the Scot retired after 246 race starts. This Grand Prix was also the last to feature the grooved dry weather compound tyres since they were introduced in 1998 as slick tyres were reintroduced for the 2009 season onwards.


== Background ==
The 2008 Brazilian Grand Prix was the 18th and final round of the 2008 Formula One World Championship and was held on 2 November 2008, at the 4.309 km (2.677 mi) Autódromo José Carlos Pace, in São Paulo, Brazil. Heading into the final race of the season, McLaren driver Lewis Hamilton was leading the Drivers' Championship with 94 points; Ferrari driver Felipe Massa was second with 87 points, seven points behind Hamilton. A maximum of ten points were available for the final race, which meant that Massa could still win the title if Hamilton finished in sixth place or lower. Otherwise, Hamilton would be champion. In the event of a points tie, Massa would win the championship on a count-back, having more wins. Behind Hamilton and Massa in the Drivers' Championship, Robert Kubica was third with 75 points in a BMW, and Massa's Ferrari teammate Kimi Räikkönen was fourth with 69 points.
In the Constructors' Championship, Ferrari were leading with 156 points and McLaren–Mercedes were second with 145 points, 11 points behind, with a maximum of 18 points available. If the two Ferrari drivers finished in the top six, the team would secure the Constructors' Championship, even if the McLaren drivers were to finish as the top two. Prior to this race, Hamilton was criticised by many pundits for not maintaining his composure at the Japanese Grand Prix. The Times columnist Edward Gorman said that Hamilton should win the championship, but commented:

Alternatively Hamilton may suffer another one of his rushes of blood to the head and do something utterly unnecessary at Interlagos, just as he did in Japan eight days ago and in Brazil last year, and throw it all away ... Suddenly defending even a seven-point lead sounds a tall order.

Former Formula One team owner Eddie Jordan created controversy when he said that ""if Massa tries to take him out as he did in Japan in order to steal the title then Lewis has to be ready for it"", adding: ""If he tries that on then Lewis has to turn his wheel into Massa to ensure he does not finish the race either – he has to take his wheel off."" Both Hamilton and Massa rejected the comments, with Massa saying: ""Playing dirty has never been part of my game. I don't want anything to do with it. The only thing on my mind is winning the race.""
The weekend marked David Coulthard's final race. Coulthard's Red Bull RB4 was decorated in the colours of ""Wings for Life"", a charity dedicated to raising awareness of spinal cord injuries. Coulthard said: ""I'm dedicating my last race to the vision of making paraplegia curable."" Red Bull Racing received approval from the Fédération Internationale de l'Automobile, Formula One's governing body, to run Coulthard's car in different colours than his teammate Mark Webber. This was the last Formula One race broadcast by ITV in the United Kingdom and Telecinco in Spain; the rights went to the BBC and La Sexta, respectively, for 2009. It was also the last race for the Honda team before they withdrew from Formula One due to the global economic crisis.


== Practice ==

Three practice sessions were held before the race; the first on Friday morning and the second on Friday afternoon. Both sessions lasted 90 minutes. The third session was held on Saturday morning and lasted an hour. The two sessions on Friday were affected by occasionally damp conditions, which made the track moderately slippery. Massa was quickest with a time of 1:12.305 in the first session, less than two-tenths of a second faster than Hamilton. Räikkönen was just off Hamilton's pace, followed by Kubica, Heikki Kovalainen, and Fernando Alonso. Webber was seventh, still within a second of Massa's time. In the second practice session, Alonso was fastest with a time of 1:12.296, less than six-hundredths of a second quicker than second-placed Massa. Jarno Trulli took third place, ahead of Räikkönen, Webber and Sebastian Vettel. Hamilton only managed ninth place, locking his McLaren's wheels and struggling for grip. Kovalainen was only quick enough for fifteenth position. The Saturday morning session was held on a much warmer track, which reached temperatures as high as 36 °C (97 °F). Alonso was again quickest, posting a time of 1:12.141, narrowly faster than both McLaren drivers. Massa, Vettel, and Nick Heidfeld rounded out the top six positions. Räikkönen only managed twelfth, failing to improve on his times set early in the session.


== Qualifying ==
The qualifying session on Saturday afternoon was split into three parts. The first part ran for 20 minutes and eliminated the cars from qualifying that finished the session 16th or lower. The second part of qualifying lasted 15 minutes and eliminated cars that finished in positions 11 to 15. The final part of qualifying determined the positions from first to tenth, and decided pole position. Cars which competed in the final session of qualifying were not allowed to refuel before the race, and therefore carried more fuel than in the previous sessions.

Massa clinched his sixth pole position for the season, and his third consecutive pole at Interlagos, with a time of 1:12.368. He was joined on the front row of the grid by Trulli, in his best qualifying performance of the season. Räikkönen qualified third, though he was happy with beginning the race on the racing line behind his teammate. Hamilton qualified fourth, half a second behind Massa, having battled both Ferrari drivers for time during the first two qualifying sessions. Hamilton's slow pace in the final qualifying session compared to the first two suggested he was carrying more fuel than his title challengers. Hamilton's teammate Kovalainen qualified fifth. Alonso, Vettel, Heidfeld, Sébastien Bourdais and Timo Glock rounded out the top ten. Kubica only managed 13th, having struggled with overall grip for much of the day. Coulthard, in his final Formula One race, qualified 14th; Rubens Barrichello, in 15th, was quicker than Honda teammate Jenson Button in 17th. The Williams and Force India drivers qualified at the back of the grid, covering positions 16 to 20 with Button.


=== Qualifying classification ===


== Race ==

The conditions on the grid were damp before the race, the air temperature at 28 °C (82 °F); rain or thunderstorms were expected. The Grand Prix, which had a race day attendance of 149,600, was due to begin at 15:00 local time (UTC-2), but was delayed by ten minutes when heavy rain hit the track at 14:56. Every team but one changed the tyres on both their cars from dry-weather tyres to intermediate tyres. Kubica's car was the exception, remaining on the dry set-up. Following the formation lap, Kubica returned to the pit lane, his team changing the car's tyres to intermediates. This meant the driver would start the race from the pit-lane.
Massa retained his pole position lead into the first corner, followed by Trulli, Räikkönen, Hamilton and Kovalainen. Coulthard was hit from behind by Nico Rosberg into turn two, spinning him around. The Red Bull car then collided with Rosberg's Williams teammate Kazuki Nakajima. This damaged the suspension and forced Coulthard to retire in his final race. Piquet spun off at the next corner, his car hitting the barriers. Kovalainen was passed by Alonso and Vettel mid-lap, dropping him to seventh. The accidents of Coulthard and Piquet prompted the deployment of the safety car at the end of the first lap. The track conditions began to dry early on; Force India's Giancarlo Fisichella was the first driver to stop for dry-weather tyres, pitting at the end of lap two. He remained in 18th position. Racing resumed on lap five when the safety car pulled into the pit-lane. Rosberg and Button both made pit stops on lap seven, each changing to dry-weather tyres. Bourdais, Glock, Adrian Sutil and Nakajima followed a lap later. By lap 11, the rest of the field had changed to dry-weather tyres. Fisichella benefited from pitting the earliest for dry tyres, moving up the order to a high of fifth position.

Nakajima spun on lap 13, losing five seconds on the lap. On lap 15, Massa set a new fastest lap of 1:16.888, and extended his lead over Vettel. Hamilton remained behind Fisichella, and though his McLaren car appeared quicker, he was unable to pass the Force India driver until lap 18. Glock passed Fisichella two laps later. Trulli and Bourdais collided on lap 20 into turn one, sending the Toro Rosso driver across the grass. Bourdais lost six places and rejoined in 13th place. Trulli's Toyota teammate, Timo Glock, passed Fisichella later on in the same lap for sixth. Massa and Sebastian Vettel traded fastest lap times; Vettel's 1:14.214 on lap 25 was surpassed by Massa's 1:14.161 a lap later. However, Vettel made a pit stop soon after, having been lighter-fuelled than his Ferrari opponent. He rejoined in sixth position, behind Glock. Kovalainen passed Trulli and Fisichella in separate manoeuvres, gaining seventh position. On lap 36 Massa set the fastest lap of the race, a 1:13.736.
Timo Glock was fuelled so he could complete the race without stopping again at his pit stop on lap 36. Massa was the first of the championship frontrunners to pit, on lap 38; Alonso and Hamilton made pit stops two laps after. When Räikkönen made a pit stop on lap 43, Massa had regained the lead, ahead of Alonso. Räikkönen rejoined ahead of Hamilton in third place. Fisichella's stop was marred by transmission problems, dropping him to 18th position when he resumed. Vettel made a pit stop again on lap 51, his team fuelling him to the finish. He rejoined in fifth. By lap 54, Massa had extended his already comfortable lead over Alonso to 9.6 seconds. Vettel was closing in quickly on Hamilton, the McLaren driver needing to finish no lower than fifth to win the championship.

Light rain began to fall on lap 63. Heidfeld made a pit stop and his BMW pit crew changed his tyres to intermediates, echoing their strategy at the Belgian Grand Prix which had granted the German a podium position. Kovalainen made a pit stop on lap 65; Alonso and Räikkönen made a pit stop a lap later. Hamilton and Vettel halted their battle for fourth position when they came into the pit lane to change onto intermediate tyres on lap 66. Glock chose to remain on his dry-weather tyres and rose from seventh to fourth place as those ahead of him made pit stops. Massa made a pit stop on lap 67, meaning that all of the frontrunners, with the exception of Glock, were now on intermediate tyres.
The rain began to fall heavily on lap 69 and Hamilton ran wide, which allowed Vettel to take fifth position. As Massa crossed the finish line to win the race, Hamilton battled Vettel for the crucial point needed to win the championship. Hamilton did not know of his position upon beginning the final lap and was told over the radio to overtake Glock during the fifth-place battle. Vettel and Hamilton passed Glock in the final corners, the Toyota driver struggling for grip as his dry-weather tyres slid on the wet track. Premature joy in the Ferrari garage soon turned to disappointment as Hamilton finished the race in fifth position, clinching the championship by a single point and becoming Formula One's youngest championship winner until Vettel in 2010. Räikkönen's third-place finish behind Alonso secured Ferrari the constructors' title. After the race, Button's car caught fire in the pit lane.


=== Post-race ===

The top three finishers appeared on the podium and in the subsequent press conference. Massa said that he had ""almost done everything perfectly"", and expressed his disappointment that despite winning the race he had not won the championship. He gave his congratulations to Hamilton for his title win, commenting:

We need to congratulate Lewis because he did a great championship and he scored more points than us, so he deserves to be champion. I know how to lose and I know how to win and as I said before it is another day of my life from which I am going to learn a lot.
Massa's Ferrari teammate Kimi Räikkönen expressed disappointment in the outcome of the Drivers' Championship, but acknowledged the support of his team, saying ""we won at least the team championship"". Ferrari president Luca di Montezemolo was reportedly so angry with the result, however, that he destroyed the television he was viewing the race on. McLaren boss Ron Dennis praised Hamilton, saying: ""He just keeps delivering and, at the end of the day, he's just two years into his career. So there's a long way to go.""
Hamilton received official congratulations from Queen Elizabeth II, following similar plaudits from the Prime Minister of the United Kingdom Gordon Brown and the Leader of the Opposition David Cameron. Former Formula One champions also congratulated Hamilton. 1996 champion Damon Hill called the McLaren driver ""one of the greatest drivers we have had in this country"", and multiple champion Michael Schumacher praised both Hamilton and Massa, saying the Ferrari driver's performance indicated his winning abilities. Massa was praised for his sportsmanship after the race, with Joe Saward of GrandPrix.com commenting: ""He took defeat with a grace and a style that one rarely sees in modern sport.""

Eddie Jordan said that Hamilton ""didn't really give himself the best chance of winning the championship – and was very lucky"". The former team boss called McLaren's strategy ""a disaster"". GrandPrix.com expressed disbelief in the outcome: ""It was a showdown so improbable that even Hollywood would not have made a film of it. The scriptwriters would have been laughed out of the studios."" Autosport magazine writer Adam Cooper called the race ""epic"". After considering other Formula One title finales, Cooper concluded ""nothing has ever matched what we saw [in Brazil]"".
Timo Glock remained certain the decision to stay on dry-weather tyres, when other teams were pitting for wet-weather tyres, was a correct one: ""We were running seventh before the rain came and we would have probably finished there if it had been totally dry. Instead we finished sixth so that shows the strategy was the right one."" Glock added that the conditions were so poor ""I didn't even know that Lewis had overtaken me until after the race"". His family would receive hate mail from fans and he was particularly heavily criticised by Italian journalists who held the perception that he assisted in helping Hamilton win the championship.
Kubica's finish in 11th position meant that he lost third place in the championship to Räikkönen (on  win countback due to Räikkönen having scored two wins during the season to Kubica's one). After the race, Kubica said: ""We made too many mistakes during the weekend and this is the result."" His team said that they had received the wrong information about track conditions at the start of the race, which led them to keep the Polish driver's car on dry-weather tyres when the rest of the field had changed to intermediates.
David Coulthard expressed his disappointment in his early exit from his final Formula One race, saying: ""I'm pretty gutted, it's not how I wanted to end my career."" The Scottish driver said that he had planned to perform doughnuts for the crowd, a celebration discouraged in Formula One at the time. Coulthard left Formula One after 15 years with 246 race starts and 13 wins. Red Bull team principal Christian Horner said: ""It's a great shame for David to be eliminated from his last Grand Prix at the first corner, but he can look back on a long and illustrious career where he's achieved a great deal."" Coulthard continued to work for Red Bull Racing in 2009 as a testing and development consultant.


=== Race classification ===


== Final Championship standings ==

Note: Only the top five positions are included for both sets of standings.
Bold text and an asterisk indicates the World Champions.


== References ==


== External links ==

Official FIA results
Full race on youtube"
36,2007,1,1,Australian Grand Prix,2007-03-18,http://en.wikipedia.org/wiki/2007_Australian_Grand_Prix,
37,2007,2,2,Malaysian Grand Prix,2007-04-08,http://en.wikipedia.org/wiki/2007_Malaysian_Grand_Prix,
38,2007,3,3,Bahrain Grand Prix,2007-04-15,http://en.wikipedia.org/wiki/2007_Bahrain_Grand_Prix,
39,2007,4,4,Spanish Grand Prix,2007-05-13,http://en.wikipedia.org/wiki/2007_Spanish_Grand_Prix,
40,2007,5,6,Monaco Grand Prix,2007-05-27,http://en.wikipedia.org/wiki/2007_Monaco_Grand_Prix,
41,2007,6,7,Canadian Grand Prix,2007-06-10,http://en.wikipedia.org/wiki/2007_Canadian_Grand_Prix,
42,2007,7,19,United States Grand Prix,2007-06-17,http://en.wikipedia.org/wiki/2007_United_States_Grand_Prix,
43,2007,8,8,French Grand Prix,2007-07-01,http://en.wikipedia.org/wiki/2007_French_Grand_Prix,
44,2007,9,9,British Grand Prix,2007-07-08,http://en.wikipedia.org/wiki/2007_British_Grand_Prix,
45,2007,10,20,European Grand Prix,2007-07-22,http://en.wikipedia.org/wiki/2007_European_Grand_Prix,
46,2007,11,11,Hungarian Grand Prix,2007-08-05,http://en.wikipedia.org/wiki/2007_Hungarian_Grand_Prix,
47,2007,12,5,Turkish Grand Prix,2007-08-26,http://en.wikipedia.org/wiki/2007_Turkish_Grand_Prix,
48,2007,13,14,Italian Grand Prix,2007-09-09,http://en.wikipedia.org/wiki/2007_Italian_Grand_Prix,
49,2007,14,13,Belgian Grand Prix,2007-09-16,http://en.wikipedia.org/wiki/2007_Belgian_Grand_Prix,
50,2007,15,16,Japanese Grand Prix,2007-09-30,http://en.wikipedia.org/wiki/2007_Japanese_Grand_Prix,
51,2007,16,17,Chinese Grand Prix,2007-10-07,http://en.wikipedia.org/wiki/2007_Chinese_Grand_Prix,
52,2007,17,18,Brazilian Grand Prix,2007-10-21,http://en.wikipedia.org/wiki/2007_Brazilian_Grand_Prix,
53,2006,1,3,Bahrain Grand Prix,2006-03-12,http://en.wikipedia.org/wiki/2006_Bahrain_Grand_Prix,
54,2006,2,2,Malaysian Grand Prix,2006-03-19,http://en.wikipedia.org/wiki/2006_Malaysian_Grand_Prix,
55,2006,3,1,Australian Grand Prix,2006-04-02,http://en.wikipedia.org/wiki/2006_Australian_Grand_Prix,
56,2006,4,21,San Marino Grand Prix,2006-04-23,http://en.wikipedia.org/wiki/2006_San_Marino_Grand_Prix,
57,2006,5,20,European Grand Prix,2006-05-07,http://en.wikipedia.org/wiki/2006_European_Grand_Prix,
58,2006,6,4,Spanish Grand Prix,2006-05-14,http://en.wikipedia.org/wiki/2006_Spanish_Grand_Prix,
59,2006,7,6,Monaco Grand Prix,2006-05-28,http://en.wikipedia.org/wiki/2006_Monaco_Grand_Prix,
60,2006,8,9,British Grand Prix,2006-06-11,http://en.wikipedia.org/wiki/2006_British_Grand_Prix,
61,2006,9,7,Canadian Grand Prix,2006-06-25,http://en.wikipedia.org/wiki/2006_Canadian_Grand_Prix,
62,2006,10,19,United States Grand Prix,2006-07-02,http://en.wikipedia.org/wiki/2006_United_States_Grand_Prix,
63,2006,11,8,French Grand Prix,2006-07-16,http://en.wikipedia.org/wiki/2006_French_Grand_Prix,
64,2006,12,10,German Grand Prix,2006-07-30,http://en.wikipedia.org/wiki/2006_German_Grand_Prix,
65,2006,13,11,Hungarian Grand Prix,2006-08-06,http://en.wikipedia.org/wiki/2006_Hungarian_Grand_Prix,
66,2006,14,5,Turkish Grand Prix,2006-08-27,http://en.wikipedia.org/wiki/2006_Turkish_Grand_Prix,
67,2006,15,14,Italian Grand Prix,2006-09-10,http://en.wikipedia.org/wiki/2006_Italian_Grand_Prix,
68,2006,16,17,Chinese Grand Prix,2006-10-01,http://en.wikipedia.org/wiki/2006_Chinese_Grand_Prix,
69,2006,17,22,Japanese Grand Prix,2006-10-08,http://en.wikipedia.org/wiki/2006_Japanese_Grand_Prix,
70,2006,18,18,Brazilian Grand Prix,2006-10-22,http://en.wikipedia.org/wiki/2006_Brazilian_Grand_Prix,
71,2005,1,1,Australian Grand Prix,2005-03-06,http://en.wikipedia.org/wiki/2005_Australian_Grand_Prix,
72,2005,2,2,Malaysian Grand Prix,2005-03-20,http://en.wikipedia.org/wiki/2005_Malaysian_Grand_Prix,
73,2005,3,3,Bahrain Grand Prix,2005-04-03,http://en.wikipedia.org/wiki/2005_Bahrain_Grand_Prix,
74,2005,4,21,San Marino Grand Prix,2005-04-24,http://en.wikipedia.org/wiki/2005_San_Marino_Grand_Prix,
75,2005,5,4,Spanish Grand Prix,2005-05-08,http://en.wikipedia.org/wiki/2005_Spanish_Grand_Prix,
76,2005,6,6,Monaco Grand Prix,2005-05-22,http://en.wikipedia.org/wiki/2005_Monaco_Grand_Prix,
77,2005,7,20,European Grand Prix,2005-05-29,http://en.wikipedia.org/wiki/2005_European_Grand_Prix,
78,2005,8,7,Canadian Grand Prix,2005-06-12,http://en.wikipedia.org/wiki/2005_Canadian_Grand_Prix,
79,2005,9,19,United States Grand Prix,2005-06-19,http://en.wikipedia.org/wiki/2005_United_States_Grand_Prix,
80,2005,10,8,French Grand Prix,2005-07-03,http://en.wikipedia.org/wiki/2005_French_Grand_Prix,
81,2005,11,9,British Grand Prix,2005-07-10,http://en.wikipedia.org/wiki/2005_British_Grand_Prix,
82,2005,12,10,German Grand Prix,2005-07-24,http://en.wikipedia.org/wiki/2005_German_Grand_Prix,
83,2005,13,11,Hungarian Grand Prix,2005-07-31,http://en.wikipedia.org/wiki/2005_Hungarian_Grand_Prix,
84,2005,14,5,Turkish Grand Prix,2005-08-21,http://en.wikipedia.org/wiki/2005_Turkish_Grand_Prix,
85,2005,15,14,Italian Grand Prix,2005-09-04,http://en.wikipedia.org/wiki/2005_Italian_Grand_Prix,
86,2005,16,13,Belgian Grand Prix,2005-09-11,http://en.wikipedia.org/wiki/2005_Belgian_Grand_Prix,
87,2005,17,18,Brazilian Grand Prix,2005-09-25,http://en.wikipedia.org/wiki/2005_Brazilian_Grand_Prix,
88,2005,18,22,Japanese Grand Prix,2005-10-09,http://en.wikipedia.org/wiki/2005_Japanese_Grand_Prix,
89,2005,19,17,Chinese Grand Prix,2005-10-16,http://en.wikipedia.org/wiki/2005_Chinese_Grand_Prix,
90,2004,1,1,Australian Grand Prix,2004-03-07,http://en.wikipedia.org/wiki/2004_Australian_Grand_Prix,
91,2004,2,2,Malaysian Grand Prix,2004-03-21,http://en.wikipedia.org/wiki/2004_Malaysian_Grand_Prix,
92,2004,3,3,Bahrain Grand Prix,2004-04-04,http://en.wikipedia.org/wiki/2004_Bahrain_Grand_Prix,
93,2004,4,21,San Marino Grand Prix,2004-04-25,http://en.wikipedia.org/wiki/2004_San_Marino_Grand_Prix,
94,2004,5,4,Spanish Grand Prix,2004-05-09,http://en.wikipedia.org/wiki/2004_Spanish_Grand_Prix,
95,2004,6,6,Monaco Grand Prix,2004-05-23,http://en.wikipedia.org/wiki/2004_Monaco_Grand_Prix,
96,2004,7,20,European Grand Prix,2004-05-30,http://en.wikipedia.org/wiki/2004_European_Grand_Prix,
97,2004,8,7,Canadian Grand Prix,2004-06-13,http://en.wikipedia.org/wiki/2004_Canadian_Grand_Prix,
98,2004,9,19,United States Grand Prix,2004-06-20,http://en.wikipedia.org/wiki/2004_United_States_Grand_Prix,
99,2004,10,8,French Grand Prix,2004-07-04,http://en.wikipedia.org/wiki/2004_French_Grand_Prix,
100,2004,11,9,British Grand Prix,2004-07-11,http://en.wikipedia.org/wiki/2004_British_Grand_Prix,
101,2004,12,10,German Grand Prix,2004-07-25,http://en.wikipedia.org/wiki/2004_German_Grand_Prix,
102,2004,13,11,Hungarian Grand Prix,2004-08-15,http://en.wikipedia.org/wiki/2004_Hungarian_Grand_Prix,
103,2004,14,13,Belgian Grand Prix,2004-08-29,http://en.wikipedia.org/wiki/2004_Belgian_Grand_Prix,
104,2004,15,14,Italian Grand Prix,2004-09-12,http://en.wikipedia.org/wiki/2004_Italian_Grand_Prix,
105,2004,16,17,Chinese Grand Prix,2004-09-26,http://en.wikipedia.org/wiki/2004_Chinese_Grand_Prix,
106,2004,17,22,Japanese Grand Prix,2004-10-10,http://en.wikipedia.org/wiki/2004_Japanese_Grand_Prix,
107,2004,18,18,Brazilian Grand Prix,2004-10-24,http://en.wikipedia.org/wiki/2004_Brazilian_Grand_Prix,
108,2003,1,1,Australian Grand Prix,2003-03-09,http://en.wikipedia.org/wiki/2003_Australian_Grand_Prix,
109,2003,2,2,Malaysian Grand Prix,2003-03-23,http://en.wikipedia.org/wiki/2003_Malaysian_Grand_Prix,
110,2003,3,18,Brazilian Grand Prix,2003-04-06,http://en.wikipedia.org/wiki/2003_Brazilian_Grand_Prix,
111,2003,4,21,San Marino Grand Prix,2003-04-20,http://en.wikipedia.org/wiki/2003_San_Marino_Grand_Prix,
112,2003,5,4,Spanish Grand Prix,2003-05-04,http://en.wikipedia.org/wiki/2003_Spanish_Grand_Prix,
113,2003,6,70,Austrian Grand Prix,2003-05-18,http://en.wikipedia.org/wiki/2003_Austrian_Grand_Prix,
114,2003,7,6,Monaco Grand Prix,2003-06-01,http://en.wikipedia.org/wiki/2003_Monaco_Grand_Prix,
115,2003,8,7,Canadian Grand Prix,2003-06-15,http://en.wikipedia.org/wiki/2003_Canadian_Grand_Prix,
116,2003,9,20,European Grand Prix,2003-06-29,http://en.wikipedia.org/wiki/2003_European_Grand_Prix,
117,2003,10,8,French Grand Prix,2003-07-06,http://en.wikipedia.org/wiki/2003_French_Grand_Prix,
118,2003,11,9,British Grand Prix,2003-07-20,http://en.wikipedia.org/wiki/2003_British_Grand_Prix,
119,2003,12,10,German Grand Prix,2003-08-03,http://en.wikipedia.org/wiki/2003_German_Grand_Prix,
120,2003,13,11,Hungarian Grand Prix,2003-08-24,http://en.wikipedia.org/wiki/2003_Hungarian_Grand_Prix,
121,2003,14,14,Italian Grand Prix,2003-09-14,http://en.wikipedia.org/wiki/2003_Italian_Grand_Prix,
122,2003,15,19,United States Grand Prix,2003-09-28,http://en.wikipedia.org/wiki/2003_United_States_Grand_Prix,
123,2003,16,22,Japanese Grand Prix,2003-10-12,http://en.wikipedia.org/wiki/2003_Japanese_Grand_Prix,
124,2002,1,1,Australian Grand Prix,2002-03-03,http://en.wikipedia.org/wiki/2002_Australian_Grand_Prix,
125,2002,2,2,Malaysian Grand Prix,2002-03-17,http://en.wikipedia.org/wiki/2002_Malaysian_Grand_Prix,
126,2002,3,18,Brazilian Grand Prix,2002-03-31,http://en.wikipedia.org/wiki/2002_Brazilian_Grand_Prix,
127,2002,4,21,San Marino Grand Prix,2002-04-14,http://en.wikipedia.org/wiki/2002_San_Marino_Grand_Prix,
128,2002,5,4,Spanish Grand Prix,2002-04-28,http://en.wikipedia.org/wiki/2002_Spanish_Grand_Prix,
129,2002,6,70,Austrian Grand Prix,2002-05-12,http://en.wikipedia.org/wiki/2002_Austrian_Grand_Prix,
130,2002,7,6,Monaco Grand Prix,2002-05-26,http://en.wikipedia.org/wiki/2002_Monaco_Grand_Prix,
131,2002,8,7,Canadian Grand Prix,2002-06-09,http://en.wikipedia.org/wiki/2002_Canadian_Grand_Prix,
132,2002,9,20,European Grand Prix,2002-06-23,http://en.wikipedia.org/wiki/2002_European_Grand_Prix,
133,2002,10,9,British Grand Prix,2002-07-07,http://en.wikipedia.org/wiki/2002_British_Grand_Prix,
134,2002,11,8,French Grand Prix,2002-07-21,http://en.wikipedia.org/wiki/2002_French_Grand_Prix,
135,2002,12,10,German Grand Prix,2002-07-28,http://en.wikipedia.org/wiki/2002_German_Grand_Prix,
136,2002,13,11,Hungarian Grand Prix,2002-08-18,http://en.wikipedia.org/wiki/2002_Hungarian_Grand_Prix,
137,2002,14,13,Belgian Grand Prix,2002-09-01,http://en.wikipedia.org/wiki/2002_Belgian_Grand_Prix,
138,2002,15,14,Italian Grand Prix,2002-09-15,http://en.wikipedia.org/wiki/2002_Italian_Grand_Prix,
139,2002,16,19,United States Grand Prix,2002-09-29,http://en.wikipedia.org/wiki/2002_United_States_Grand_Prix,
140,2002,17,22,Japanese Grand Prix,2002-10-13,http://en.wikipedia.org/wiki/2002_Japanese_Grand_Prix,
141,2001,1,1,Australian Grand Prix,2001-03-04,http://en.wikipedia.org/wiki/2001_Australian_Grand_Prix,
142,2001,2,2,Malaysian Grand Prix,2001-03-18,http://en.wikipedia.org/wiki/2001_Malaysian_Grand_Prix,
143,2001,3,18,Brazilian Grand Prix,2001-04-01,http://en.wikipedia.org/wiki/2001_Brazilian_Grand_Prix,
144,2001,4,21,San Marino Grand Prix,2001-04-15,http://en.wikipedia.org/wiki/2001_San_Marino_Grand_Prix,
145,2001,5,4,Spanish Grand Prix,2001-04-29,http://en.wikipedia.org/wiki/2001_Spanish_Grand_Prix,
146,2001,6,70,Austrian Grand Prix,2001-05-13,http://en.wikipedia.org/wiki/2001_Austrian_Grand_Prix,
147,2001,7,6,Monaco Grand Prix,2001-05-27,http://en.wikipedia.org/wiki/2001_Monaco_Grand_Prix,
148,2001,8,7,Canadian Grand Prix,2001-06-10,http://en.wikipedia.org/wiki/2001_Canadian_Grand_Prix,
149,2001,9,20,European Grand Prix,2001-06-24,http://en.wikipedia.org/wiki/2001_European_Grand_Prix,
150,2001,10,8,French Grand Prix,2001-07-01,http://en.wikipedia.org/wiki/2001_French_Grand_Prix,
151,2001,11,9,British Grand Prix,2001-07-15,http://en.wikipedia.org/wiki/2001_British_Grand_Prix,
152,2001,12,10,German Grand Prix,2001-07-29,http://en.wikipedia.org/wiki/2001_German_Grand_Prix,
153,2001,13,11,Hungarian Grand Prix,2001-08-19,http://en.wikipedia.org/wiki/2001_Hungarian_Grand_Prix,
154,2001,14,13,Belgian Grand Prix,2001-09-02,http://en.wikipedia.org/wiki/2001_Belgian_Grand_Prix,
155,2001,15,14,Italian Grand Prix,2001-09-16,http://en.wikipedia.org/wiki/2001_Italian_Grand_Prix,
156,2001,16,19,United States Grand Prix,2001-09-30,http://en.wikipedia.org/wiki/2001_United_States_Grand_Prix,
157,2001,17,22,Japanese Grand Prix,2001-10-14,http://en.wikipedia.org/wiki/2001_Japanese_Grand_Prix,
158,2000,1,1,Australian Grand Prix,2000-03-12,http://en.wikipedia.org/wiki/2000_Australian_Grand_Prix,
159,2000,2,18,Brazilian Grand Prix,2000-03-26,http://en.wikipedia.org/wiki/2000_Brazilian_Grand_Prix,
160,2000,3,21,San Marino Grand Prix,2000-04-09,http://en.wikipedia.org/wiki/2000_San_Marino_Grand_Prix,
161,2000,4,9,British Grand Prix,2000-04-23,http://en.wikipedia.org/wiki/2000_British_Grand_Prix,
162,2000,5,4,Spanish Grand Prix,2000-05-07,http://en.wikipedia.org/wiki/2000_Spanish_Grand_Prix,
163,2000,6,20,European Grand Prix,2000-05-21,http://en.wikipedia.org/wiki/2000_European_Grand_Prix,
164,2000,7,6,Monaco Grand Prix,2000-06-04,http://en.wikipedia.org/wiki/2000_Monaco_Grand_Prix,
165,2000,8,7,Canadian Grand Prix,2000-06-18,http://en.wikipedia.org/wiki/2000_Canadian_Grand_Prix,
166,2000,9,8,French Grand Prix,2000-07-02,http://en.wikipedia.org/wiki/2000_French_Grand_Prix,
167,2000,10,70,Austrian Grand Prix,2000-07-16,http://en.wikipedia.org/wiki/2000_Austrian_Grand_Prix,
168,2000,11,10,German Grand Prix,2000-07-30,http://en.wikipedia.org/wiki/2000_German_Grand_Prix,
169,2000,12,11,Hungarian Grand Prix,2000-08-13,http://en.wikipedia.org/wiki/2000_Hungarian_Grand_Prix,
170,2000,13,13,Belgian Grand Prix,2000-08-27,http://en.wikipedia.org/wiki/2000_Belgian_Grand_Prix,
171,2000,14,14,Italian Grand Prix,2000-09-10,http://en.wikipedia.org/wiki/2000_Italian_Grand_Prix,
172,2000,15,19,United States Grand Prix,2000-09-24,http://en.wikipedia.org/wiki/2000_United_States_Grand_Prix,
173,2000,16,22,Japanese Grand Prix,2000-10-08,http://en.wikipedia.org/wiki/2000_Japanese_Grand_Prix,
174,2000,17,2,Malaysian Grand Prix,2000-10-22,http://en.wikipedia.org/wiki/2000_Malaysian_Grand_Prix,
175,1999,1,1,Australian Grand Prix,1999-03-07,http://en.wikipedia.org/wiki/1999_Australian_Grand_Prix,
176,1999,2,18,Brazilian Grand Prix,1999-04-11,http://en.wikipedia.org/wiki/1999_Brazilian_Grand_Prix,
177,1999,3,21,San Marino Grand Prix,1999-05-02,http://en.wikipedia.org/wiki/1999_San_Marino_Grand_Prix,
178,1999,4,6,Monaco Grand Prix,1999-05-16,http://en.wikipedia.org/wiki/1999_Monaco_Grand_Prix,
179,1999,5,4,Spanish Grand Prix,1999-05-30,http://en.wikipedia.org/wiki/1999_Spanish_Grand_Prix,
180,1999,6,7,Canadian Grand Prix,1999-06-13,http://en.wikipedia.org/wiki/1999_Canadian_Grand_Prix,
181,1999,7,8,French Grand Prix,1999-06-27,http://en.wikipedia.org/wiki/1999_French_Grand_Prix,
182,1999,8,9,British Grand Prix,1999-07-11,http://en.wikipedia.org/wiki/1999_British_Grand_Prix,
183,1999,9,70,Austrian Grand Prix,1999-07-25,http://en.wikipedia.org/wiki/1999_Austrian_Grand_Prix,
184,1999,10,10,German Grand Prix,1999-08-01,http://en.wikipedia.org/wiki/1999_German_Grand_Prix,
185,1999,11,11,Hungarian Grand Prix,1999-08-15,http://en.wikipedia.org/wiki/1999_Hungarian_Grand_Prix,
186,1999,12,13,Belgian Grand Prix,1999-08-29,http://en.wikipedia.org/wiki/1999_Belgian_Grand_Prix,
187,1999,13,14,Italian Grand Prix,1999-09-12,http://en.wikipedia.org/wiki/1999_Italian_Grand_Prix,
188,1999,14,20,European Grand Prix,1999-09-26,http://en.wikipedia.org/wiki/1999_European_Grand_Prix,
189,1999,15,2,Malaysian Grand Prix,1999-10-17,http://en.wikipedia.org/wiki/1999_Malaysian_Grand_Prix,
190,1999,16,22,Japanese Grand Prix,1999-10-31,http://en.wikipedia.org/wiki/1999_Japanese_Grand_Prix,
191,1998,1,1,Australian Grand Prix,1998-03-08,http://en.wikipedia.org/wiki/1998_Australian_Grand_Prix,
192,1998,2,18,Brazilian Grand Prix,1998-03-29,http://en.wikipedia.org/wiki/1998_Brazilian_Grand_Prix,
193,1998,3,25,Argentine Grand Prix,1998-04-12,http://en.wikipedia.org/wiki/1998_Argentine_Grand_Prix,
194,1998,4,21,San Marino Grand Prix,1998-04-26,http://en.wikipedia.org/wiki/1998_San_Marino_Grand_Prix,
195,1998,5,4,Spanish Grand Prix,1998-05-10,http://en.wikipedia.org/wiki/1998_Spanish_Grand_Prix,
196,1998,6,6,Monaco Grand Prix,1998-05-24,http://en.wikipedia.org/wiki/1998_Monaco_Grand_Prix,
197,1998,7,7,Canadian Grand Prix,1998-06-07,http://en.wikipedia.org/wiki/1998_Canadian_Grand_Prix,
198,1998,8,8,French Grand Prix,1998-06-28,http://en.wikipedia.org/wiki/1998_French_Grand_Prix,
199,1998,9,9,British Grand Prix,1998-07-12,http://en.wikipedia.org/wiki/1998_British_Grand_Prix,
200,1998,10,70,Austrian Grand Prix,1998-07-26,http://en.wikipedia.org/wiki/1998_Austrian_Grand_Prix,
201,1998,11,10,German Grand Prix,1998-08-02,http://en.wikipedia.org/wiki/1998_German_Grand_Prix,
202,1998,12,11,Hungarian Grand Prix,1998-08-16,http://en.wikipedia.org/wiki/1998_Hungarian_Grand_Prix,
203,1998,13,13,Belgian Grand Prix,1998-08-30,http://en.wikipedia.org/wiki/1998_Belgian_Grand_Prix,
204,1998,14,14,Italian Grand Prix,1998-09-13,http://en.wikipedia.org/wiki/1998_Italian_Grand_Prix,
205,1998,15,20,Luxembourg Grand Prix,1998-09-27,http://en.wikipedia.org/wiki/1998_Luxembourg_Grand_Prix,
206,1998,16,22,Japanese Grand Prix,1998-11-01,http://en.wikipedia.org/wiki/1998_Japanese_Grand_Prix,
207,1997,1,1,Australian Grand Prix,1997-03-09,http://en.wikipedia.org/wiki/1997_Australian_Grand_Prix,
208,1997,2,18,Brazilian Grand Prix,1997-03-30,http://en.wikipedia.org/wiki/1997_Brazilian_Grand_Prix,
209,1997,3,25,Argentine Grand Prix,1997-04-13,http://en.wikipedia.org/wiki/1997_Argentine_Grand_Prix,
210,1997,4,21,San Marino Grand Prix,1997-04-27,http://en.wikipedia.org/wiki/1997_San_Marino_Grand_Prix,
211,1997,5,6,Monaco Grand Prix,1997-05-11,http://en.wikipedia.org/wiki/1997_Monaco_Grand_Prix,
212,1997,6,4,Spanish Grand Prix,1997-05-25,http://en.wikipedia.org/wiki/1997_Spanish_Grand_Prix,
213,1997,7,7,Canadian Grand Prix,1997-06-15,http://en.wikipedia.org/wiki/1997_Canadian_Grand_Prix,
214,1997,8,8,French Grand Prix,1997-06-29,http://en.wikipedia.org/wiki/1997_French_Grand_Prix,
215,1997,9,9,British Grand Prix,1997-07-13,http://en.wikipedia.org/wiki/1997_British_Grand_Prix,
216,1997,10,10,German Grand Prix,1997-07-27,http://en.wikipedia.org/wiki/1997_German_Grand_Prix,
217,1997,11,11,Hungarian Grand Prix,1997-08-10,http://en.wikipedia.org/wiki/1997_Hungarian_Grand_Prix,
218,1997,12,13,Belgian Grand Prix,1997-08-24,http://en.wikipedia.org/wiki/1997_Belgian_Grand_Prix,
219,1997,13,14,Italian Grand Prix,1997-09-07,http://en.wikipedia.org/wiki/1997_Italian_Grand_Prix,
220,1997,14,70,Austrian Grand Prix,1997-09-21,http://en.wikipedia.org/wiki/1997_Austrian_Grand_Prix,
221,1997,15,20,Luxembourg Grand Prix,1997-09-28,http://en.wikipedia.org/wiki/1997_Luxembourg_Grand_Prix,
222,1997,16,22,Japanese Grand Prix,1997-10-12,http://en.wikipedia.org/wiki/1997_Japanese_Grand_Prix,
223,1997,17,26,European Grand Prix,1997-10-26,http://en.wikipedia.org/wiki/1997_European_Grand_Prix,
224,1996,1,1,Australian Grand Prix,1996-03-10,http://en.wikipedia.org/wiki/1996_Australian_Grand_Prix,
225,1996,2,18,Brazilian Grand Prix,1996-03-31,http://en.wikipedia.org/wiki/1996_Brazilian_Grand_Prix,
226,1996,3,25,Argentine Grand Prix,1996-04-07,http://en.wikipedia.org/wiki/1996_Argentine_Grand_Prix,
227,1996,4,20,European Grand Prix,1996-04-28,http://en.wikipedia.org/wiki/1996_European_Grand_Prix,
228,1996,5,21,San Marino Grand Prix,1996-05-05,http://en.wikipedia.org/wiki/1996_San_Marino_Grand_Prix,
229,1996,6,6,Monaco Grand Prix,1996-05-19,http://en.wikipedia.org/wiki/1996_Monaco_Grand_Prix,
230,1996,7,4,Spanish Grand Prix,1996-06-02,http://en.wikipedia.org/wiki/1996_Spanish_Grand_Prix,
231,1996,8,7,Canadian Grand Prix,1996-06-16,http://en.wikipedia.org/wiki/1996_Canadian_Grand_Prix,
232,1996,9,8,French Grand Prix,1996-06-30,http://en.wikipedia.org/wiki/1996_French_Grand_Prix,
233,1996,10,9,British Grand Prix,1996-07-14,http://en.wikipedia.org/wiki/1996_British_Grand_Prix,
234,1996,11,10,German Grand Prix,1996-07-28,http://en.wikipedia.org/wiki/1996_German_Grand_Prix,
235,1996,12,11,Hungarian Grand Prix,1996-08-11,http://en.wikipedia.org/wiki/1996_Hungarian_Grand_Prix,
236,1996,13,13,Belgian Grand Prix,1996-08-25,http://en.wikipedia.org/wiki/1996_Belgian_Grand_Prix,
237,1996,14,14,Italian Grand Prix,1996-09-08,http://en.wikipedia.org/wiki/1996_Italian_Grand_Prix,
238,1996,15,27,Portuguese Grand Prix,1996-09-22,http://en.wikipedia.org/wiki/1996_Portuguese_Grand_Prix,
239,1996,16,22,Japanese Grand Prix,1996-10-13,http://en.wikipedia.org/wiki/1996_Japanese_Grand_Prix,
240,1995,1,18,Brazilian Grand Prix,1995-03-26,http://en.wikipedia.org/wiki/1995_Brazilian_Grand_Prix,
241,1995,2,25,Argentine Grand Prix,1995-04-09,http://en.wikipedia.org/wiki/1995_Argentine_Grand_Prix,
242,1995,3,21,San Marino Grand Prix,1995-04-30,http://en.wikipedia.org/wiki/1995_San_Marino_Grand_Prix,
243,1995,4,4,Spanish Grand Prix,1995-05-14,http://en.wikipedia.org/wiki/1995_Spanish_Grand_Prix,
244,1995,5,6,Monaco Grand Prix,1995-05-28,http://en.wikipedia.org/wiki/1995_Monaco_Grand_Prix,
245,1995,6,7,Canadian Grand Prix,1995-06-11,http://en.wikipedia.org/wiki/1995_Canadian_Grand_Prix,
246,1995,7,8,French Grand Prix,1995-07-02,http://en.wikipedia.org/wiki/1995_French_Grand_Prix,
247,1995,8,9,British Grand Prix,1995-07-16,http://en.wikipedia.org/wiki/1995_British_Grand_Prix,
248,1995,9,10,German Grand Prix,1995-07-30,http://en.wikipedia.org/wiki/1995_German_Grand_Prix,
249,1995,10,11,Hungarian Grand Prix,1995-08-13,http://en.wikipedia.org/wiki/1995_Hungarian_Grand_Prix,
250,1995,11,13,Belgian Grand Prix,1995-08-27,http://en.wikipedia.org/wiki/1995_Belgian_Grand_Prix,
251,1995,12,14,Italian Grand Prix,1995-09-10,http://en.wikipedia.org/wiki/1995_Italian_Grand_Prix,
252,1995,13,27,Portuguese Grand Prix,1995-09-24,http://en.wikipedia.org/wiki/1995_Portuguese_Grand_Prix,
253,1995,14,20,European Grand Prix,1995-10-01,http://en.wikipedia.org/wiki/1995_European_Grand_Prix,
254,1995,15,28,Pacific Grand Prix,1995-10-22,http://en.wikipedia.org/wiki/1995_Pacific_Grand_Prix,
255,1995,16,22,Japanese Grand Prix,1995-10-29,http://en.wikipedia.org/wiki/1995_Japanese_Grand_Prix,
256,1995,17,29,Australian Grand Prix,1995-11-12,http://en.wikipedia.org/wiki/1995_Australian_Grand_Prix,
257,1994,1,18,Brazilian Grand Prix,1994-03-27,http://en.wikipedia.org/wiki/1994_Brazilian_Grand_Prix,
258,1994,2,28,Pacific Grand Prix,1994-04-17,http://en.wikipedia.org/wiki/1994_Pacific_Grand_Prix,
259,1994,3,21,San Marino Grand Prix,1994-05-01,http://en.wikipedia.org/wiki/1994_San_Marino_Grand_Prix,
260,1994,4,6,Monaco Grand Prix,1994-05-15,http://en.wikipedia.org/wiki/1994_Monaco_Grand_Prix,
261,1994,5,4,Spanish Grand Prix,1994-05-29,http://en.wikipedia.org/wiki/1994_Spanish_Grand_Prix,
262,1994,6,7,Canadian Grand Prix,1994-06-12,http://en.wikipedia.org/wiki/1994_Canadian_Grand_Prix,
263,1994,7,8,French Grand Prix,1994-07-03,http://en.wikipedia.org/wiki/1994_French_Grand_Prix,
264,1994,8,9,British Grand Prix,1994-07-10,http://en.wikipedia.org/wiki/1994_British_Grand_Prix,
265,1994,9,10,German Grand Prix,1994-07-31,http://en.wikipedia.org/wiki/1994_German_Grand_Prix,
266,1994,10,11,Hungarian Grand Prix,1994-08-14,http://en.wikipedia.org/wiki/1994_Hungarian_Grand_Prix,
267,1994,11,13,Belgian Grand Prix,1994-08-28,http://en.wikipedia.org/wiki/1994_Belgian_Grand_Prix,
268,1994,12,14,Italian Grand Prix,1994-09-11,http://en.wikipedia.org/wiki/1994_Italian_Grand_Prix,
269,1994,13,27,Portuguese Grand Prix,1994-09-25,http://en.wikipedia.org/wiki/1994_Portuguese_Grand_Prix,
270,1994,14,26,European Grand Prix,1994-10-16,http://en.wikipedia.org/wiki/1994_European_Grand_Prix,
271,1994,15,22,Japanese Grand Prix,1994-11-06,http://en.wikipedia.org/wiki/1994_Japanese_Grand_Prix,
272,1994,16,29,Australian Grand Prix,1994-11-13,http://en.wikipedia.org/wiki/1994_Australian_Grand_Prix,
273,1993,1,30,South African Grand Prix,1993-03-14,http://en.wikipedia.org/wiki/1993_South_African_Grand_Prix,
274,1993,2,18,Brazilian Grand Prix,1993-03-28,http://en.wikipedia.org/wiki/1993_Brazilian_Grand_Prix,
275,1993,3,31,European Grand Prix,1993-04-11,http://en.wikipedia.org/wiki/1993_European_Grand_Prix,
276,1993,4,21,San Marino Grand Prix,1993-04-25,http://en.wikipedia.org/wiki/1993_San_Marino_Grand_Prix,
277,1993,5,4,Spanish Grand Prix,1993-05-09,http://en.wikipedia.org/wiki/1993_Spanish_Grand_Prix,
278,1993,6,6,Monaco Grand Prix,1993-05-23,http://en.wikipedia.org/wiki/1993_Monaco_Grand_Prix,
279,1993,7,7,Canadian Grand Prix,1993-06-13,http://en.wikipedia.org/wiki/1993_Canadian_Grand_Prix,
280,1993,8,8,French Grand Prix,1993-07-04,http://en.wikipedia.org/wiki/1993_French_Grand_Prix,
281,1993,9,9,British Grand Prix,1993-07-11,http://en.wikipedia.org/wiki/1993_British_Grand_Prix,
282,1993,10,10,German Grand Prix,1993-07-25,http://en.wikipedia.org/wiki/1993_German_Grand_Prix,
283,1993,11,11,Hungarian Grand Prix,1993-08-15,http://en.wikipedia.org/wiki/1993_Hungarian_Grand_Prix,
284,1993,12,13,Belgian Grand Prix,1993-08-29,http://en.wikipedia.org/wiki/1993_Belgian_Grand_Prix,
285,1993,13,14,Italian Grand Prix,1993-09-12,http://en.wikipedia.org/wiki/1993_Italian_Grand_Prix,
286,1993,14,27,Portuguese Grand Prix,1993-09-26,http://en.wikipedia.org/wiki/1993_Portuguese_Grand_Prix,
287,1993,15,22,Japanese Grand Prix,1993-10-24,http://en.wikipedia.org/wiki/1993_Japanese_Grand_Prix,
288,1993,16,29,Australian Grand Prix,1993-11-07,http://en.wikipedia.org/wiki/1993_Australian_Grand_Prix,
289,1992,1,30,South African Grand Prix,1992-03-01,http://en.wikipedia.org/wiki/1992_South_African_Grand_Prix,
290,1992,2,32,Mexican Grand Prix,1992-03-22,http://en.wikipedia.org/wiki/1992_Mexican_Grand_Prix,
291,1992,3,18,Brazilian Grand Prix,1992-04-05,http://en.wikipedia.org/wiki/1992_Brazilian_Grand_Prix,
292,1992,4,4,Spanish Grand Prix,1992-05-03,http://en.wikipedia.org/wiki/1992_Spanish_Grand_Prix,
293,1992,5,21,San Marino Grand Prix,1992-05-17,http://en.wikipedia.org/wiki/1992_San_Marino_Grand_Prix,
294,1992,6,6,Monaco Grand Prix,1992-05-31,http://en.wikipedia.org/wiki/1992_Monaco_Grand_Prix,
295,1992,7,7,Canadian Grand Prix,1992-06-14,http://en.wikipedia.org/wiki/1992_Canadian_Grand_Prix,
296,1992,8,8,French Grand Prix,1992-07-05,http://en.wikipedia.org/wiki/1992_French_Grand_Prix,
297,1992,9,9,British Grand Prix,1992-07-12,http://en.wikipedia.org/wiki/1992_British_Grand_Prix,
298,1992,10,10,German Grand Prix,1992-07-26,http://en.wikipedia.org/wiki/1992_German_Grand_Prix,
299,1992,11,11,Hungarian Grand Prix,1992-08-16,http://en.wikipedia.org/wiki/1992_Hungarian_Grand_Prix,
300,1992,12,13,Belgian Grand Prix,1992-08-30,http://en.wikipedia.org/wiki/1992_Belgian_Grand_Prix,
301,1992,13,14,Italian Grand Prix,1992-09-13,http://en.wikipedia.org/wiki/1992_Italian_Grand_Prix,
302,1992,14,27,Portuguese Grand Prix,1992-09-27,http://en.wikipedia.org/wiki/1992_Portuguese_Grand_Prix,
303,1992,15,22,Japanese Grand Prix,1992-10-25,http://en.wikipedia.org/wiki/1992_Japanese_Grand_Prix,
304,1992,16,29,Australian Grand Prix,1992-11-08,http://en.wikipedia.org/wiki/1992_Australian_Grand_Prix,
305,1991,1,33,United States Grand Prix,1991-03-10,http://en.wikipedia.org/wiki/1991_United_States_Grand_Prix,
306,1991,2,18,Brazilian Grand Prix,1991-03-24,http://en.wikipedia.org/wiki/1991_Brazilian_Grand_Prix,
307,1991,3,21,San Marino Grand Prix,1991-04-28,http://en.wikipedia.org/wiki/1991_San_Marino_Grand_Prix,
308,1991,4,6,Monaco Grand Prix,1991-05-12,http://en.wikipedia.org/wiki/1991_Monaco_Grand_Prix,
309,1991,5,7,Canadian Grand Prix,1991-06-02,http://en.wikipedia.org/wiki/1991_Canadian_Grand_Prix,
310,1991,6,32,Mexican Grand Prix,1991-06-16,http://en.wikipedia.org/wiki/1991_Mexican_Grand_Prix,
311,1991,7,8,French Grand Prix,1991-07-07,http://en.wikipedia.org/wiki/1991_French_Grand_Prix,
312,1991,8,9,British Grand Prix,1991-07-14,http://en.wikipedia.org/wiki/1991_British_Grand_Prix,
313,1991,9,10,German Grand Prix,1991-07-28,http://en.wikipedia.org/wiki/1991_German_Grand_Prix,
314,1991,10,11,Hungarian Grand Prix,1991-08-11,http://en.wikipedia.org/wiki/1991_Hungarian_Grand_Prix,
315,1991,11,13,Belgian Grand Prix,1991-08-25,http://en.wikipedia.org/wiki/1991_Belgian_Grand_Prix,
316,1991,12,14,Italian Grand Prix,1991-09-08,http://en.wikipedia.org/wiki/1991_Italian_Grand_Prix,
317,1991,13,27,Portuguese Grand Prix,1991-09-22,http://en.wikipedia.org/wiki/1991_Portuguese_Grand_Prix,
318,1991,14,4,Spanish Grand Prix,1991-09-29,http://en.wikipedia.org/wiki/1991_Spanish_Grand_Prix,
319,1991,15,22,Japanese Grand Prix,1991-10-20,http://en.wikipedia.org/wiki/1991_Japanese_Grand_Prix,
320,1991,16,29,Australian Grand Prix,1991-11-03,http://en.wikipedia.org/wiki/1991_Australian_Grand_Prix,
321,1990,1,33,United States Grand Prix,1990-03-11,http://en.wikipedia.org/wiki/1990_United_States_Grand_Prix,
322,1990,2,18,Brazilian Grand Prix,1990-03-25,http://en.wikipedia.org/wiki/1990_Brazilian_Grand_Prix,
323,1990,3,21,San Marino Grand Prix,1990-05-13,http://en.wikipedia.org/wiki/1990_San_Marino_Grand_Prix,
324,1990,4,6,Monaco Grand Prix,1990-05-27,http://en.wikipedia.org/wiki/1990_Monaco_Grand_Prix,
325,1990,5,7,Canadian Grand Prix,1990-06-10,http://en.wikipedia.org/wiki/1990_Canadian_Grand_Prix,
326,1990,6,32,Mexican Grand Prix,1990-06-24,http://en.wikipedia.org/wiki/1990_Mexican_Grand_Prix,
327,1990,7,34,French Grand Prix,1990-07-08,http://en.wikipedia.org/wiki/1990_French_Grand_Prix,
328,1990,8,9,British Grand Prix,1990-07-15,http://en.wikipedia.org/wiki/1990_British_Grand_Prix,
329,1990,9,10,German Grand Prix,1990-07-29,http://en.wikipedia.org/wiki/1990_German_Grand_Prix,
330,1990,10,11,Hungarian Grand Prix,1990-08-12,http://en.wikipedia.org/wiki/1990_Hungarian_Grand_Prix,
331,1990,11,13,Belgian Grand Prix,1990-08-26,http://en.wikipedia.org/wiki/1990_Belgian_Grand_Prix,
332,1990,12,14,Italian Grand Prix,1990-09-09,http://en.wikipedia.org/wiki/1990_Italian_Grand_Prix,
333,1990,13,27,Portuguese Grand Prix,1990-09-23,http://en.wikipedia.org/wiki/1990_Portuguese_Grand_Prix,
334,1990,14,26,Spanish Grand Prix,1990-09-30,http://en.wikipedia.org/wiki/1990_Spanish_Grand_Prix,
335,1990,15,22,Japanese Grand Prix,1990-10-21,http://en.wikipedia.org/wiki/1990_Japanese_Grand_Prix,
336,1990,16,29,Australian Grand Prix,1990-11-04,http://en.wikipedia.org/wiki/1990_Australian_Grand_Prix,
337,2010,1,3,Bahrain Grand Prix,2010-03-14,http://en.wikipedia.org/wiki/2010_Bahrain_Grand_Prix,
338,2010,2,1,Australian Grand Prix,2010-03-28,http://en.wikipedia.org/wiki/2010_Australian_Grand_Prix,
339,2010,3,2,Malaysian Grand Prix,2010-04-04,http://en.wikipedia.org/wiki/2010_Malaysian_Grand_Prix,
340,2010,4,17,Chinese Grand Prix,2010-04-18,http://en.wikipedia.org/wiki/2010_Chinese_Grand_Prix,
341,2010,5,4,Spanish Grand Prix,2010-05-09,http://en.wikipedia.org/wiki/2010_Spanish_Grand_Prix,
342,2010,6,6,Monaco Grand Prix,2010-05-16,http://en.wikipedia.org/wiki/2010_Monaco_Grand_Prix,
343,2010,7,5,Turkish Grand Prix,2010-05-30,http://en.wikipedia.org/wiki/2010_Turkish_Grand_Prix,
344,2010,8,7,Canadian Grand Prix,2010-06-13,http://en.wikipedia.org/wiki/2010_Canadian_Grand_Prix,
345,2010,9,12,European Grand Prix,2010-06-27,http://en.wikipedia.org/wiki/2010_European_Grand_Prix,
346,2010,10,9,British Grand Prix,2010-07-11,http://en.wikipedia.org/wiki/2010_British_Grand_Prix,
347,2010,11,10,German Grand Prix,2010-07-25,http://en.wikipedia.org/wiki/2010_German_Grand_Prix,
348,2010,12,11,Hungarian Grand Prix,2010-08-01,http://en.wikipedia.org/wiki/2010_Hungarian_Grand_Prix,
349,2010,13,13,Belgian Grand Prix,2010-08-29,http://en.wikipedia.org/wiki/2010_Belgian_Grand_Prix,
350,2010,14,14,Italian Grand Prix,2010-09-12,http://en.wikipedia.org/wiki/2010_Italian_Grand_Prix,
351,2010,15,15,Singapore Grand Prix,2010-09-26,http://en.wikipedia.org/wiki/2010_Singapore_Grand_Prix,
352,2010,16,22,Japanese Grand Prix,2010-10-10,http://en.wikipedia.org/wiki/2010_Japanese_Grand_Prix,
353,2010,17,35,Korean Grand Prix,2010-10-24,http://en.wikipedia.org/wiki/2010_Korean_Grand_Prix,
354,2010,18,18,Brazilian Grand Prix,2010-11-07,http://en.wikipedia.org/wiki/2010_Brazilian_Grand_Prix,
355,2010,19,24,Abu Dhabi Grand Prix,2010-11-14,http://en.wikipedia.org/wiki/2010_Abu_Dhabi_Grand_Prix,
356,1989,1,36,Brazilian Grand Prix,1989-03-26,http://en.wikipedia.org/wiki/1989_Brazilian_Grand_Prix,
357,1989,2,21,San Marino Grand Prix,1989-04-23,http://en.wikipedia.org/wiki/1989_San_Marino_Grand_Prix,
358,1989,3,6,Monaco Grand Prix,1989-05-07,http://en.wikipedia.org/wiki/1989_Monaco_Grand_Prix,
359,1989,4,32,Mexican Grand Prix,1989-05-28,http://en.wikipedia.org/wiki/1989_Mexican_Grand_Prix,
360,1989,5,33,United States Grand Prix,1989-06-04,http://en.wikipedia.org/wiki/1989_United_States_Grand_Prix,
361,1989,6,7,Canadian Grand Prix,1989-06-18,http://en.wikipedia.org/wiki/1989_Canadian_Grand_Prix,
362,1989,7,34,French Grand Prix,1989-07-09,http://en.wikipedia.org/wiki/1989_French_Grand_Prix,
363,1989,8,9,British Grand Prix,1989-07-16,http://en.wikipedia.org/wiki/1989_British_Grand_Prix,
364,1989,9,10,German Grand Prix,1989-07-30,http://en.wikipedia.org/wiki/1989_German_Grand_Prix,
365,1989,10,11,Hungarian Grand Prix,1989-08-13,http://en.wikipedia.org/wiki/1989_Hungarian_Grand_Prix,
366,1989,11,13,Belgian Grand Prix,1989-08-27,http://en.wikipedia.org/wiki/1989_Belgian_Grand_Prix,
367,1989,12,14,Italian Grand Prix,1989-09-10,http://en.wikipedia.org/wiki/1989_Italian_Grand_Prix,
368,1989,13,27,Portuguese Grand Prix,1989-09-24,http://en.wikipedia.org/wiki/1989_Portuguese_Grand_Prix,
369,1989,14,26,Spanish Grand Prix,1989-10-01,http://en.wikipedia.org/wiki/1989_Spanish_Grand_Prix,
370,1989,15,22,Japanese Grand Prix,1989-10-22,http://en.wikipedia.org/wiki/1989_Japanese_Grand_Prix,
371,1989,16,29,Australian Grand Prix,1989-11-05,http://en.wikipedia.org/wiki/1989_Australian_Grand_Prix,
372,1988,1,36,Brazilian Grand Prix,1988-04-03,http://en.wikipedia.org/wiki/1988_Brazilian_Grand_Prix,
373,1988,2,21,San Marino Grand Prix,1988-05-01,http://en.wikipedia.org/wiki/1988_San_Marino_Grand_Prix,
374,1988,3,6,Monaco Grand Prix,1988-05-15,http://en.wikipedia.org/wiki/1988_Monaco_Grand_Prix,
375,1988,4,32,Mexican Grand Prix,1988-05-29,http://en.wikipedia.org/wiki/1988_Mexican_Grand_Prix,
376,1988,5,7,Canadian Grand Prix,1988-06-12,http://en.wikipedia.org/wiki/1988_Canadian_Grand_Prix,
377,1988,6,37,Detroit Grand Prix,1988-06-19,http://en.wikipedia.org/wiki/1988_Detroit_Grand_Prix,
378,1988,7,34,French Grand Prix,1988-07-03,http://en.wikipedia.org/wiki/1988_French_Grand_Prix,
379,1988,8,9,British Grand Prix,1988-07-10,http://en.wikipedia.org/wiki/1988_British_Grand_Prix,
380,1988,9,10,German Grand Prix,1988-07-24,http://en.wikipedia.org/wiki/1988_German_Grand_Prix,
381,1988,10,11,Hungarian Grand Prix,1988-08-07,http://en.wikipedia.org/wiki/1988_Hungarian_Grand_Prix,
382,1988,11,13,Belgian Grand Prix,1988-08-28,http://en.wikipedia.org/wiki/1988_Belgian_Grand_Prix,
383,1988,12,14,Italian Grand Prix,1988-09-11,http://en.wikipedia.org/wiki/1988_Italian_Grand_Prix,
384,1988,13,27,Portuguese Grand Prix,1988-09-25,http://en.wikipedia.org/wiki/1988_Portuguese_Grand_Prix,
385,1988,14,26,Spanish Grand Prix,1988-10-02,http://en.wikipedia.org/wiki/1988_Spanish_Grand_Prix,
386,1988,15,22,Japanese Grand Prix,1988-10-30,http://en.wikipedia.org/wiki/1988_Japanese_Grand_Prix,
387,1988,16,29,Australian Grand Prix,1988-11-13,http://en.wikipedia.org/wiki/1988_Australian_Grand_Prix,
388,1987,1,36,Brazilian Grand Prix,1987-04-12,http://en.wikipedia.org/wiki/1987_Brazilian_Grand_Prix,
389,1987,2,21,San Marino Grand Prix,1987-05-03,http://en.wikipedia.org/wiki/1987_San_Marino_Grand_Prix,
390,1987,3,13,Belgian Grand Prix,1987-05-17,http://en.wikipedia.org/wiki/1987_Belgian_Grand_Prix,
391,1987,4,6,Monaco Grand Prix,1987-05-31,http://en.wikipedia.org/wiki/1987_Monaco_Grand_Prix,
392,1987,5,37,Detroit Grand Prix,1987-06-21,http://en.wikipedia.org/wiki/1987_Detroit_Grand_Prix,
393,1987,6,34,French Grand Prix,1987-07-05,http://en.wikipedia.org/wiki/1987_French_Grand_Prix,
394,1987,7,9,British Grand Prix,1987-07-12,http://en.wikipedia.org/wiki/1987_British_Grand_Prix,
395,1987,8,10,German Grand Prix,1987-07-26,http://en.wikipedia.org/wiki/1987_German_Grand_Prix,
396,1987,9,11,Hungarian Grand Prix,1987-08-09,http://en.wikipedia.org/wiki/1987_Hungarian_Grand_Prix,
397,1987,10,70,Austrian Grand Prix,1987-08-16,http://en.wikipedia.org/wiki/1987_Austrian_Grand_Prix,
398,1987,11,14,Italian Grand Prix,1987-09-06,http://en.wikipedia.org/wiki/1987_Italian_Grand_Prix,
399,1987,12,27,Portuguese Grand Prix,1987-09-20,http://en.wikipedia.org/wiki/1987_Portuguese_Grand_Prix,
400,1987,13,26,Spanish Grand Prix,1987-09-27,http://en.wikipedia.org/wiki/1987_Spanish_Grand_Prix,
401,1987,14,32,Mexican Grand Prix,1987-10-18,http://en.wikipedia.org/wiki/1987_Mexican_Grand_Prix,
402,1987,15,22,Japanese Grand Prix,1987-11-01,http://en.wikipedia.org/wiki/1987_Japanese_Grand_Prix,
403,1987,16,29,Australian Grand Prix,1987-11-15,http://en.wikipedia.org/wiki/1987_Australian_Grand_Prix,
404,1986,1,36,Brazilian Grand Prix,1986-03-23,http://en.wikipedia.org/wiki/1986_Brazilian_Grand_Prix,
405,1986,2,26,Spanish Grand Prix,1986-04-13,http://en.wikipedia.org/wiki/1986_Spanish_Grand_Prix,
406,1986,3,21,San Marino Grand Prix,1986-04-27,http://en.wikipedia.org/wiki/1986_San_Marino_Grand_Prix,
407,1986,4,6,Monaco Grand Prix,1986-05-11,http://en.wikipedia.org/wiki/1986_Monaco_Grand_Prix,
408,1986,5,13,Belgian Grand Prix,1986-05-25,http://en.wikipedia.org/wiki/1986_Belgian_Grand_Prix,
409,1986,6,7,Canadian Grand Prix,1986-06-15,http://en.wikipedia.org/wiki/1986_Canadian_Grand_Prix,
410,1986,7,37,Detroit Grand Prix,1986-06-22,http://en.wikipedia.org/wiki/1986_Detroit_Grand_Prix,
411,1986,8,34,French Grand Prix,1986-07-06,http://en.wikipedia.org/wiki/1986_French_Grand_Prix,
412,1986,9,38,British Grand Prix,1986-07-13,http://en.wikipedia.org/wiki/1986_British_Grand_Prix,
413,1986,10,10,German Grand Prix,1986-07-27,http://en.wikipedia.org/wiki/1986_German_Grand_Prix,
414,1986,11,11,Hungarian Grand Prix,1986-08-10,http://en.wikipedia.org/wiki/1986_Hungarian_Grand_Prix,
415,1986,12,70,Austrian Grand Prix,1986-08-17,http://en.wikipedia.org/wiki/1986_Austrian_Grand_Prix,
416,1986,13,14,Italian Grand Prix,1986-09-07,http://en.wikipedia.org/wiki/1986_Italian_Grand_Prix,
417,1986,14,27,Portuguese Grand Prix,1986-09-21,http://en.wikipedia.org/wiki/1986_Portuguese_Grand_Prix,
418,1986,15,32,Mexican Grand Prix,1986-10-12,http://en.wikipedia.org/wiki/1986_Mexican_Grand_Prix,
419,1986,16,29,Australian Grand Prix,1986-10-26,http://en.wikipedia.org/wiki/1986_Australian_Grand_Prix,
420,1985,1,36,Brazilian Grand Prix,1985-04-07,http://en.wikipedia.org/wiki/1985_Brazilian_Grand_Prix,
421,1985,2,27,Portuguese Grand Prix,1985-04-21,http://en.wikipedia.org/wiki/1985_Portuguese_Grand_Prix,
422,1985,3,21,San Marino Grand Prix,1985-05-05,http://en.wikipedia.org/wiki/1985_San_Marino_Grand_Prix,
423,1985,4,6,Monaco Grand Prix,1985-05-19,http://en.wikipedia.org/wiki/1985_Monaco_Grand_Prix,
424,1985,5,7,Canadian Grand Prix,1985-06-16,http://en.wikipedia.org/wiki/1985_Canadian_Grand_Prix,
425,1985,6,37,Detroit Grand Prix,1985-06-23,http://en.wikipedia.org/wiki/1985_Detroit_Grand_Prix,
426,1985,7,34,French Grand Prix,1985-07-07,http://en.wikipedia.org/wiki/1985_French_Grand_Prix,
427,1985,8,9,British Grand Prix,1985-07-21,http://en.wikipedia.org/wiki/1985_British_Grand_Prix,
428,1985,9,20,German Grand Prix,1985-08-04,http://en.wikipedia.org/wiki/1985_German_Grand_Prix,
429,1985,10,70,Austrian Grand Prix,1985-08-18,http://en.wikipedia.org/wiki/1985_Austrian_Grand_Prix,
430,1985,11,39,Dutch Grand Prix,1985-08-25,http://en.wikipedia.org/wiki/1985_Dutch_Grand_Prix,
431,1985,12,14,Italian Grand Prix,1985-09-08,http://en.wikipedia.org/wiki/1985_Italian_Grand_Prix,
432,1985,13,13,Belgian Grand Prix,1985-09-15,http://en.wikipedia.org/wiki/1985_Belgian_Grand_Prix,
433,1985,14,38,European Grand Prix,1985-10-06,http://en.wikipedia.org/wiki/1985_European_Grand_Prix,
434,1985,15,30,South African Grand Prix,1985-10-19,http://en.wikipedia.org/wiki/1985_South_African_Grand_Prix,
435,1985,16,29,Australian Grand Prix,1985-11-03,http://en.wikipedia.org/wiki/1985_Australian_Grand_Prix,
436,1984,1,36,Brazilian Grand Prix,1984-03-25,http://en.wikipedia.org/wiki/1984_Brazilian_Grand_Prix,
437,1984,2,30,South African Grand Prix,1984-04-07,http://en.wikipedia.org/wiki/1984_South_African_Grand_Prix,
438,1984,3,40,Belgian Grand Prix,1984-04-29,http://en.wikipedia.org/wiki/1984_Belgian_Grand_Prix,
439,1984,4,21,San Marino Grand Prix,1984-05-06,http://en.wikipedia.org/wiki/1984_San_Marino_Grand_Prix,
440,1984,5,41,French Grand Prix,1984-05-20,http://en.wikipedia.org/wiki/1984_French_Grand_Prix,
441,1984,6,6,Monaco Grand Prix,1984-06-03,http://en.wikipedia.org/wiki/1984_Monaco_Grand_Prix,
442,1984,7,7,Canadian Grand Prix,1984-06-17,http://en.wikipedia.org/wiki/1984_Canadian_Grand_Prix,
443,1984,8,37,Detroit Grand Prix,1984-06-24,http://en.wikipedia.org/wiki/1984_Detroit_Grand_Prix,
444,1984,9,42,Dallas Grand Prix,1984-07-08,http://en.wikipedia.org/wiki/1984_Dallas_Grand_Prix,
445,1984,10,38,British Grand Prix,1984-07-22,http://en.wikipedia.org/wiki/1984_British_Grand_Prix,
446,1984,11,10,German Grand Prix,1984-08-05,http://en.wikipedia.org/wiki/1984_German_Grand_Prix,
447,1984,12,70,Austrian Grand Prix,1984-08-19,http://en.wikipedia.org/wiki/1984_Austrian_Grand_Prix,
448,1984,13,39,Dutch Grand Prix,1984-08-26,http://en.wikipedia.org/wiki/1984_Dutch_Grand_Prix,
449,1984,14,14,Italian Grand Prix,1984-09-09,http://en.wikipedia.org/wiki/1984_Italian_Grand_Prix,
450,1984,15,20,European Grand Prix,1984-10-07,http://en.wikipedia.org/wiki/1984_European_Grand_Prix,
451,1984,16,27,Portuguese Grand Prix,1984-10-21,http://en.wikipedia.org/wiki/1984_Portuguese_Grand_Prix,
452,1983,1,36,Brazilian Grand Prix,1983-03-13,http://en.wikipedia.org/wiki/1983_Brazilian_Grand_Prix,
453,1983,2,43,United States Grand Prix West,1983-03-27,http://en.wikipedia.org/wiki/1983_United_States_Grand_Prix_West,
454,1983,3,34,French Grand Prix,1983-04-17,http://en.wikipedia.org/wiki/1983_French_Grand_Prix,
455,1983,4,21,San Marino Grand Prix,1983-05-01,http://en.wikipedia.org/wiki/1983_San_Marino_Grand_Prix,
456,1983,5,6,Monaco Grand Prix,1983-05-15,http://en.wikipedia.org/wiki/1983_Monaco_Grand_Prix,
457,1983,6,13,Belgian Grand Prix,1983-05-22,http://en.wikipedia.org/wiki/1983_Belgian_Grand_Prix,
458,1983,7,37,Detroit Grand Prix,1983-06-05,http://en.wikipedia.org/wiki/1983_Detroit_Grand_Prix,
459,1983,8,7,Canadian Grand Prix,1983-06-12,http://en.wikipedia.org/wiki/1983_Canadian_Grand_Prix,
460,1983,9,9,British Grand Prix,1983-07-16,http://en.wikipedia.org/wiki/1983_British_Grand_Prix,
461,1983,10,10,German Grand Prix,1983-08-07,http://en.wikipedia.org/wiki/1983_German_Grand_Prix,
462,1983,11,70,Austrian Grand Prix,1983-08-14,http://en.wikipedia.org/wiki/1983_Austrian_Grand_Prix,
463,1983,12,39,Dutch Grand Prix,1983-08-28,http://en.wikipedia.org/wiki/1983_Dutch_Grand_Prix,
464,1983,13,14,Italian Grand Prix,1983-09-11,http://en.wikipedia.org/wiki/1983_Italian_Grand_Prix,
465,1983,14,38,European Grand Prix,1983-09-25,http://en.wikipedia.org/wiki/1983_European_Grand_Prix,
466,1983,15,30,South African Grand Prix,1983-10-15,http://en.wikipedia.org/wiki/1983_South_African_Grand_Prix,
467,1982,1,30,South African Grand Prix,1982-01-23,http://en.wikipedia.org/wiki/1982_South_African_Grand_Prix,
468,1982,2,36,Brazilian Grand Prix,1982-03-21,http://en.wikipedia.org/wiki/1982_Brazilian_Grand_Prix,
469,1982,3,43,United States Grand Prix West,1982-04-04,http://en.wikipedia.org/wiki/1982_United_States_Grand_Prix_West,
470,1982,4,21,San Marino Grand Prix,1982-04-25,http://en.wikipedia.org/wiki/1982_San_Marino_Grand_Prix,
471,1982,5,40,Belgian Grand Prix,1982-05-09,http://en.wikipedia.org/wiki/1982_Belgian_Grand_Prix,
472,1982,6,6,Monaco Grand Prix,1982-05-23,http://en.wikipedia.org/wiki/1982_Monaco_Grand_Prix,
473,1982,7,37,Detroit Grand Prix,1982-06-06,http://en.wikipedia.org/wiki/1982_Detroit_Grand_Prix,
474,1982,8,7,Canadian Grand Prix,1982-06-13,http://en.wikipedia.org/wiki/1982_Canadian_Grand_Prix,
475,1982,9,39,Dutch Grand Prix,1982-07-03,http://en.wikipedia.org/wiki/1982_Dutch_Grand_Prix,
476,1982,10,38,British Grand Prix,1982-07-18,http://en.wikipedia.org/wiki/1982_British_Grand_Prix,
477,1982,11,34,French Grand Prix,1982-07-25,http://en.wikipedia.org/wiki/1982_French_Grand_Prix,
478,1982,12,10,German Grand Prix,1982-08-08,http://en.wikipedia.org/wiki/1982_German_Grand_Prix,
479,1982,13,70,Austrian Grand Prix,1982-08-15,http://en.wikipedia.org/wiki/1982_Austrian_Grand_Prix,
480,1982,14,41,Swiss Grand Prix,1982-08-29,http://en.wikipedia.org/wiki/1982_Swiss_Grand_Prix,
481,1982,15,14,Italian Grand Prix,1982-09-12,http://en.wikipedia.org/wiki/1982_Italian_Grand_Prix,
482,1982,16,44,Caesars Palace Grand Prix,1982-09-25,http://en.wikipedia.org/wiki/1982_Caesars_Palace_Grand_Prix,
483,1981,1,43,United States Grand Prix West,1981-03-15,http://en.wikipedia.org/wiki/1981_United_States_Grand_Prix_West,
484,1981,2,36,Brazilian Grand Prix,1981-03-29,http://en.wikipedia.org/wiki/1981_Brazilian_Grand_Prix,
485,1981,3,25,Argentine Grand Prix,1981-04-12,http://en.wikipedia.org/wiki/1981_Argentine_Grand_Prix,
486,1981,4,21,San Marino Grand Prix,1981-05-03,http://en.wikipedia.org/wiki/1981_San_Marino_Grand_Prix,
487,1981,5,40,Belgian Grand Prix,1981-05-17,http://en.wikipedia.org/wiki/1981_Belgian_Grand_Prix,
488,1981,6,6,Monaco Grand Prix,1981-05-31,http://en.wikipedia.org/wiki/1981_Monaco_Grand_Prix,
489,1981,7,45,Spanish Grand Prix,1981-06-21,http://en.wikipedia.org/wiki/1981_Spanish_Grand_Prix,
490,1981,8,41,French Grand Prix,1981-07-05,http://en.wikipedia.org/wiki/1981_French_Grand_Prix,
491,1981,9,9,British Grand Prix,1981-07-18,http://en.wikipedia.org/wiki/1981_British_Grand_Prix,
492,1981,10,10,German Grand Prix,1981-08-02,http://en.wikipedia.org/wiki/1981_German_Grand_Prix,
493,1981,11,70,Austrian Grand Prix,1981-08-16,http://en.wikipedia.org/wiki/1981_Austrian_Grand_Prix,
494,1981,12,39,Dutch Grand Prix,1981-08-30,http://en.wikipedia.org/wiki/1981_Dutch_Grand_Prix,
495,1981,13,14,Italian Grand Prix,1981-09-13,http://en.wikipedia.org/wiki/1981_Italian_Grand_Prix,
496,1981,14,7,Canadian Grand Prix,1981-09-27,http://en.wikipedia.org/wiki/1981_Canadian_Grand_Prix,
497,1981,15,44,Caesars Palace Grand Prix,1981-10-17,http://en.wikipedia.org/wiki/1981_Caesars_Palace_Grand_Prix,
498,1980,1,25,Argentine Grand Prix,1980-01-13,http://en.wikipedia.org/wiki/1980_Argentine_Grand_Prix,
499,1980,2,18,Brazilian Grand Prix,1980-01-27,http://en.wikipedia.org/wiki/1980_Brazilian_Grand_Prix,
500,1980,3,30,South African Grand Prix,1980-03-01,http://en.wikipedia.org/wiki/1980_South_African_Grand_Prix,
501,1980,4,43,United States Grand Prix West,1980-03-30,http://en.wikipedia.org/wiki/1980_United_States_Grand_Prix_West,
502,1980,5,40,Belgian Grand Prix,1980-05-04,http://en.wikipedia.org/wiki/1980_Belgian_Grand_Prix,
503,1980,6,6,Monaco Grand Prix,1980-05-18,http://en.wikipedia.org/wiki/1980_Monaco_Grand_Prix,
504,1980,7,34,French Grand Prix,1980-06-29,http://en.wikipedia.org/wiki/1980_French_Grand_Prix,
505,1980,8,38,British Grand Prix,1980-07-13,http://en.wikipedia.org/wiki/1980_British_Grand_Prix,
506,1980,9,10,German Grand Prix,1980-08-10,http://en.wikipedia.org/wiki/1980_German_Grand_Prix,
507,1980,10,70,Austrian Grand Prix,1980-08-17,http://en.wikipedia.org/wiki/1980_Austrian_Grand_Prix,
508,1980,11,39,Dutch Grand Prix,1980-08-31,http://en.wikipedia.org/wiki/1980_Dutch_Grand_Prix,
509,1980,12,21,Italian Grand Prix,1980-09-14,http://en.wikipedia.org/wiki/1980_Italian_Grand_Prix,
510,1980,13,7,Canadian Grand Prix,1980-09-28,http://en.wikipedia.org/wiki/1980_Canadian_Grand_Prix,
511,1980,14,46,United States Grand Prix,1980-10-05,http://en.wikipedia.org/wiki/1980_United_States_Grand_Prix,
512,1979,1,25,Argentine Grand Prix,1979-01-21,http://en.wikipedia.org/wiki/1979_Argentine_Grand_Prix,
513,1979,2,18,Brazilian Grand Prix,1979-02-04,http://en.wikipedia.org/wiki/1979_Brazilian_Grand_Prix,
514,1979,3,30,South African Grand Prix,1979-03-03,http://en.wikipedia.org/wiki/1979_South_African_Grand_Prix,
515,1979,4,43,United States Grand Prix West,1979-04-08,http://en.wikipedia.org/wiki/1979_United_States_Grand_Prix_West,
516,1979,5,45,Spanish Grand Prix,1979-04-29,http://en.wikipedia.org/wiki/1979_Spanish_Grand_Prix,
517,1979,6,40,Belgian Grand Prix,1979-05-13,http://en.wikipedia.org/wiki/1979_Belgian_Grand_Prix,
518,1979,7,6,Monaco Grand Prix,1979-05-27,http://en.wikipedia.org/wiki/1979_Monaco_Grand_Prix,
519,1979,8,41,French Grand Prix,1979-07-01,http://en.wikipedia.org/wiki/1979_French_Grand_Prix,
520,1979,9,9,British Grand Prix,1979-07-14,http://en.wikipedia.org/wiki/1979_British_Grand_Prix,
521,1979,10,10,German Grand Prix,1979-07-29,http://en.wikipedia.org/wiki/1979_German_Grand_Prix,
522,1979,11,70,Austrian Grand Prix,1979-08-12,http://en.wikipedia.org/wiki/1979_Austrian_Grand_Prix,
523,1979,12,39,Dutch Grand Prix,1979-08-26,http://en.wikipedia.org/wiki/1979_Dutch_Grand_Prix,
524,1979,13,14,Italian Grand Prix,1979-09-09,http://en.wikipedia.org/wiki/1979_Italian_Grand_Prix,
525,1979,14,7,Canadian Grand Prix,1979-09-30,http://en.wikipedia.org/wiki/1979_Canadian_Grand_Prix,
526,1979,15,46,United States Grand Prix,1979-10-07,http://en.wikipedia.org/wiki/1979_United_States_Grand_Prix,
527,1978,1,25,Argentine Grand Prix,1978-01-15,http://en.wikipedia.org/wiki/1978_Argentine_Grand_Prix,
528,1978,2,36,Brazilian Grand Prix,1978-01-29,http://en.wikipedia.org/wiki/1978_Brazilian_Grand_Prix,
529,1978,3,30,South African Grand Prix,1978-03-04,http://en.wikipedia.org/wiki/1978_South_African_Grand_Prix,
530,1978,4,43,United States Grand Prix West,1978-04-02,http://en.wikipedia.org/wiki/1978_United_States_Grand_Prix_West,
531,1978,5,6,Monaco Grand Prix,1978-05-07,http://en.wikipedia.org/wiki/1978_Monaco_Grand_Prix,
532,1978,6,40,Belgian Grand Prix,1978-05-21,http://en.wikipedia.org/wiki/1978_Belgian_Grand_Prix,
533,1978,7,45,Spanish Grand Prix,1978-06-04,http://en.wikipedia.org/wiki/1978_Spanish_Grand_Prix,
534,1978,8,47,Swedish Grand Prix,1978-06-17,http://en.wikipedia.org/wiki/1978_Swedish_Grand_Prix,
535,1978,9,34,French Grand Prix,1978-07-02,http://en.wikipedia.org/wiki/1978_French_Grand_Prix,
536,1978,10,38,British Grand Prix,1978-07-16,http://en.wikipedia.org/wiki/1978_British_Grand_Prix,
537,1978,11,10,German Grand Prix,1978-07-30,http://en.wikipedia.org/wiki/1978_German_Grand_Prix,
538,1978,12,70,Austrian Grand Prix,1978-08-13,http://en.wikipedia.org/wiki/1978_Austrian_Grand_Prix,
539,1978,13,39,Dutch Grand Prix,1978-08-27,http://en.wikipedia.org/wiki/1978_Dutch_Grand_Prix,
540,1978,14,14,Italian Grand Prix,1978-09-10,http://en.wikipedia.org/wiki/1978_Italian_Grand_Prix,
541,1978,15,46,United States Grand Prix,1978-10-01,http://en.wikipedia.org/wiki/1978_United_States_Grand_Prix,
542,1978,16,7,Canadian Grand Prix,1978-10-08,http://en.wikipedia.org/wiki/1978_Canadian_Grand_Prix,
543,1977,1,25,Argentine Grand Prix,1977-01-09,http://en.wikipedia.org/wiki/1977_Argentine_Grand_Prix,
544,1977,2,18,Brazilian Grand Prix,1977-01-23,http://en.wikipedia.org/wiki/1977_Brazilian_Grand_Prix,
545,1977,3,30,South African Grand Prix,1977-03-05,http://en.wikipedia.org/wiki/1977_South_African_Grand_Prix,
546,1977,4,43,United States Grand Prix West,1977-04-03,http://en.wikipedia.org/wiki/1977_United_States_Grand_Prix_West,
547,1977,5,45,Spanish Grand Prix,1977-05-08,http://en.wikipedia.org/wiki/1977_Spanish_Grand_Prix,
548,1977,6,6,Monaco Grand Prix,1977-05-22,http://en.wikipedia.org/wiki/1977_Monaco_Grand_Prix,
549,1977,7,40,Belgian Grand Prix,1977-06-05,http://en.wikipedia.org/wiki/1977_Belgian_Grand_Prix,
550,1977,8,47,Swedish Grand Prix,1977-06-19,http://en.wikipedia.org/wiki/1977_Swedish_Grand_Prix,
551,1977,9,41,French Grand Prix,1977-07-03,http://en.wikipedia.org/wiki/1977_French_Grand_Prix,
552,1977,10,9,British Grand Prix,1977-07-16,http://en.wikipedia.org/wiki/1977_British_Grand_Prix,
553,1977,11,10,German Grand Prix,1977-07-31,http://en.wikipedia.org/wiki/1977_German_Grand_Prix,
554,1977,12,70,Austrian Grand Prix,1977-08-14,http://en.wikipedia.org/wiki/1977_Austrian_Grand_Prix,
555,1977,13,39,Dutch Grand Prix,1977-08-28,http://en.wikipedia.org/wiki/1977_Dutch_Grand_Prix,
556,1977,14,14,Italian Grand Prix,1977-09-11,http://en.wikipedia.org/wiki/1977_Italian_Grand_Prix,
557,1977,15,46,United States Grand Prix,1977-10-02,http://en.wikipedia.org/wiki/1977_United_States_Grand_Prix,
558,1977,16,48,Canadian Grand Prix,1977-10-09,http://en.wikipedia.org/wiki/1977_Canadian_Grand_Prix,
559,1977,17,16,Japanese Grand Prix,1977-10-23,http://en.wikipedia.org/wiki/1977_Japanese_Grand_Prix,
560,1976,1,18,Brazilian Grand Prix,1976-01-25,http://en.wikipedia.org/wiki/1976_Brazilian_Grand_Prix,
561,1976,2,30,South African Grand Prix,1976-03-06,http://en.wikipedia.org/wiki/1976_South_African_Grand_Prix,
562,1976,3,43,United States Grand Prix West,1976-03-28,http://en.wikipedia.org/wiki/1976_United_States_Grand_Prix_West,
563,1976,4,45,Spanish Grand Prix,1976-05-02,http://en.wikipedia.org/wiki/1976_Spanish_Grand_Prix,
564,1976,5,40,Belgian Grand Prix,1976-05-16,http://en.wikipedia.org/wiki/1976_Belgian_Grand_Prix,
565,1976,6,6,Monaco Grand Prix,1976-05-30,http://en.wikipedia.org/wiki/1976_Monaco_Grand_Prix,
566,1976,7,47,Swedish Grand Prix,1976-06-13,http://en.wikipedia.org/wiki/1976_Swedish_Grand_Prix,
567,1976,8,34,French Grand Prix,1976-07-04,http://en.wikipedia.org/wiki/1976_French_Grand_Prix,
568,1976,9,38,British Grand Prix,1976-07-18,http://en.wikipedia.org/wiki/1976_British_Grand_Prix,
569,1976,10,20,German Grand Prix,1976-08-01,http://en.wikipedia.org/wiki/1976_German_Grand_Prix,
570,1976,11,70,Austrian Grand Prix,1976-08-15,http://en.wikipedia.org/wiki/1976_Austrian_Grand_Prix,
571,1976,12,39,Dutch Grand Prix,1976-08-29,http://en.wikipedia.org/wiki/1976_Dutch_Grand_Prix,
572,1976,13,14,Italian Grand Prix,1976-09-12,http://en.wikipedia.org/wiki/1976_Italian_Grand_Prix,
573,1976,14,48,Canadian Grand Prix,1976-10-03,http://en.wikipedia.org/wiki/1976_Canadian_Grand_Prix,
574,1976,15,46,United States Grand Prix,1976-10-10,http://en.wikipedia.org/wiki/1976_United_States_Grand_Prix,
575,1976,16,16,Japanese Grand Prix,1976-10-24,http://en.wikipedia.org/wiki/1976_Japanese_Grand_Prix,
576,1975,1,25,Argentine Grand Prix,1975-01-12,http://en.wikipedia.org/wiki/1975_Argentine_Grand_Prix,
577,1975,2,18,Brazilian Grand Prix,1975-01-26,http://en.wikipedia.org/wiki/1975_Brazilian_Grand_Prix,
578,1975,3,30,South African Grand Prix,1975-03-01,http://en.wikipedia.org/wiki/1975_South_African_Grand_Prix,
579,1975,4,49,Spanish Grand Prix,1975-04-27,http://en.wikipedia.org/wiki/1975_Spanish_Grand_Prix,
580,1975,5,6,Monaco Grand Prix,1975-05-11,http://en.wikipedia.org/wiki/1975_Monaco_Grand_Prix,
581,1975,6,40,Belgian Grand Prix,1975-05-25,http://en.wikipedia.org/wiki/1975_Belgian_Grand_Prix,
582,1975,7,47,Swedish Grand Prix,1975-06-08,http://en.wikipedia.org/wiki/1975_Swedish_Grand_Prix,
583,1975,8,39,Dutch Grand Prix,1975-06-22,http://en.wikipedia.org/wiki/1975_Dutch_Grand_Prix,
584,1975,9,34,French Grand Prix,1975-07-06,http://en.wikipedia.org/wiki/1975_French_Grand_Prix,
585,1975,10,9,British Grand Prix,1975-07-19,http://en.wikipedia.org/wiki/1975_British_Grand_Prix,
586,1975,11,20,German Grand Prix,1975-08-03,http://en.wikipedia.org/wiki/1975_German_Grand_Prix,
587,1975,12,70,Austrian Grand Prix,1975-08-17,http://en.wikipedia.org/wiki/1975_Austrian_Grand_Prix,
588,1975,13,14,Italian Grand Prix,1975-09-07,http://en.wikipedia.org/wiki/1975_Italian_Grand_Prix,
589,1975,14,46,United States Grand Prix,1975-10-05,http://en.wikipedia.org/wiki/1975_United_States_Grand_Prix,
590,1974,1,25,Argentine Grand Prix,1974-01-13,http://en.wikipedia.org/wiki/1974_Argentine_Grand_Prix,
591,1974,2,18,Brazilian Grand Prix,1974-01-27,http://en.wikipedia.org/wiki/1974_Brazilian_Grand_Prix,
592,1974,3,30,South African Grand Prix,1974-03-30,http://en.wikipedia.org/wiki/1974_South_African_Grand_Prix,
593,1974,4,45,Spanish Grand Prix,1974-04-28,http://en.wikipedia.org/wiki/1974_Spanish_Grand_Prix,
594,1974,5,50,Belgian Grand Prix,1974-05-12,http://en.wikipedia.org/wiki/1974_Belgian_Grand_Prix,
595,1974,6,6,Monaco Grand Prix,1974-05-26,http://en.wikipedia.org/wiki/1974_Monaco_Grand_Prix,
596,1974,7,47,Swedish Grand Prix,1974-06-09,http://en.wikipedia.org/wiki/1974_Swedish_Grand_Prix,
597,1974,8,39,Dutch Grand Prix,1974-06-23,http://en.wikipedia.org/wiki/1974_Dutch_Grand_Prix,
598,1974,9,41,French Grand Prix,1974-07-07,http://en.wikipedia.org/wiki/1974_French_Grand_Prix,
599,1974,10,38,British Grand Prix,1974-07-20,http://en.wikipedia.org/wiki/1974_British_Grand_Prix,
600,1974,11,20,German Grand Prix,1974-08-04,http://en.wikipedia.org/wiki/1974_German_Grand_Prix,
601,1974,12,70,Austrian Grand Prix,1974-08-18,http://en.wikipedia.org/wiki/1974_Austrian_Grand_Prix,
602,1974,13,14,Italian Grand Prix,1974-09-08,http://en.wikipedia.org/wiki/1974_Italian_Grand_Prix,
603,1974,14,48,Canadian Grand Prix,1974-09-22,http://en.wikipedia.org/wiki/1974_Canadian_Grand_Prix,
604,1974,15,46,United States Grand Prix,1974-10-06,http://en.wikipedia.org/wiki/1974_United_States_Grand_Prix,
605,1973,1,25,Argentine Grand Prix,1973-01-28,http://en.wikipedia.org/wiki/1973_Argentine_Grand_Prix,
606,1973,2,18,Brazilian Grand Prix,1973-02-11,http://en.wikipedia.org/wiki/1973_Brazilian_Grand_Prix,
607,1973,3,30,South African Grand Prix,1973-03-03,http://en.wikipedia.org/wiki/1973_South_African_Grand_Prix,
608,1973,4,49,Spanish Grand Prix,1973-04-29,http://en.wikipedia.org/wiki/1973_Spanish_Grand_Prix,
609,1973,5,40,Belgian Grand Prix,1973-05-20,http://en.wikipedia.org/wiki/1973_Belgian_Grand_Prix,
610,1973,6,6,Monaco Grand Prix,1973-06-03,http://en.wikipedia.org/wiki/1973_Monaco_Grand_Prix,
611,1973,7,47,Swedish Grand Prix,1973-06-17,http://en.wikipedia.org/wiki/1973_Swedish_Grand_Prix,
612,1973,8,34,French Grand Prix,1973-07-01,http://en.wikipedia.org/wiki/1973_French_Grand_Prix,
613,1973,9,9,British Grand Prix,1973-07-14,http://en.wikipedia.org/wiki/1973_British_Grand_Prix,
614,1973,10,39,Dutch Grand Prix,1973-07-29,http://en.wikipedia.org/wiki/1973_Dutch_Grand_Prix,
615,1973,11,20,German Grand Prix,1973-08-05,http://en.wikipedia.org/wiki/1973_German_Grand_Prix,
616,1973,12,70,Austrian Grand Prix,1973-08-19,http://en.wikipedia.org/wiki/1973_Austrian_Grand_Prix,
617,1973,13,14,Italian Grand Prix,1973-09-09,http://en.wikipedia.org/wiki/1973_Italian_Grand_Prix,
618,1973,14,48,Canadian Grand Prix,1973-09-23,http://en.wikipedia.org/wiki/1973_Canadian_Grand_Prix,
619,1973,15,46,United States Grand Prix,1973-10-07,http://en.wikipedia.org/wiki/1973_United_States_Grand_Prix,
620,1972,1,25,Argentine Grand Prix,1972-01-23,http://en.wikipedia.org/wiki/1972_Argentine_Grand_Prix,
621,1972,2,30,South African Grand Prix,1972-03-04,http://en.wikipedia.org/wiki/1972_South_African_Grand_Prix,
622,1972,3,45,Spanish Grand Prix,1972-05-01,http://en.wikipedia.org/wiki/1972_Spanish_Grand_Prix,
623,1972,4,6,Monaco Grand Prix,1972-05-14,http://en.wikipedia.org/wiki/1972_Monaco_Grand_Prix,
624,1972,5,50,Belgian Grand Prix,1972-06-04,http://en.wikipedia.org/wiki/1972_Belgian_Grand_Prix,
625,1972,6,51,French Grand Prix,1972-07-02,http://en.wikipedia.org/wiki/1972_French_Grand_Prix,
626,1972,7,38,British Grand Prix,1972-07-15,http://en.wikipedia.org/wiki/1972_British_Grand_Prix,
627,1972,8,20,German Grand Prix,1972-07-30,http://en.wikipedia.org/wiki/1972_German_Grand_Prix,
628,1972,9,70,Austrian Grand Prix,1972-08-13,http://en.wikipedia.org/wiki/1972_Austrian_Grand_Prix,
629,1972,10,14,Italian Grand Prix,1972-09-10,http://en.wikipedia.org/wiki/1972_Italian_Grand_Prix,
630,1972,11,48,Canadian Grand Prix,1972-09-24,http://en.wikipedia.org/wiki/1972_Canadian_Grand_Prix,
631,1972,12,46,United States Grand Prix,1972-10-08,http://en.wikipedia.org/wiki/1972_United_States_Grand_Prix,
632,1971,1,30,South African Grand Prix,1971-03-06,http://en.wikipedia.org/wiki/1971_South_African_Grand_Prix,
633,1971,2,49,Spanish Grand Prix,1971-04-18,http://en.wikipedia.org/wiki/1971_Spanish_Grand_Prix,
634,1971,3,6,Monaco Grand Prix,1971-05-23,http://en.wikipedia.org/wiki/1971_Monaco_Grand_Prix,
635,1971,4,39,Dutch Grand Prix,1971-06-20,http://en.wikipedia.org/wiki/1971_Dutch_Grand_Prix,
636,1971,5,34,French Grand Prix,1971-07-04,http://en.wikipedia.org/wiki/1971_French_Grand_Prix,
637,1971,6,9,British Grand Prix,1971-07-17,http://en.wikipedia.org/wiki/1971_British_Grand_Prix,
638,1971,7,20,German Grand Prix,1971-08-01,http://en.wikipedia.org/wiki/1971_German_Grand_Prix,
639,1971,8,70,Austrian Grand Prix,1971-08-15,http://en.wikipedia.org/wiki/1971_Austrian_Grand_Prix,
640,1971,9,14,Italian Grand Prix,1971-09-05,http://en.wikipedia.org/wiki/1971_Italian_Grand_Prix,
641,1971,10,48,Canadian Grand Prix,1971-09-19,http://en.wikipedia.org/wiki/1971_Canadian_Grand_Prix,
642,1971,11,46,United States Grand Prix,1971-10-03,http://en.wikipedia.org/wiki/1971_United_States_Grand_Prix,
643,1970,1,30,South African Grand Prix,1970-03-07,http://en.wikipedia.org/wiki/1970_South_African_Grand_Prix,
644,1970,2,45,Spanish Grand Prix,1970-04-19,http://en.wikipedia.org/wiki/1970_Spanish_Grand_Prix,
645,1970,3,6,Monaco Grand Prix,1970-05-10,http://en.wikipedia.org/wiki/1970_Monaco_Grand_Prix,
646,1970,4,13,Belgian Grand Prix,1970-06-07,http://en.wikipedia.org/wiki/1970_Belgian_Grand_Prix,
647,1970,5,39,Dutch Grand Prix,1970-06-21,http://en.wikipedia.org/wiki/1970_Dutch_Grand_Prix,
648,1970,6,51,French Grand Prix,1970-07-05,http://en.wikipedia.org/wiki/1970_French_Grand_Prix,
649,1970,7,38,British Grand Prix,1970-07-18,http://en.wikipedia.org/wiki/1970_British_Grand_Prix,
650,1970,8,10,German Grand Prix,1970-08-02,http://en.wikipedia.org/wiki/1970_German_Grand_Prix,
651,1970,9,70,Austrian Grand Prix,1970-08-16,http://en.wikipedia.org/wiki/1970_Austrian_Grand_Prix,
652,1970,10,14,Italian Grand Prix,1970-09-06,http://en.wikipedia.org/wiki/1970_Italian_Grand_Prix,
653,1970,11,52,Canadian Grand Prix,1970-09-20,http://en.wikipedia.org/wiki/1970_Canadian_Grand_Prix,
654,1970,12,46,United States Grand Prix,1970-10-04,http://en.wikipedia.org/wiki/1970_United_States_Grand_Prix,
655,1970,13,32,Mexican Grand Prix,1970-10-25,http://en.wikipedia.org/wiki/1970_Mexican_Grand_Prix,
656,1969,1,30,South African Grand Prix,1969-03-01,http://en.wikipedia.org/wiki/1969_South_African_Grand_Prix,
657,1969,2,49,Spanish Grand Prix,1969-05-04,http://en.wikipedia.org/wiki/1969_Spanish_Grand_Prix,
658,1969,3,6,Monaco Grand Prix,1969-05-18,http://en.wikipedia.org/wiki/1969_Monaco_Grand_Prix,
659,1969,4,39,Dutch Grand Prix,1969-06-21,http://en.wikipedia.org/wiki/1969_Dutch_Grand_Prix,
660,1969,5,51,French Grand Prix,1969-07-06,http://en.wikipedia.org/wiki/1969_French_Grand_Prix,
661,1969,6,9,British Grand Prix,1969-07-19,http://en.wikipedia.org/wiki/1969_British_Grand_Prix,
662,1969,7,20,German Grand Prix,1969-08-03,http://en.wikipedia.org/wiki/1969_German_Grand_Prix,
663,1969,8,14,Italian Grand Prix,1969-09-07,http://en.wikipedia.org/wiki/1969_Italian_Grand_Prix,
664,1969,9,48,Canadian Grand Prix,1969-09-20,http://en.wikipedia.org/wiki/1969_Canadian_Grand_Prix,
665,1969,10,46,United States Grand Prix,1969-10-05,http://en.wikipedia.org/wiki/1969_United_States_Grand_Prix,
666,1969,11,32,Mexican Grand Prix,1969-10-19,http://en.wikipedia.org/wiki/1969_Mexican_Grand_Prix,
667,1968,1,30,South African Grand Prix,1968-01-01,http://en.wikipedia.org/wiki/1968_South_African_Grand_Prix,
668,1968,2,45,Spanish Grand Prix,1968-05-12,http://en.wikipedia.org/wiki/1968_Spanish_Grand_Prix,
669,1968,3,6,Monaco Grand Prix,1968-05-26,http://en.wikipedia.org/wiki/1968_Monaco_Grand_Prix,
670,1968,4,13,Belgian Grand Prix,1968-06-09,http://en.wikipedia.org/wiki/1968_Belgian_Grand_Prix,
671,1968,5,39,Dutch Grand Prix,1968-06-23,http://en.wikipedia.org/wiki/1968_Dutch_Grand_Prix,
672,1968,6,53,French Grand Prix,1968-07-07,http://en.wikipedia.org/wiki/1968_French_Grand_Prix,
673,1968,7,38,British Grand Prix,1968-07-20,http://en.wikipedia.org/wiki/1968_British_Grand_Prix,
674,1968,8,20,German Grand Prix,1968-08-04,http://en.wikipedia.org/wiki/1968_German_Grand_Prix,
675,1968,9,14,Italian Grand Prix,1968-09-08,http://en.wikipedia.org/wiki/1968_Italian_Grand_Prix,
676,1968,10,52,Canadian Grand Prix,1968-09-22,http://en.wikipedia.org/wiki/1968_Canadian_Grand_Prix,
677,1968,11,46,United States Grand Prix,1968-10-06,http://en.wikipedia.org/wiki/1968_United_States_Grand_Prix,
678,1968,12,32,Mexican Grand Prix,1968-11-03,http://en.wikipedia.org/wiki/1968_Mexican_Grand_Prix,
679,1967,1,30,South African Grand Prix,1967-01-02,http://en.wikipedia.org/wiki/1967_South_African_Grand_Prix,
680,1967,2,6,Monaco Grand Prix,1967-05-07,http://en.wikipedia.org/wiki/1967_Monaco_Grand_Prix,
681,1967,3,39,Dutch Grand Prix,1967-06-04,http://en.wikipedia.org/wiki/1967_Dutch_Grand_Prix,
682,1967,4,13,Belgian Grand Prix,1967-06-18,http://en.wikipedia.org/wiki/1967_Belgian_Grand_Prix,
683,1967,5,54,French Grand Prix,1967-07-02,http://en.wikipedia.org/wiki/1967_French_Grand_Prix,
684,1967,6,9,British Grand Prix,1967-07-15,http://en.wikipedia.org/wiki/1967_British_Grand_Prix,
685,1967,7,20,German Grand Prix,1967-08-06,http://en.wikipedia.org/wiki/1967_German_Grand_Prix,
686,1967,8,48,Canadian Grand Prix,1967-08-27,http://en.wikipedia.org/wiki/1967_Canadian_Grand_Prix,
687,1967,9,14,Italian Grand Prix,1967-09-10,http://en.wikipedia.org/wiki/1967_Italian_Grand_Prix,
688,1967,10,46,United States Grand Prix,1967-10-01,http://en.wikipedia.org/wiki/1967_United_States_Grand_Prix,
689,1967,11,32,Mexican Grand Prix,1967-10-22,http://en.wikipedia.org/wiki/1967_Mexican_Grand_Prix,
690,1966,1,6,Monaco Grand Prix,1966-05-22,http://en.wikipedia.org/wiki/1966_Monaco_Grand_Prix,
691,1966,2,13,Belgian Grand Prix,1966-06-12,http://en.wikipedia.org/wiki/1966_Belgian_Grand_Prix,
692,1966,3,55,French Grand Prix,1966-07-03,http://en.wikipedia.org/wiki/1966_French_Grand_Prix,
693,1966,4,38,British Grand Prix,1966-07-16,http://en.wikipedia.org/wiki/1966_British_Grand_Prix,
694,1966,5,39,Dutch Grand Prix,1966-07-24,http://en.wikipedia.org/wiki/1966_Dutch_Grand_Prix,
695,1966,6,20,German Grand Prix,1966-08-07,http://en.wikipedia.org/wiki/1966_German_Grand_Prix,
696,1966,7,14,Italian Grand Prix,1966-09-04,http://en.wikipedia.org/wiki/1966_Italian_Grand_Prix,
697,1966,8,46,United States Grand Prix,1966-10-02,http://en.wikipedia.org/wiki/1966_United_States_Grand_Prix,
698,1966,9,32,Mexican Grand Prix,1966-10-23,http://en.wikipedia.org/wiki/1966_Mexican_Grand_Prix,
699,1965,1,56,South African Grand Prix,1965-01-01,http://en.wikipedia.org/wiki/1965_South_African_Grand_Prix,
700,1965,2,6,Monaco Grand Prix,1965-05-30,http://en.wikipedia.org/wiki/1965_Monaco_Grand_Prix,
701,1965,3,13,Belgian Grand Prix,1965-06-13,http://en.wikipedia.org/wiki/1965_Belgian_Grand_Prix,
702,1965,4,51,French Grand Prix,1965-06-27,http://en.wikipedia.org/wiki/1965_French_Grand_Prix,
703,1965,5,9,British Grand Prix,1965-07-10,http://en.wikipedia.org/wiki/1965_British_Grand_Prix,
704,1965,6,39,Dutch Grand Prix,1965-07-18,http://en.wikipedia.org/wiki/1965_Dutch_Grand_Prix,
705,1965,7,20,German Grand Prix,1965-08-01,http://en.wikipedia.org/wiki/1965_German_Grand_Prix,
706,1965,8,14,Italian Grand Prix,1965-09-12,http://en.wikipedia.org/wiki/1965_Italian_Grand_Prix,
707,1965,9,46,United States Grand Prix,1965-10-03,http://en.wikipedia.org/wiki/1965_United_States_Grand_Prix,
708,1965,10,32,Mexican Grand Prix,1965-10-24,http://en.wikipedia.org/wiki/1965_Mexican_Grand_Prix,
709,1964,1,6,Monaco Grand Prix,1964-05-10,http://en.wikipedia.org/wiki/1964_Monaco_Grand_Prix,
710,1964,2,39,Dutch Grand Prix,1964-05-24,http://en.wikipedia.org/wiki/1964_Dutch_Grand_Prix,
711,1964,3,13,Belgian Grand Prix,1964-06-14,http://en.wikipedia.org/wiki/1964_Belgian_Grand_Prix,
712,1964,4,53,French Grand Prix,1964-06-28,http://en.wikipedia.org/wiki/1964_French_Grand_Prix,
713,1964,5,38,British Grand Prix,1964-07-11,http://en.wikipedia.org/wiki/1964_British_Grand_Prix,
714,1964,6,20,German Grand Prix,1964-08-02,http://en.wikipedia.org/wiki/1964_German_Grand_Prix,
715,1964,7,57,Austrian Grand Prix,1964-08-23,http://en.wikipedia.org/wiki/1964_Austrian_Grand_Prix,
716,1964,8,14,Italian Grand Prix,1964-09-06,http://en.wikipedia.org/wiki/1964_Italian_Grand_Prix,
717,1964,9,46,United States Grand Prix,1964-10-04,http://en.wikipedia.org/wiki/1964_United_States_Grand_Prix,
718,1964,10,32,Mexican Grand Prix,1964-10-25,http://en.wikipedia.org/wiki/1964_Mexican_Grand_Prix,
719,1963,1,6,Monaco Grand Prix,1963-05-26,http://en.wikipedia.org/wiki/1963_Monaco_Grand_Prix,
720,1963,2,13,Belgian Grand Prix,1963-06-09,http://en.wikipedia.org/wiki/1963_Belgian_Grand_Prix,
721,1963,3,39,Dutch Grand Prix,1963-06-23,http://en.wikipedia.org/wiki/1963_Dutch_Grand_Prix,
722,1963,4,55,French Grand Prix,1963-06-30,http://en.wikipedia.org/wiki/1963_French_Grand_Prix,
723,1963,5,9,British Grand Prix,1963-07-20,http://en.wikipedia.org/wiki/1963_British_Grand_Prix,
724,1963,6,20,German Grand Prix,1963-08-04,http://en.wikipedia.org/wiki/1963_German_Grand_Prix,
725,1963,7,14,Italian Grand Prix,1963-09-08,http://en.wikipedia.org/wiki/1963_Italian_Grand_Prix,
726,1963,8,46,United States Grand Prix,1963-10-06,http://en.wikipedia.org/wiki/1963_United_States_Grand_Prix,
727,1963,9,32,Mexican Grand Prix,1963-10-27,http://en.wikipedia.org/wiki/1963_Mexican_Grand_Prix,
728,1963,10,56,South African Grand Prix,1963-12-28,http://en.wikipedia.org/wiki/1963_South_African_Grand_Prix,
729,1962,1,39,Dutch Grand Prix,1962-05-20,http://en.wikipedia.org/wiki/1962_Dutch_Grand_Prix,
730,1962,2,6,Monaco Grand Prix,1962-06-03,http://en.wikipedia.org/wiki/1962_Monaco_Grand_Prix,
731,1962,3,13,Belgian Grand Prix,1962-06-17,http://en.wikipedia.org/wiki/1962_Belgian_Grand_Prix,
732,1962,4,53,French Grand Prix,1962-07-08,http://en.wikipedia.org/wiki/1962_French_Grand_Prix,
733,1962,5,58,British Grand Prix,1962-07-21,http://en.wikipedia.org/wiki/1962_British_Grand_Prix,
734,1962,6,20,German Grand Prix,1962-08-05,http://en.wikipedia.org/wiki/1962_German_Grand_Prix,
735,1962,7,14,Italian Grand Prix,1962-09-16,http://en.wikipedia.org/wiki/1962_Italian_Grand_Prix,
736,1962,8,46,United States Grand Prix,1962-10-07,http://en.wikipedia.org/wiki/1962_United_States_Grand_Prix,
737,1962,9,56,South African Grand Prix,1962-12-29,http://en.wikipedia.org/wiki/1962_South_African_Grand_Prix,
738,1961,1,6,Monaco Grand Prix,1961-05-14,http://en.wikipedia.org/wiki/1961_Monaco_Grand_Prix,
739,1961,2,39,Dutch Grand Prix,1961-05-22,http://en.wikipedia.org/wiki/1961_Dutch_Grand_Prix,
740,1961,3,13,Belgian Grand Prix,1961-06-18,http://en.wikipedia.org/wiki/1961_Belgian_Grand_Prix,
741,1961,4,55,French Grand Prix,1961-07-02,http://en.wikipedia.org/wiki/1961_French_Grand_Prix,
742,1961,5,58,British Grand Prix,1961-07-15,http://en.wikipedia.org/wiki/1961_British_Grand_Prix,
743,1961,6,20,German Grand Prix,1961-08-06,http://en.wikipedia.org/wiki/1961_German_Grand_Prix,
744,1961,7,14,Italian Grand Prix,1961-09-10,http://en.wikipedia.org/wiki/1961_Italian_Grand_Prix,
745,1961,8,46,United States Grand Prix,1961-10-08,http://en.wikipedia.org/wiki/1961_United_States_Grand_Prix,
746,1960,1,25,Argentine Grand Prix,1960-02-07,http://en.wikipedia.org/wiki/1960_Argentine_Grand_Prix,
747,1960,2,6,Monaco Grand Prix,1960-05-29,http://en.wikipedia.org/wiki/1960_Monaco_Grand_Prix,
748,1960,3,19,Indianapolis 500,1960-05-30,http://en.wikipedia.org/wiki/1960_Indianapolis_500,
749,1960,4,39,Dutch Grand Prix,1960-06-06,http://en.wikipedia.org/wiki/1960_Dutch_Grand_Prix,
750,1960,5,13,Belgian Grand Prix,1960-06-19,http://en.wikipedia.org/wiki/1960_Belgian_Grand_Prix,
751,1960,6,55,French Grand Prix,1960-07-03,http://en.wikipedia.org/wiki/1960_French_Grand_Prix,
752,1960,7,9,British Grand Prix,1960-07-16,http://en.wikipedia.org/wiki/1960_British_Grand_Prix,
753,1960,8,59,Portuguese Grand Prix,1960-08-14,http://en.wikipedia.org/wiki/1960_Portuguese_Grand_Prix,
754,1960,9,14,Italian Grand Prix,1960-09-04,http://en.wikipedia.org/wiki/1960_Italian_Grand_Prix,
755,1960,10,60,United States Grand Prix,1960-11-20,http://en.wikipedia.org/wiki/1960_United_States_Grand_Prix,
756,1959,1,6,Monaco Grand Prix,1959-05-10,http://en.wikipedia.org/wiki/1959_Monaco_Grand_Prix,
757,1959,2,19,Indianapolis 500,1959-05-30,http://en.wikipedia.org/wiki/1959_Indianapolis_500,
758,1959,3,39,Dutch Grand Prix,1959-05-31,http://en.wikipedia.org/wiki/1959_Dutch_Grand_Prix,
759,1959,4,55,French Grand Prix,1959-07-05,http://en.wikipedia.org/wiki/1959_French_Grand_Prix,
760,1959,5,58,British Grand Prix,1959-07-18,http://en.wikipedia.org/wiki/1959_British_Grand_Prix,
761,1959,6,61,German Grand Prix,1959-08-02,http://en.wikipedia.org/wiki/1959_German_Grand_Prix,
762,1959,7,62,Portuguese Grand Prix,1959-08-23,http://en.wikipedia.org/wiki/1959_Portuguese_Grand_Prix,
763,1959,8,14,Italian Grand Prix,1959-09-13,http://en.wikipedia.org/wiki/1959_Italian_Grand_Prix,
764,1959,9,63,United States Grand Prix,1959-12-12,http://en.wikipedia.org/wiki/1959_United_States_Grand_Prix,
765,1958,1,25,Argentine Grand Prix,1958-01-19,http://en.wikipedia.org/wiki/1958_Argentine_Grand_Prix,
766,1958,2,6,Monaco Grand Prix,1958-05-18,http://en.wikipedia.org/wiki/1958_Monaco_Grand_Prix,
767,1958,3,39,Dutch Grand Prix,1958-05-26,http://en.wikipedia.org/wiki/1958_Dutch_Grand_Prix,
768,1958,4,19,Indianapolis 500,1958-05-30,http://en.wikipedia.org/wiki/1958_Indianapolis_500,
769,1958,5,13,Belgian Grand Prix,1958-06-15,http://en.wikipedia.org/wiki/1958_Belgian_Grand_Prix,
770,1958,6,55,French Grand Prix,1958-07-06,http://en.wikipedia.org/wiki/1958_French_Grand_Prix,
771,1958,7,9,British Grand Prix,1958-07-19,http://en.wikipedia.org/wiki/1958_British_Grand_Prix,
772,1958,8,20,German Grand Prix,1958-08-03,http://en.wikipedia.org/wiki/1958_German_Grand_Prix,
773,1958,9,59,Portuguese Grand Prix,1958-08-24,http://en.wikipedia.org/wiki/1958_Portuguese_Grand_Prix,
774,1958,10,14,Italian Grand Prix,1958-09-07,http://en.wikipedia.org/wiki/1958_Italian_Grand_Prix,
775,1958,11,64,Moroccan Grand Prix,1958-10-19,http://en.wikipedia.org/wiki/1958_Moroccan_Grand_Prix,
776,1957,1,25,Argentine Grand Prix,1957-01-13,http://en.wikipedia.org/wiki/1957_Argentine_Grand_Prix,
777,1957,2,6,Monaco Grand Prix,1957-05-19,http://en.wikipedia.org/wiki/1957_Monaco_Grand_Prix,
778,1957,3,19,Indianapolis 500,1957-05-30,http://en.wikipedia.org/wiki/1957_Indianapolis_500,
779,1957,4,53,French Grand Prix,1957-07-07,http://en.wikipedia.org/wiki/1957_French_Grand_Prix,
780,1957,5,58,British Grand Prix,1957-07-20,http://en.wikipedia.org/wiki/1957_British_Grand_Prix,
781,1957,6,20,German Grand Prix,1957-08-04,http://en.wikipedia.org/wiki/1957_German_Grand_Prix,
782,1957,7,65,Pescara Grand Prix,1957-08-18,http://en.wikipedia.org/wiki/1957_Pescara_Grand_Prix,
783,1957,8,14,Italian Grand Prix,1957-09-08,http://en.wikipedia.org/wiki/1957_Italian_Grand_Prix,
784,1956,1,25,Argentine Grand Prix,1956-01-22,http://en.wikipedia.org/wiki/1956_Argentine_Grand_Prix,
785,1956,2,6,Monaco Grand Prix,1956-05-13,http://en.wikipedia.org/wiki/1956_Monaco_Grand_Prix,
786,1956,3,19,Indianapolis 500,1956-05-30,http://en.wikipedia.org/wiki/1956_Indianapolis_500,
787,1956,4,13,Belgian Grand Prix,1956-06-03,http://en.wikipedia.org/wiki/1956_Belgian_Grand_Prix,
788,1956,5,55,French Grand Prix,1956-07-01,http://en.wikipedia.org/wiki/1956_French_Grand_Prix,
789,1956,6,9,British Grand Prix,1956-07-14,http://en.wikipedia.org/wiki/1956_British_Grand_Prix,
790,1956,7,20,German Grand Prix,1956-08-05,http://en.wikipedia.org/wiki/1956_German_Grand_Prix,
791,1956,8,14,Italian Grand Prix,1956-09-02,http://en.wikipedia.org/wiki/1956_Italian_Grand_Prix,
792,1955,1,25,Argentine Grand Prix,1955-01-16,http://en.wikipedia.org/wiki/1955_Argentine_Grand_Prix,
793,1955,2,6,Monaco Grand Prix,1955-05-22,http://en.wikipedia.org/wiki/1955_Monaco_Grand_Prix,
794,1955,3,19,Indianapolis 500,1955-05-30,http://en.wikipedia.org/wiki/1955_Indianapolis_500,
795,1955,4,13,Belgian Grand Prix,1955-06-05,http://en.wikipedia.org/wiki/1955_Belgian_Grand_Prix,
796,1955,5,39,Dutch Grand Prix,1955-06-19,http://en.wikipedia.org/wiki/1955_Dutch_Grand_Prix,
797,1955,6,58,British Grand Prix,1955-07-16,http://en.wikipedia.org/wiki/1955_British_Grand_Prix,
798,1955,7,14,Italian Grand Prix,1955-09-11,http://en.wikipedia.org/wiki/1955_Italian_Grand_Prix,
799,1954,1,25,Argentine Grand Prix,1954-01-17,http://en.wikipedia.org/wiki/1954_Argentine_Grand_Prix,
800,1954,2,19,Indianapolis 500,1954-05-31,http://en.wikipedia.org/wiki/1954_Indianapolis_500,
801,1954,3,13,Belgian Grand Prix,1954-06-20,http://en.wikipedia.org/wiki/1954_Belgian_Grand_Prix,
802,1954,4,55,French Grand Prix,1954-07-04,http://en.wikipedia.org/wiki/1954_French_Grand_Prix,
803,1954,5,9,British Grand Prix,1954-07-17,http://en.wikipedia.org/wiki/1954_British_Grand_Prix,
804,1954,6,20,German Grand Prix,1954-08-01,http://en.wikipedia.org/wiki/1954_German_Grand_Prix,
805,1954,7,66,Swiss Grand Prix,1954-08-22,http://en.wikipedia.org/wiki/1954_Swiss_Grand_Prix,
806,1954,8,14,Italian Grand Prix,1954-09-05,http://en.wikipedia.org/wiki/1954_Italian_Grand_Prix,
807,1954,9,67,Spanish Grand Prix,1954-10-24,http://en.wikipedia.org/wiki/1954_Spanish_Grand_Prix,
808,1953,1,25,Argentine Grand Prix,1953-01-18,http://en.wikipedia.org/wiki/1953_Argentine_Grand_Prix,
809,1953,2,19,Indianapolis 500,1953-05-30,http://en.wikipedia.org/wiki/1953_Indianapolis_500,
810,1953,3,39,Dutch Grand Prix,1953-06-07,http://en.wikipedia.org/wiki/1953_Dutch_Grand_Prix,
811,1953,4,13,Belgian Grand Prix,1953-06-21,http://en.wikipedia.org/wiki/1953_Belgian_Grand_Prix,
812,1953,5,55,French Grand Prix,1953-07-05,http://en.wikipedia.org/wiki/1953_French_Grand_Prix,
813,1953,6,9,British Grand Prix,1953-07-18,http://en.wikipedia.org/wiki/1953_British_Grand_Prix,
814,1953,7,20,German Grand Prix,1953-08-02,http://en.wikipedia.org/wiki/1953_German_Grand_Prix,
815,1953,8,66,Swiss Grand Prix,1953-08-23,http://en.wikipedia.org/wiki/1953_Swiss_Grand_Prix,
816,1953,9,14,Italian Grand Prix,1953-09-13,http://en.wikipedia.org/wiki/1953_Italian_Grand_Prix,
817,1952,1,66,Swiss Grand Prix,1952-05-18,http://en.wikipedia.org/wiki/1952_Swiss_Grand_Prix,
818,1952,2,19,Indianapolis 500,1952-05-30,http://en.wikipedia.org/wiki/1952_Indianapolis_500,
819,1952,3,13,Belgian Grand Prix,1952-06-22,http://en.wikipedia.org/wiki/1952_Belgian_Grand_Prix,
820,1952,4,53,French Grand Prix,1952-07-06,http://en.wikipedia.org/wiki/1952_French_Grand_Prix,
821,1952,5,9,British Grand Prix,1952-07-19,http://en.wikipedia.org/wiki/1952_British_Grand_Prix,
822,1952,6,20,German Grand Prix,1952-08-03,http://en.wikipedia.org/wiki/1952_German_Grand_Prix,
823,1952,7,39,Dutch Grand Prix,1952-08-17,http://en.wikipedia.org/wiki/1952_Dutch_Grand_Prix,
824,1952,8,14,Italian Grand Prix,1952-09-07,http://en.wikipedia.org/wiki/1952_Italian_Grand_Prix,
825,1951,1,66,Swiss Grand Prix,1951-05-27,http://en.wikipedia.org/wiki/1951_Swiss_Grand_Prix,
826,1951,2,19,Indianapolis 500,1951-05-30,http://en.wikipedia.org/wiki/1951_Indianapolis_500,
827,1951,3,13,Belgian Grand Prix,1951-06-17,http://en.wikipedia.org/wiki/1951_Belgian_Grand_Prix,
828,1951,4,55,French Grand Prix,1951-07-01,http://en.wikipedia.org/wiki/1951_French_Grand_Prix,
829,1951,5,9,British Grand Prix,1951-07-14,http://en.wikipedia.org/wiki/1951_British_Grand_Prix,
830,1951,6,20,German Grand Prix,1951-07-29,http://en.wikipedia.org/wiki/1951_German_Grand_Prix,
831,1951,7,14,Italian Grand Prix,1951-09-16,http://en.wikipedia.org/wiki/1951_Italian_Grand_Prix,
832,1951,8,67,Spanish Grand Prix,1951-10-28,http://en.wikipedia.org/wiki/1951_Spanish_Grand_Prix,
833,1950,1,9,British Grand Prix,1950-05-13,http://en.wikipedia.org/wiki/1950_British_Grand_Prix,
834,1950,2,6,Monaco Grand Prix,1950-05-21,http://en.wikipedia.org/wiki/1950_Monaco_Grand_Prix,
835,1950,3,19,Indianapolis 500,1950-05-30,http://en.wikipedia.org/wiki/1950_Indianapolis_500,
836,1950,4,66,Swiss Grand Prix,1950-06-04,http://en.wikipedia.org/wiki/1950_Swiss_Grand_Prix,
837,1950,5,13,Belgian Grand Prix,1950-06-18,http://en.wikipedia.org/wiki/1950_Belgian_Grand_Prix,
838,1950,6,55,French Grand Prix,1950-07-02,http://en.wikipedia.org/wiki/1950_French_Grand_Prix,
839,1950,7,14,Italian Grand Prix,1950-09-03,http://en.wikipedia.org/wiki/1950_Italian_Grand_Prix,
841,2011,1,1,Australian Grand Prix,2011-03-27,http://en.wikipedia.org/wiki/2011_Australian_Grand_Prix,
842,2011,2,2,Malaysian Grand Prix,2011-04-10,http://en.wikipedia.org/wiki/2011_Malaysian_Grand_Prix,
843,2011,3,17,Chinese Grand Prix,2011-04-17,http://en.wikipedia.org/wiki/2011_Chinese_Grand_Prix,
844,2011,4,5,Turkish Grand Prix,2011-05-08,http://en.wikipedia.org/wiki/2011_Turkish_Grand_Prix,
845,2011,5,4,Spanish Grand Prix,2011-05-22,http://en.wikipedia.org/wiki/2011_Spanish_Grand_Prix,
846,2011,6,6,Monaco Grand Prix,2011-05-29,http://en.wikipedia.org/wiki/2011_Monaco_Grand_Prix,
847,2011,7,7,Canadian Grand Prix,2011-06-12,http://en.wikipedia.org/wiki/2011_Canadian_Grand_Prix,
848,2011,8,12,European Grand Prix,2011-06-26,http://en.wikipedia.org/wiki/2011_European_Grand_Prix,
849,2011,9,9,British Grand Prix,2011-07-10,http://en.wikipedia.org/wiki/2011_British_Grand_Prix,
850,2011,10,20,German Grand Prix,2011-07-24,http://en.wikipedia.org/wiki/2011_German_Grand_Prix,
851,2011,11,11,Hungarian Grand Prix,2011-07-31,http://en.wikipedia.org/wiki/2011_Hungarian_Grand_Prix,
852,2011,12,13,Belgian Grand Prix,2011-08-28,http://en.wikipedia.org/wiki/2011_Belgian_Grand_Prix,
853,2011,13,14,Italian Grand Prix,2011-09-11,http://en.wikipedia.org/wiki/2011_Italian_Grand_Prix,
854,2011,14,15,Singapore Grand Prix,2011-09-25,http://en.wikipedia.org/wiki/2011_Singapore_Grand_Prix,
855,2011,15,22,Japanese Grand Prix,2011-10-09,http://en.wikipedia.org/wiki/2011_Japanese_Grand_Prix,
856,2011,16,35,Korean Grand Prix,2011-10-16,http://en.wikipedia.org/wiki/2011_Korean_Grand_Prix,
857,2011,17,68,Indian Grand Prix,2011-10-30,http://en.wikipedia.org/wiki/2011_Indian_Grand_Prix,
858,2011,18,24,Abu Dhabi Grand Prix,2011-11-13,http://en.wikipedia.org/wiki/2011_Abu_Dhabi_Grand_Prix,
859,2011,19,18,Brazilian Grand Prix,2011-11-27,http://en.wikipedia.org/wiki/2011_Brazilian_Grand_Prix,
860,2012,1,1,Australian Grand Prix,2012-03-18,http://en.wikipedia.org/wiki/2012_Australian_Grand_Prix,
861,2012,2,2,Malaysian Grand Prix,2012-03-25,http://en.wikipedia.org/wiki/2012_Malaysian_Grand_Prix,
862,2012,3,17,Chinese Grand Prix,2012-04-15,http://en.wikipedia.org/wiki/2012_Chinese_Grand_Prix,
863,2012,4,3,Bahrain Grand Prix,2012-04-22,http://en.wikipedia.org/wiki/2012_Bahrain_Grand_Prix,
864,2012,5,4,Spanish Grand Prix,2012-05-13,http://en.wikipedia.org/wiki/2012_Spanish_Grand_Prix,
865,2012,6,6,Monaco Grand Prix,2012-05-27,http://en.wikipedia.org/wiki/2012_Monaco_Grand_Prix,
866,2012,7,7,Canadian Grand Prix,2012-06-10,http://en.wikipedia.org/wiki/2012_Canadian_Grand_Prix,
867,2012,8,12,European Grand Prix,2012-06-24,http://en.wikipedia.org/wiki/2012_European_Grand_Prix,
868,2012,9,9,British Grand Prix,2012-07-08,http://en.wikipedia.org/wiki/2012_British_Grand_Prix,
869,2012,10,10,German Grand Prix,2012-07-22,http://en.wikipedia.org/wiki/2012_German_Grand_Prix,
870,2012,11,11,Hungarian Grand Prix,2012-07-29,http://en.wikipedia.org/wiki/2012_Hungarian_Grand_Prix,
871,2012,12,13,Belgian Grand Prix,2012-09-02,http://en.wikipedia.org/wiki/2012_Belgian_Grand_Prix,
872,2012,13,14,Italian Grand Prix,2012-09-09,http://en.wikipedia.org/wiki/2012_Italian_Grand_Prix,
873,2012,14,15,Singapore Grand Prix,2012-09-23,http://en.wikipedia.org/wiki/2012_Singapore_Grand_Prix,
874,2012,15,22,Japanese Grand Prix,2012-10-07,http://en.wikipedia.org/wiki/2012_Japanese_Grand_Prix,
875,2012,16,35,Korean Grand Prix,2012-10-14,http://en.wikipedia.org/wiki/2012_Korean_Grand_Prix,
876,2012,17,68,Indian Grand Prix,2012-10-28,http://en.wikipedia.org/wiki/2012_Indian_Grand_Prix,
877,2012,18,24,Abu Dhabi Grand Prix,2012-11-04,http://en.wikipedia.org/wiki/2012_Abu_Dhabi_Grand_Prix,
878,2012,19,69,United States Grand Prix,2012-11-18,http://en.wikipedia.org/wiki/2012_United_States_Grand_Prix,
879,2012,20,18,Brazilian Grand Prix,2012-11-25,http://en.wikipedia.org/wiki/2012_Brazilian_Grand_Prix,
880,2013,1,1,Australian Grand Prix,2013-03-17,http://en.wikipedia.org/wiki/2013_Australian_Grand_Prix,
881,2013,2,2,Malaysian Grand Prix,2013-03-24,http://en.wikipedia.org/wiki/2013_Malaysian_Grand_Prix,
882,2013,3,17,Chinese Grand Prix,2013-04-14,http://en.wikipedia.org/wiki/2013_Chinese_Grand_Prix,
883,2013,4,3,Bahrain Grand Prix,2013-04-21,http://en.wikipedia.org/wiki/2013_Bahrain_Grand_Prix,
884,2013,5,4,Spanish Grand Prix,2013-05-12,http://en.wikipedia.org/wiki/2013_Spanish_Grand_Prix,
885,2013,6,6,Monaco Grand Prix,2013-05-26,http://en.wikipedia.org/wiki/2013_Monaco_Grand_Prix,
886,2013,7,7,Canadian Grand Prix,2013-06-09,http://en.wikipedia.org/wiki/2013_Canadian_Grand_Prix,
887,2013,8,9,British Grand Prix,2013-06-30,http://en.wikipedia.org/wiki/2013_British_Grand_Prix,
888,2013,9,20,German Grand Prix,2013-07-07,http://en.wikipedia.org/wiki/2013_German_Grand_Prix,
890,2013,10,11,Hungarian Grand Prix,2013-07-28,http://en.wikipedia.org/wiki/2013_Hungarian_Grand_Prix,
891,2013,11,13,Belgian Grand Prix,2013-08-25,http://en.wikipedia.org/wiki/2013_Belgian_Grand_Prix,
892,2013,12,14,Italian Grand Prix,2013-09-08,http://en.wikipedia.org/wiki/2013_Italian_Grand_Prix,
893,2013,13,15,Singapore Grand Prix,2013-09-22,http://en.wikipedia.org/wiki/2013_Singapore_Grand_Prix,
894,2013,14,35,Korean Grand Prix,2013-10-06,http://en.wikipedia.org/wiki/2013_Korean_Grand_Prix,
895,2013,15,22,Japanese Grand Prix,2013-10-13,http://en.wikipedia.org/wiki/2013_Japanese_Grand_Prix,
896,2013,16,68,Indian Grand Prix,2013-10-27,http://en.wikipedia.org/wiki/2013_Indian_Grand_Prix,
897,2013,17,24,Abu Dhabi Grand Prix,2013-11-03,http://en.wikipedia.org/wiki/2013_Abu_Dhabi_Grand_Prix,
898,2013,18,69,United States Grand Prix,2013-11-17,http://en.wikipedia.org/wiki/2013_United_States_Grand_Prix,
899,2013,19,18,Brazilian Grand Prix,2013-11-24,http://en.wikipedia.org/wiki/2013_Brazilian_Grand_Prix,
900,2014,1,1,Australian Grand Prix,2014-03-16,http://en.wikipedia.org/wiki/2014_Australian_Grand_Prix,
901,2014,2,2,Malaysian Grand Prix,2014-03-30,http://en.wikipedia.org/wiki/2014_Malaysian_Grand_Prix,
902,2014,3,3,Bahrain Grand Prix,2014-04-06,http://en.wikipedia.org/wiki/2014_Bahrain_Grand_Prix,
903,2014,4,17,Chinese Grand Prix,2014-04-20,http://en.wikipedia.org/wiki/2014_Chinese_Grand_Prix,
904,2014,5,4,Spanish Grand Prix,2014-05-11,http://en.wikipedia.org/wiki/2014_Spanish_Grand_Prix,
905,2014,6,6,Monaco Grand Prix,2014-05-25,http://en.wikipedia.org/wiki/2014_Monaco_Grand_Prix,
906,2014,7,7,Canadian Grand Prix,2014-06-08,http://en.wikipedia.org/wiki/2014_Canadian_Grand_Prix,
907,2014,8,70,Austrian Grand Prix,2014-06-22,http://en.wikipedia.org/wiki/2014_Austrian_Grand_Prix,
908,2014,9,9,British Grand Prix,2014-07-06,http://en.wikipedia.org/wiki/2014_British_Grand_Prix,
909,2014,10,10,German Grand Prix,2014-07-20,http://en.wikipedia.org/wiki/2014_German_Grand_Prix,
910,2014,11,11,Hungarian Grand Prix,2014-07-27,http://en.wikipedia.org/wiki/2014_Hungarian_Grand_Prix,
911,2014,12,13,Belgian Grand Prix,2014-08-24,http://en.wikipedia.org/wiki/2014_Belgian_Grand_Prix,
912,2014,13,14,Italian Grand Prix,2014-09-07,http://en.wikipedia.org/wiki/2014_Italian_Grand_Prix,
913,2014,14,15,Singapore Grand Prix,2014-09-21,http://en.wikipedia.org/wiki/2014_Singapore_Grand_Prix,
914,2014,15,22,Japanese Grand Prix,2014-10-05,http://en.wikipedia.org/wiki/2014_Japanese_Grand_Prix,
915,2014,16,71,Russian Grand Prix,2014-10-12,http://en.wikipedia.org/wiki/2014_Russian_Grand_Prix,
916,2014,17,69,United States Grand Prix,2014-11-02,http://en.wikipedia.org/wiki/2014_United_States_Grand_Prix,
917,2014,18,18,Brazilian Grand Prix,2014-11-09,http://en.wikipedia.org/wiki/2014_Brazilian_Grand_Prix,
918,2014,19,24,Abu Dhabi Grand Prix,2014-11-23,http://en.wikipedia.org/wiki/2014_Abu_Dhabi_Grand_Prix,
931,2015,6,6,Monaco Grand Prix,2015-05-24,http://en.wikipedia.org/wiki/2015_Monaco_Grand_Prix,
932,2015,7,7,Canadian Grand Prix,2015-06-07,http://en.wikipedia.org/wiki/2015_Canadian_Grand_Prix,
929,2015,4,3,Bahrain Grand Prix,2015-04-19,http://en.wikipedia.org/wiki/2015_Bahrain_Grand_Prix,
930,2015,5,4,Spanish Grand Prix,2015-05-10,http://en.wikipedia.org/wiki/2015_Spanish_Grand_Prix,
928,2015,3,17,Chinese Grand Prix,2015-04-12,http://en.wikipedia.org/wiki/2015_Chinese_Grand_Prix,
926,2015,1,1,Australian Grand Prix,2015-03-15,http://en.wikipedia.org/wiki/2015_Australian_Grand_Prix,
927,2015,2,2,Malaysian Grand Prix,2015-03-29,http://en.wikipedia.org/wiki/2015_Malaysian_Grand_Prix,
933,2015,8,70,Austrian Grand Prix,2015-06-21,http://en.wikipedia.org/wiki/2015_Austrian_Grand_Prix,
934,2015,9,9,British Grand Prix,2015-07-05,http://en.wikipedia.org/wiki/2015_British_Grand_Prix,
936,2015,10,11,Hungarian Grand Prix,2015-07-26,http://en.wikipedia.org/wiki/2015_Hungarian_Grand_Prix,
937,2015,11,13,Belgian Grand Prix,2015-08-23,http://en.wikipedia.org/wiki/2015_Belgian_Grand_Prix,
938,2015,12,14,Italian Grand Prix,2015-09-06,http://en.wikipedia.org/wiki/2015_Italian_Grand_Prix,
939,2015,13,15,Singapore Grand Prix,2015-09-20,http://en.wikipedia.org/wiki/2015_Singapore_Grand_Prix,
940,2015,14,22,Japanese Grand Prix,2015-09-27,http://en.wikipedia.org/wiki/2015_Japanese_Grand_Prix,
941,2015,15,71,Russian Grand Prix,2015-10-11,http://en.wikipedia.org/wiki/2015_Russian_Grand_Prix,
942,2015,16,69,United States Grand Prix,2015-10-25,http://en.wikipedia.org/wiki/2015_United_States_Grand_Prix,
943,2015,17,32,Mexican Grand Prix,2015-11-01,http://en.wikipedia.org/wiki/2015_Mexican_Grand_Prix,
944,2015,18,18,Brazilian Grand Prix,2015-11-15,http://en.wikipedia.org/wiki/2015_Brazilian_Grand_Prix,
945,2015,19,24,Abu Dhabi Grand Prix,2015-11-29,http://en.wikipedia.org/wiki/2015_Abu_Dhabi_Grand_Prix,
948,2016,1,1,Australian Grand Prix,2016-03-20,http://en.wikipedia.org/wiki/2016_Australian_Grand_Prix,
949,2016,2,3,Bahrain Grand Prix,2016-04-03,http://en.wikipedia.org/wiki/2016_Bahrain_Grand_Prix,
950,2016,3,17,Chinese Grand Prix,2016-04-17,http://en.wikipedia.org/wiki/2016_Chinese_Grand_Prix,
951,2016,4,71,Russian Grand Prix,2016-05-01,http://en.wikipedia.org/wiki/2016_Russian_Grand_Prix,
952,2016,5,4,Spanish Grand Prix,2016-05-15,http://en.wikipedia.org/wiki/2016_Spanish_Grand_Prix,
953,2016,6,6,Monaco Grand Prix,2016-05-29,http://en.wikipedia.org/wiki/2016_Monaco_Grand_Prix,
954,2016,7,7,Canadian Grand Prix,2016-06-12,http://en.wikipedia.org/wiki/2016_Canadian_Grand_Prix,
955,2016,8,73,European Grand Prix,2016-06-19,http://en.wikipedia.org/wiki/2016_European_Grand_Prix,
956,2016,9,70,Austrian Grand Prix,2016-07-03,http://en.wikipedia.org/wiki/2016_Austrian_Grand_Prix,
957,2016,10,9,British Grand Prix,2016-07-10,http://en.wikipedia.org/wiki/2016_British_Grand_Prix,
958,2016,11,11,Hungarian Grand Prix,2016-07-24,http://en.wikipedia.org/wiki/2016_Hungarian_Grand_Prix,
959,2016,12,10,German Grand Prix,2016-07-31,http://en.wikipedia.org/wiki/2016_German_Grand_Prix,
960,2016,13,13,Belgian Grand Prix,2016-08-28,http://en.wikipedia.org/wiki/2016_Belgian_Grand_Prix,
961,2016,14,14,Italian Grand Prix,2016-09-04,http://en.wikipedia.org/wiki/2016_Italian_Grand_Prix,
962,2016,15,15,Singapore Grand Prix,2016-09-18,http://en.wikipedia.org/wiki/2016_Singapore_Grand_Prix,
963,2016,16,2,Malaysian Grand Prix,2016-10-02,http://en.wikipedia.org/wiki/2016_Malaysian_Grand_Prix,
964,2016,17,22,Japanese Grand Prix,2016-10-09,http://en.wikipedia.org/wiki/2016_Japanese_Grand_Prix,
965,2016,18,69,United States Grand Prix,2016-10-23,http://en.wikipedia.org/wiki/2016_United_States_Grand_Prix,
966,2016,19,32,Mexican Grand Prix,2016-10-30,http://en.wikipedia.org/wiki/2016_Mexican_Grand_Prix,
967,2016,20,18,Brazilian Grand Prix,2016-11-13,http://en.wikipedia.org/wiki/2016_Brazilian_Grand_Prix,
968,2016,21,24,Abu Dhabi Grand Prix,2016-11-27,http://en.wikipedia.org/wiki/2016_Abu_Dhabi_Grand_Prix,
969,2017,1,1,Australian Grand Prix,2017-03-26,http://en.wikipedia.org/wiki/2017_Australian_Grand_Prix,
970,2017,2,17,Chinese Grand Prix,2017-04-09,http://en.wikipedia.org/wiki/2017_Chinese_Grand_Prix,
971,2017,3,3,Bahrain Grand Prix,2017-04-16,http://en.wikipedia.org/wiki/2017_Bahrain_Grand_Prix,
972,2017,4,71,Russian Grand Prix,2017-04-30,http://en.wikipedia.org/wiki/2017_Russian_Grand_Prix,
973,2017,5,4,Spanish Grand Prix,2017-05-14,http://en.wikipedia.org/wiki/2017_Spanish_Grand_Prix,
974,2017,6,6,Monaco Grand Prix,2017-05-28,http://en.wikipedia.org/wiki/2017_Monaco_Grand_Prix,
975,2017,7,7,Canadian Grand Prix,2017-06-11,http://en.wikipedia.org/wiki/2017_Canadian_Grand_Prix,
976,2017,8,73,Azerbaijan Grand Prix,2017-06-25,http://en.wikipedia.org/wiki/2017_Azerbaijan_Grand_Prix,
977,2017,9,70,Austrian Grand Prix,2017-07-09,http://en.wikipedia.org/wiki/2017_Austrian_Grand_Prix,
978,2017,10,9,British Grand Prix,2017-07-16,http://en.wikipedia.org/wiki/2017_British_Grand_Prix,
979,2017,11,11,Hungarian Grand Prix,2017-07-30,http://en.wikipedia.org/wiki/2017_Hungarian_Grand_Prix,
980,2017,12,13,Belgian Grand Prix,2017-08-27,http://en.wikipedia.org/wiki/2017_Belgian_Grand_Prix,
981,2017,13,14,Italian Grand Prix,2017-09-03,http://en.wikipedia.org/wiki/2017_Italian_Grand_Prix,
982,2017,14,15,Singapore Grand Prix,2017-09-17,http://en.wikipedia.org/wiki/2017_Singapore_Grand_Prix,
983,2017,15,2,Malaysian Grand Prix,2017-10-01,http://en.wikipedia.org/wiki/2017_Malaysian_Grand_Prix,
984,2017,16,22,Japanese Grand Prix,2017-10-08,http://en.wikipedia.org/wiki/2017_Japanese_Grand_Prix,
985,2017,17,69,United States Grand Prix,2017-10-22,http://en.wikipedia.org/wiki/2017_United_States_Grand_Prix,
986,2017,18,32,Mexican Grand Prix,2017-10-29,http://en.wikipedia.org/wiki/2017_Mexican_Grand_Prix,
987,2017,19,18,Brazilian Grand Prix,2017-11-12,http://en.wikipedia.org/wiki/2017_Brazilian_Grand_Prix,
988,2017,20,24,Abu Dhabi Grand Prix,2017-11-26,http://en.wikipedia.org/wiki/2017_Abu_Dhabi_Grand_Prix,
989,2018,1,1,Australian Grand Prix,2018-03-25,http://en.wikipedia.org/wiki/2018_Australian_Grand_Prix,
990,2018,2,3,Bahrain Grand Prix,2018-04-08,http://en.wikipedia.org/wiki/2018_Bahrain_Grand_Prix,
991,2018,3,17,Chinese Grand Prix,2018-04-15,http://en.wikipedia.org/wiki/2018_Chinese_Grand_Prix,
992,2018,4,73,Azerbaijan Grand Prix,2018-04-29,http://en.wikipedia.org/wiki/2018_Azerbaijan_Grand_Prix,
993,2018,5,4,Spanish Grand Prix,2018-05-13,http://en.wikipedia.org/wiki/2018_Spanish_Grand_Prix,
994,2018,6,6,Monaco Grand Prix,2018-05-27,http://en.wikipedia.org/wiki/2018_Monaco_Grand_Prix,
995,2018,7,7,Canadian Grand Prix,2018-06-10,http://en.wikipedia.org/wiki/2018_Canadian_Grand_Prix,
996,2018,8,34,French Grand Prix,2018-06-24,http://en.wikipedia.org/wiki/2018_French_Grand_Prix,
997,2018,9,70,Austrian Grand Prix,2018-07-01,http://en.wikipedia.org/wiki/2018_Austrian_Grand_Prix,
998,2018,10,9,British Grand Prix,2018-07-08,http://en.wikipedia.org/wiki/2018_British_Grand_Prix,
999,2018,11,10,German Grand Prix,2018-07-22,http://en.wikipedia.org/wiki/2018_German_Grand_Prix,
1000,2018,12,11,Hungarian Grand Prix,2018-07-29,http://en.wikipedia.org/wiki/2018_Hungarian_Grand_Prix,
1001,2018,13,13,Belgian Grand Prix,2018-08-26,http://en.wikipedia.org/wiki/2018_Belgian_Grand_Prix,
1002,2018,14,14,Italian Grand Prix,2018-09-02,http://en.wikipedia.org/wiki/2018_Italian_Grand_Prix,
1003,2018,15,15,Singapore Grand Prix,2018-09-16,http://en.wikipedia.org/wiki/2018_Singapore_Grand_Prix,
1004,2018,16,71,Russian Grand Prix,2018-09-30,http://en.wikipedia.org/wiki/2018_Russian_Grand_Prix,
1005,2018,17,22,Japanese Grand Prix,2018-10-07,http://en.wikipedia.org/wiki/2018_Japanese_Grand_Prix,
1006,2018,18,69,United States Grand Prix,2018-10-21,http://en.wikipedia.org/wiki/2018_United_States_Grand_Prix,
1007,2018,19,32,Mexican Grand Prix,2018-10-28,http://en.wikipedia.org/wiki/2018_Mexican_Grand_Prix,
1008,2018,20,18,Brazilian Grand Prix,2018-11-11,http://en.wikipedia.org/wiki/2018_Brazilian_Grand_Prix,
1009,2018,21,24,Abu Dhabi Grand Prix,2018-11-25,http://en.wikipedia.org/wiki/2018_Abu_Dhabi_Grand_Prix,
1010,2019,1,1,Australian Grand Prix,2019-03-17,http://en.wikipedia.org/wiki/2019_Australian_Grand_Prix,
1011,2019,2,3,Bahrain Grand Prix,2019-03-31,http://en.wikipedia.org/wiki/2019_Bahrain_Grand_Prix,
1012,2019,3,17,Chinese Grand Prix,2019-04-14,http://en.wikipedia.org/wiki/2019_Chinese_Grand_Prix,
1013,2019,4,73,Azerbaijan Grand Prix,2019-04-28,http://en.wikipedia.org/wiki/2019_Azerbaijan_Grand_Prix,
1014,2019,5,4,Spanish Grand Prix,2019-05-12,http://en.wikipedia.org/wiki/2019_Spanish_Grand_Prix,
1015,2019,6,6,Monaco Grand Prix,2019-05-26,http://en.wikipedia.org/wiki/2019_Monaco_Grand_Prix,
1016,2019,7,7,Canadian Grand Prix,2019-06-09,http://en.wikipedia.org/wiki/2019_Canadian_Grand_Prix,
1017,2019,8,34,French Grand Prix,2019-06-23,http://en.wikipedia.org/wiki/2019_French_Grand_Prix,
1018,2019,9,70,Austrian Grand Prix,2019-06-30,http://en.wikipedia.org/wiki/2019_Austrian_Grand_Prix,
1019,2019,10,9,British Grand Prix,2019-07-14,http://en.wikipedia.org/wiki/2019_British_Grand_Prix,
1020,2019,11,10,German Grand Prix,2019-07-28,http://en.wikipedia.org/wiki/2019_German_Grand_Prix,
1021,2019,12,11,Hungarian Grand Prix,2019-08-04,http://en.wikipedia.org/wiki/2019_Hungarian_Grand_Prix,
1022,2019,13,13,Belgian Grand Prix,2019-09-01,http://en.wikipedia.org/wiki/2019_Belgian_Grand_Prix,
1023,2019,14,14,Italian Grand Prix,2019-09-08,http://en.wikipedia.org/wiki/2019_Italian_Grand_Prix,
1024,2019,15,15,Singapore Grand Prix,2019-09-22,http://en.wikipedia.org/wiki/2019_Singapore_Grand_Prix,
1025,2019,16,71,Russian Grand Prix,2019-09-29,http://en.wikipedia.org/wiki/2019_Russian_Grand_Prix,
1026,2019,17,22,Japanese Grand Prix,2019-10-13,http://en.wikipedia.org/wiki/2019_Japanese_Grand_Prix,
1027,2019,18,32,Mexican Grand Prix,2019-10-27,http://en.wikipedia.org/wiki/2019_Mexican_Grand_Prix,
1028,2019,19,69,United States Grand Prix,2019-11-03,http://en.wikipedia.org/wiki/2019_United_States_Grand_Prix,
1029,2019,20,18,Brazilian Grand Prix,2019-11-17,http://en.wikipedia.org/wiki/2019_Brazilian_Grand_Prix,
1030,2019,21,24,Abu Dhabi Grand Prix,2019-12-01,http://en.wikipedia.org/wiki/2019_Abu_Dhabi_Grand_Prix,
1031,2020,1,70,Austrian Grand Prix,2020-07-05,http://en.wikipedia.org/wiki/2020_Austrian_Grand_Prix,
1032,2020,2,70,Styrian Grand Prix,2020-07-12,http://en.wikipedia.org/wiki/2020_Styrian_Grand_Prix,
1033,2020,3,11,Hungarian Grand Prix,2020-07-19,http://en.wikipedia.org/wiki/2020_Hungarian_Grand_Prix,
1034,2020,4,9,British Grand Prix,2020-08-02,http://en.wikipedia.org/wiki/2020_British_Grand_Prix,
1035,2020,5,9,70th Anniversary Grand Prix,2020-08-09,http://en.wikipedia.org/wiki/70th_Anniversary_Grand_Prix,
1036,2020,6,4,Spanish Grand Prix,2020-08-16,http://en.wikipedia.org/wiki/2020_Spanish_Grand_Prix,
1037,2020,7,13,Belgian Grand Prix,2020-08-30,http://en.wikipedia.org/wiki/2020_Belgian_Grand_Prix,
1038,2020,8,14,Italian Grand Prix,2020-09-06,http://en.wikipedia.org/wiki/2020_Italian_Grand_Prix,
1039,2020,9,76,Tuscan Grand Prix,2020-09-13,http://en.wikipedia.org/wiki/2020_Tuscan_Grand_Prix,
1040,2020,10,71,Russian Grand Prix,2020-09-27,http://en.wikipedia.org/wiki/2020_Russian_Grand_Prix,
1041,2020,11,20,Eifel Grand Prix,2020-10-11,http://en.wikipedia.org/wiki/2020_Eifel_Grand_Prix,
1042,2020,12,75,Portuguese Grand Prix,2020-10-25,http://en.wikipedia.org/wiki/2020_Portuguese_Grand_Prix,
1043,2020,13,21,Emilia Romagna Grand Prix,2020-11-01,http://en.wikipedia.org/wiki/2020_Emilia_Romagna_Grand_Prix,
1044,2020,14,5,Turkish Grand Prix,2020-11-15,http://en.wikipedia.org/wiki/2020_Turkish_Grand_Prix,
1045,2020,15,3,Bahrain Grand Prix,2020-11-29,http://en.wikipedia.org/wiki/2020_Bahrain_Grand_Prix,
1046,2020,16,3,Sakhir Grand Prix,2020-12-06,http://en.wikipedia.org/wiki/2020_Sakhir_Grand_Prix,
1047,2020,17,24,Abu Dhabi Grand Prix,2020-12-13,http://en.wikipedia.org/wiki/2020_Abu_Dhabi_Grand_Prix,
1053,2021,2,21,Emilia Romagna Grand Prix,2021-04-18,http://en.wikipedia.org/wiki/2021_Emilia_Romagna_Grand_Prix,
1074,2022,1,3,Bahrain Grand Prix,2022-03-20,http://en.wikipedia.org/wiki/2022_Bahrain_Grand_Prix,
1052,2021,1,3,Bahrain Grand Prix,2021-03-28,http://en.wikipedia.org/wiki/2021_Bahrain_Grand_Prix,
1051,2021,20,78,Qatar Grand Prix,2021-11-21,http://en.wikipedia.org/wiki/2021_Qatar_Grand_Prix,
1054,2021,3,75,Portuguese Grand Prix,2021-05-02,http://en.wikipedia.org/wiki/2021_Portuguese_Grand_Prix,
1055,2021,4,4,Spanish Grand Prix,2021-05-09,http://en.wikipedia.org/wiki/2021_Spanish_Grand_Prix,
1056,2021,5,6,Monaco Grand Prix,2021-05-23,http://en.wikipedia.org/wiki/2021_Monaco_Grand_Prix,
1057,2021,6,73,Azerbaijan Grand Prix,2021-06-06,http://en.wikipedia.org/wiki/2021_Azerbaijan_Grand_Prix,
1058,2021,8,70,Styrian Grand Prix,2021-06-27,http://en.wikipedia.org/wiki/2021_Styrian_Grand_Prix,
1059,2021,7,34,French Grand Prix,2021-06-20,http://en.wikipedia.org/wiki/2021_French_Grand_Prix,
1060,2021,9,70,Austrian Grand Prix,2021-07-04,http://en.wikipedia.org/wiki/2021_Austrian_Grand_Prix,
1061,2021,10,9,British Grand Prix,2021-07-18,http://en.wikipedia.org/wiki/2021_British_Grand_Prix,
1062,2021,11,11,Hungarian Grand Prix,2021-08-01,http://en.wikipedia.org/wiki/2021_Hungarian_Grand_Prix,
1063,2021,12,13,Belgian Grand Prix,2021-08-29,http://en.wikipedia.org/wiki/2021_Belgian_Grand_Prix,
1064,2021,13,39,Dutch Grand Prix,2021-09-05,http://en.wikipedia.org/wiki/2021_Dutch_Grand_Prix,
1065,2021,14,14,Italian Grand Prix,2021-09-12,http://en.wikipedia.org/wiki/2021_Italian_Grand_Prix,
1066,2021,15,71,Russian Grand Prix,2021-09-26,http://en.wikipedia.org/wiki/2021_Russian_Grand_Prix,
1067,2021,16,5,Turkish Grand Prix,2021-10-10,http://en.wikipedia.org/wiki/2021_Turkish_Grand_Prix,
1069,2021,17,69,United States Grand Prix,2021-10-24,http://en.wikipedia.org/wiki/2021_United_States_Grand_Prix,
1070,2021,18,32,Mexico City Grand Prix,2021-11-07,http://en.wikipedia.org/wiki/2021_Mexican_Grand_Prix,
1071,2021,19,18,São Paulo Grand Prix,2021-11-14,http://en.wikipedia.org/wiki/2021_S%C3%A3o_Paulo_Grand_Prix,
1072,2021,21,77,Saudi Arabian Grand Prix,2021-12-05,http://en.wikipedia.org/wiki/2021_Saudi_Arabian_Grand_Prix,
1073,2021,22,24,Abu Dhabi Grand Prix,2021-12-12,http://en.wikipedia.org/wiki/2021_Abu_Dhabi_Grand_Prix,
1075,2022,2,77,Saudi Arabian Grand Prix,2022-03-27,http://en.wikipedia.org/wiki/2022_Saudi_Arabian_Grand_Prix,
1076,2022,3,1,Australian Grand Prix,2022-04-10,http://en.wikipedia.org/wiki/2022_Australian_Grand_Prix,
1077,2022,4,21,Emilia Romagna Grand Prix,2022-04-24,http://en.wikipedia.org/wiki/2022_Emilia_Romagna_Grand_Prix,
1078,2022,5,79,Miami Grand Prix,2022-05-08,http://en.wikipedia.org/wiki/2022_Miami_Grand_Prix,
1079,2022,6,4,Spanish Grand Prix,2022-05-22,http://en.wikipedia.org/wiki/2022_Spanish_Grand_Prix,
1080,2022,7,6,Monaco Grand Prix,2022-05-29,http://en.wikipedia.org/wiki/2022_Monaco_Grand_Prix,
1081,2022,8,73,Azerbaijan Grand Prix,2022-06-12,http://en.wikipedia.org/wiki/2022_Azerbaijan_Grand_Prix,
1082,2022,9,7,Canadian Grand Prix,2022-06-19,http://en.wikipedia.org/wiki/2022_Canadian_Grand_Prix,
1083,2022,10,9,British Grand Prix,2022-07-03,http://en.wikipedia.org/wiki/2022_British_Grand_Prix,
1084,2022,11,70,Austrian Grand Prix,2022-07-10,http://en.wikipedia.org/wiki/2022_Austrian_Grand_Prix,
1085,2022,12,34,French Grand Prix,2022-07-24,http://en.wikipedia.org/wiki/2022_French_Grand_Prix,
1086,2022,13,11,Hungarian Grand Prix,2022-07-31,http://en.wikipedia.org/wiki/2022_Hungarian_Grand_Prix,
1087,2022,14,13,Belgian Grand Prix,2022-08-28,http://en.wikipedia.org/wiki/2022_Belgian_Grand_Prix,
1088,2022,15,39,Dutch Grand Prix,2022-09-04,http://en.wikipedia.org/wiki/2022_Dutch_Grand_Prix,
1089,2022,16,14,Italian Grand Prix,2022-09-11,http://en.wikipedia.org/wiki/2022_Italian_Grand_Prix,
1091,2022,17,15,Singapore Grand Prix,2022-10-02,http://en.wikipedia.org/wiki/2022_Singapore_Grand_Prix,
1092,2022,18,22,Japanese Grand Prix,2022-10-09,http://en.wikipedia.org/wiki/2022_Japanese_Grand_Prix,
1093,2022,19,69,United States Grand Prix,2022-10-23,http://en.wikipedia.org/wiki/2022_United_States_Grand_Prix,
1094,2022,20,32,Mexico City Grand Prix,2022-10-30,http://en.wikipedia.org/wiki/2022_Mexican_Grand_Prix,
1095,2022,21,18,São Paulo Grand Prix,2022-11-13,http://en.wikipedia.org/wiki/2022_Brazilian_Grand_Prix,
1096,2022,22,24,Abu Dhabi Grand Prix,2022-11-20,http://en.wikipedia.org/wiki/2022_Abu_Dhabi_Grand_Prix,
1098,2023,1,3,Bahrain Grand Prix,2023-03-05,https://en.wikipedia.org/wiki/2023_Bahrain_Grand_Prix,
1099,2023,2,77,Saudi Arabian Grand Prix,2023-03-19,https://en.wikipedia.org/wiki/2023_Saudi_Arabian_Grand_Prix,
1100,2023,3,1,Australian Grand Prix,2023-04-02,https://en.wikipedia.org/wiki/2023_Australian_Grand_Prix,
1101,2023,4,73,Azerbaijan Grand Prix,2023-04-30,https://en.wikipedia.org/wiki/2023_Azerbaijan_Grand_Prix,
1102,2023,5,79,Miami Grand Prix,2023-05-07,https://en.wikipedia.org/wiki/2023_Miami_Grand_Prix,
1104,2023,6,6,Monaco Grand Prix,2023-05-28,https://en.wikipedia.org/wiki/2023_Monaco_Grand_Prix,
1105,2023,7,4,Spanish Grand Prix,2023-06-04,https://en.wikipedia.org/wiki/2023_Spanish_Grand_Prix,
1106,2023,8,7,Canadian Grand Prix,2023-06-18,https://en.wikipedia.org/wiki/2023_Canadian_Grand_Prix,
1107,2023,9,70,Austrian Grand Prix,2023-07-02,https://en.wikipedia.org/wiki/2023_Austrian_Grand_Prix,
1108,2023,10,9,British Grand Prix,2023-07-09,https://en.wikipedia.org/wiki/2023_British_Grand_Prix,
1109,2023,11,11,Hungarian Grand Prix,2023-07-23,https://en.wikipedia.org/wiki/2023_Hungarian_Grand_Prix,
1110,2023,12,13,Belgian Grand Prix,2023-07-30,https://en.wikipedia.org/wiki/2023_Belgian_Grand_Prix,
1111,2023,13,39,Dutch Grand Prix,2023-08-27,https://en.wikipedia.org/wiki/2023_Dutch_Grand_Prix,
1112,2023,14,14,Italian Grand Prix,2023-09-03,https://en.wikipedia.org/wiki/2023_Italian_Grand_Prix,
1113,2023,15,15,Singapore Grand Prix,2023-09-17,https://en.wikipedia.org/wiki/2023_Singapore_Grand_Prix,
1114,2023,16,22,Japanese Grand Prix,2023-09-24,https://en.wikipedia.org/wiki/2023_Japanese_Grand_Prix,
1115,2023,17,78,Qatar Grand Prix,2023-10-08,https://en.wikipedia.org/wiki/2023_Qatar_Grand_Prix,
1116,2023,18,69,United States Grand Prix,2023-10-22,https://en.wikipedia.org/wiki/2023_United_States_Grand_Prix,
1117,2023,19,32,Mexico City Grand Prix,2023-10-29,https://en.wikipedia.org/wiki/2023_Mexico_City_Grand_Prix,
1118,2023,20,18,São Paulo Grand Prix,2023-11-05,https://en.wikipedia.org/wiki/2023_S%C3%A3o_Paulo_Grand_Prix,
1119,2023,21,80,Las Vegas Grand Prix,2023-11-19,https://en.wikipedia.org/wiki/2023_Las_Vegas_Grand_Prix,
1120,2023,22,24,Abu Dhabi Grand Prix,2023-11-26,https://en.wikipedia.org/wiki/2023_Abu_Dhabi_Grand_Prix,
1121,2024,1,3,Bahrain Grand Prix,2024-03-02,https://en.wikipedia.org/wiki/2024_Bahrain_Grand_Prix,
1122,2024,2,77,Saudi Arabian Grand Prix,2024-03-09,https://en.wikipedia.org/wiki/2024_Saudi_Arabian_Grand_Prix,
1123,2024,3,1,Australian Grand Prix,2024-03-24,https://en.wikipedia.org/wiki/2024_Australian_Grand_Prix,
1124,2024,4,22,Japanese Grand Prix,2024-04-07,https://en.wikipedia.org/wiki/2024_Japanese_Grand_Prix,
1125,2024,5,17,Chinese Grand Prix,2024-04-21,https://en.wikipedia.org/wiki/2024_Chinese_Grand_Prix,
1126,2024,6,79,Miami Grand Prix,2024-05-05,https://en.wikipedia.org/wiki/2024_Miami_Grand_Prix,
1127,2024,7,21,Emilia Romagna Grand Prix,2024-05-19,https://en.wikipedia.org/wiki/2024_Emilia_Romagna_Grand_Prix,
1128,2024,8,6,Monaco Grand Prix,2024-05-26,https://en.wikipedia.org/wiki/2024_Monaco_Grand_Prix,
1129,2024,9,7,Canadian Grand Prix,2024-06-09,https://en.wikipedia.org/wiki/2024_Canadian_Grand_Prix,
1130,2024,10,4,Spanish Grand Prix,2024-06-23,https://en.wikipedia.org/wiki/2024_Spanish_Grand_Prix,
1131,2024,11,70,Austrian Grand Prix,2024-06-30,https://en.wikipedia.org/wiki/2024_Austrian_Grand_Prix,
1132,2024,12,9,British Grand Prix,2024-07-07,https://en.wikipedia.org/wiki/2024_British_Grand_Prix,
1133,2024,13,11,Hungarian Grand Prix,2024-07-21,https://en.wikipedia.org/wiki/2024_Hungarian_Grand_Prix,
1134,2024,14,13,Belgian Grand Prix,2024-07-28,https://en.wikipedia.org/wiki/2024_Belgian_Grand_Prix,
1135,2024,15,39,Dutch Grand Prix,2024-08-25,https://en.wikipedia.org/wiki/2024_Dutch_Grand_Prix,
1136,2024,16,14,Italian Grand Prix,2024-09-01,https://en.wikipedia.org/wiki/2024_Italian_Grand_Prix,
1137,2024,17,73,Azerbaijan Grand Prix,2024-09-15,https://en.wikipedia.org/wiki/2024_Azerbaijan_Grand_Prix,
1138,2024,18,15,Singapore Grand Prix,2024-09-22,https://en.wikipedia.org/wiki/2024_Singapore_Grand_Prix,
1139,2024,19,69,United States Grand Prix,2024-10-20,https://en.wikipedia.org/wiki/2024_United_States_Grand_Prix,
1140,2024,20,32,Mexico City Grand Prix,2024-10-27,https://en.wikipedia.org/wiki/2024_Mexico_City_Grand_Prix,
1141,2024,21,18,São Paulo Grand Prix,2024-11-03,https://en.wikipedia.org/wiki/2024_S%C3%A3o_Paulo_Grand_Prix,
1142,2024,22,80,Las Vegas Grand Prix,2024-11-23,https://en.wikipedia.org/wiki/2024_Las_Vegas_Grand_Prix,
1143,2024,23,78,Qatar Grand Prix,2024-12-01,https://en.wikipedia.org/wiki/2024_Qatar_Grand_Prix,
1144,2024,24,24,Abu Dhabi Grand Prix,2024-12-08,https://en.wikipedia.org/wiki/2024_Abu_Dhabi_Grand_Prix,
